cod_id,round_trip,outcome,classification,n_atoms,file_bytes,parse_ms,roundtrip_ms,sg_original,sg_final,sg_declared,has_partial_occ,has_oxidation,has_refln_block,has_semicolon_text,has_split_site,crystal_system,max_length_dev_A,max_angle_dev_deg,volume_rel_dev,max_site_dev_A,notes,error_detail
2000152,A,PASS,inorganic,14,3203,0.0239,0.0779,1,1,,false,false,false,true,false,Triclinic,0.000e0,0.000e0,0.000e0,9.303e-16,,
2000152,B,PASS,inorganic,14,3203,0.0239,0.1576,1,1,,false,false,false,true,false,Triclinic,0.000e0,0.000e0,0.000e0,9.303e-16,,
2000202,A,PASS,organic_or_metalorganic,184,5983,0.2292,1.0423,2,2,2,false,false,false,true,false,Triclinic,0.000e0,0.000e0,0.000e0,3.785e-15,,
2000202,B,PASS,organic_or_metalorganic,184,5983,0.2292,1.9098,2,2,2,false,false,false,true,false,Triclinic,0.000e0,0.000e0,0.000e0,3.785e-15,,
2000867,A,PASS,organic_or_metalorganic,72,5223,0.0889,0.4305,1,1,,false,false,false,true,false,Triclinic,0.000e0,0.000e0,0.000e0,1.605e-15,,
2000867,B,PASS,organic_or_metalorganic,72,5223,0.0889,0.8435,1,1,,false,false,false,true,false,Triclinic,0.000e0,0.000e0,0.000e0,1.605e-15,,
2000903,A,PASS,organic_or_metalorganic,11,2973,0.0258,0.0836,1,1,,false,false,false,true,false,Triclinic,0.000e0,0.000e0,0.000e0,0.000e0,,
2000903,B,PASS,organic_or_metalorganic,11,2973,0.0258,0.1893,1,1,,false,false,false,true,false,Triclinic,0.000e0,0.000e0,0.000e0,0.000e0,,
2000908,A,PASS,organic_or_metalorganic,40,4439,0.1254,0.3841,1,1,,false,false,false,true,false,Triclinic,0.000e0,0.000e0,0.000e0,2.240e-15,,
2000908,B,PASS,organic_or_metalorganic,40,4439,0.1254,0.5056,1,1,,false,false,false,true,false,Triclinic,0.000e0,0.000e0,0.000e0,2.240e-15,,
2000912,A,PASS,organic_or_metalorganic,81,6458,0.1058,0.4501,1,1,,false,false,false,true,false,Triclinic,0.000e0,0.000e0,0.000e0,3.034e-15,,
2000912,B,PASS,organic_or_metalorganic,81,6458,0.1058,0.8107,1,1,,false,false,false,true,false,Triclinic,0.000e0,0.000e0,0.000e0,3.034e-15,,
2000944,A,PASS,inorganic,6,2372,0.0167,0.0431,1,1,,false,false,false,true,false,Triclinic,0.000e0,0.000e0,0.000e0,0.000e0,,
2000944,B,PASS,inorganic,6,2372,0.0167,0.0881,1,1,,false,false,false,true,false,Triclinic,0.000e0,0.000e0,0.000e0,0.000e0,,
2001126,A,PASS,organic_or_metalorganic,54,4409,0.0583,0.3129,4,4,4,false,false,false,true,false,Monoclinic,0.000e0,0.000e0,0.000e0,2.803e-15,,
2001126,B,PASS,organic_or_metalorganic,54,4409,0.0583,0.6484,4,4,4,false,false,false,true,false,Monoclinic,0.000e0,0.000e0,0.000e0,2.803e-15,,
2001135,A,PASS,organic_or_metalorganic,172,7451,0.1421,0.7541,14,14,14,false,false,true,true,false,Monoclinic,0.000e0,0.000e0,0.000e0,3.376e-15,,
2001135,B,PASS,organic_or_metalorganic,172,7451,0.1421,1.4483,14,14,14,false,false,true,true,false,Monoclinic,0.000e0,0.000e0,0.000e0,3.376e-15,,
2001147,A,PASS,organic_or_metalorganic,100,8716,0.0792,0.4303,2,2,2,false,false,true,true,false,Triclinic,0.000e0,0.000e0,0.000e0,2.833e-15,,
2001147,B,PASS,organic_or_metalorganic,100,8716,0.0792,0.8717,2,2,2,false,false,true,true,false,Triclinic,0.000e0,0.000e0,0.000e0,2.833e-15,,
2001212,A,PASS,organic_or_metalorganic,77,8003,0.1172,0.4377,1,1,,false,false,true,true,false,Triclinic,0.000e0,0.000e0,0.000e0,2.764e-15,,
2001212,B,PASS,organic_or_metalorganic,77,8003,0.1172,0.7100,1,1,,false,false,true,true,false,Triclinic,0.000e0,0.000e0,0.000e0,2.764e-15,,
2001214,A,PASS,organic_or_metalorganic,164,10265,0.1963,0.9137,1,1,,false,false,true,true,false,Triclinic,0.000e0,0.000e0,0.000e0,7.477e-15,,
2001214,B,PASS,organic_or_metalorganic,164,10265,0.1963,1.4045,1,1,,false,false,true,true,false,Triclinic,0.000e0,0.000e0,0.000e0,7.477e-15,,
2001259,A,PASS,organic_or_metalorganic,168,19029,0.3827,0.7916,4,4,4,true,false,true,true,false,Monoclinic,0.000e0,0.000e0,0.000e0,3.155e-15,,
2001259,B,LOSS_OCCUPANCY_EXPECTED,organic_or_metalorganic,168,19029,0.3827,1.4240,4,4,4,true,false,true,true,false,Monoclinic,0.000e0,0.000e0,0.000e0,3.155e-15,LOSS_OCCUPANCY_EXPECTED,
2001425,A,PASS,organic_or_metalorganic,54,8320,0.1131,0.3612,1,1,,false,false,false,true,false,Triclinic,0.000e0,0.000e0,0.000e0,6.618e-16,,
2001425,B,PASS,organic_or_metalorganic,54,8320,0.1131,0.7212,1,1,,false,false,false,true,false,Triclinic,0.000e0,0.000e0,0.000e0,6.618e-16,,
2001506,A,PASS,organic_or_metalorganic,104,10140,0.1235,0.6454,2,2,2,false,false,true,true,false,Triclinic,0.000e0,0.000e0,0.000e0,5.019e-15,,
2001506,B,PASS,organic_or_metalorganic,104,10140,0.1235,0.9282,2,2,2,false,false,true,true,false,Triclinic,0.000e0,0.000e0,0.000e0,5.019e-15,,
2001566,A,PASS,organic_or_metalorganic,36,4888,0.0764,0.1852,1,1,,false,false,false,true,false,Triclinic,0.000e0,0.000e0,0.000e0,2.693e-15,,
2001566,B,PASS,organic_or_metalorganic,36,4888,0.0764,0.4034,1,1,,false,false,false,true,false,Triclinic,0.000e0,0.000e0,0.000e0,2.693e-15,,
2001767,A,PASS,organic_or_metalorganic,84,3794,0.0845,0.5860,14,14,14,false,false,false,true,false,Monoclinic,0.000e0,0.000e0,0.000e0,3.006e-15,,
2001767,B,PASS,organic_or_metalorganic,84,3794,0.0845,0.7470,14,14,14,false,false,false,true,false,Monoclinic,0.000e0,0.000e0,0.000e0,3.006e-15,,
2001799,A,PASS,organic_or_metalorganic,29,4943,0.0694,0.2035,1,1,,false,false,false,true,false,Triclinic,0.000e0,0.000e0,0.000e0,7.729e-16,,
2001799,B,PASS,organic_or_metalorganic,29,4943,0.0694,0.4262,1,1,,false,false,false,true,false,Triclinic,0.000e0,0.000e0,0.000e0,7.729e-16,,
2001812,A,PASS,organic_or_metalorganic,240,9107,0.2461,1.2966,14,14,14,false,false,true,true,false,Monoclinic,0.000e0,0.000e0,0.000e0,3.435e-15,,
2001812,B,PASS,organic_or_metalorganic,240,9107,0.2461,2.0597,14,14,14,false,false,true,true,false,Monoclinic,0.000e0,0.000e0,0.000e0,3.435e-15,,
2001883,A,PASS,organic_or_metalorganic,82,5397,0.0744,0.3645,1,1,,false,false,false,true,false,Triclinic,0.000e0,0.000e0,0.000e0,3.371e-15,,
2001883,B,PASS,organic_or_metalorganic,82,5397,0.0744,0.7656,1,1,,false,false,false,true,false,Triclinic,0.000e0,0.000e0,0.000e0,3.371e-15,,
2002369,A,PASS,inorganic,46,2807,0.1022,0.2174,38,38,38,true,true,false,true,false,Orthorhombic,0.000e0,0.000e0,0.000e0,2.265e-15,,
2002369,B,LOSS_OCCUPANCY_EXPECTED,inorganic,46,2807,0.1022,0.4255,38,38,38,true,true,false,true,false,Orthorhombic,0.000e0,0.000e0,0.000e0,2.265e-15,LOSS_OCCUPANCY_EXPECTED; LOSS_OXIDATION_EXPECTED,
2002394,A,PASS,inorganic,18,2447,0.0633,0.1611,127,127,127,false,true,false,true,false,Tetragonal,0.000e0,0.000e0,0.000e0,7.300e-16,,
2002394,B,LOSS_OXIDATION_EXPECTED,inorganic,18,2447,0.0633,0.2309,127,127,127,false,true,false,true,false,Tetragonal,0.000e0,0.000e0,0.000e0,7.300e-16,LOSS_OXIDATION_EXPECTED,
2002563,A,PASS,inorganic,33,2672,0.1532,0.2155,221,221,221,true,true,false,true,false,Cubic,0.000e0,0.000e0,0.000e0,0.000e0,,
2002563,B,LOSS_OCCUPANCY_EXPECTED,inorganic,33,2672,0.1532,0.3320,221,221,221,true,true,false,true,false,Cubic,0.000e0,0.000e0,0.000e0,0.000e0,LOSS_OCCUPANCY_EXPECTED; LOSS_OXIDATION_EXPECTED,
2002722,A,PASS,inorganic,96,3835,0.0857,0.4955,15,15,15,false,true,false,true,false,Monoclinic,0.000e0,0.000e0,0.000e0,3.014e-15,,
2002722,B,LOSS_OXIDATION_EXPECTED,inorganic,96,3835,0.0857,0.9137,15,15,15,false,true,false,true,false,Monoclinic,0.000e0,0.000e0,0.000e0,3.014e-15,LOSS_OXIDATION_EXPECTED,
2002912,A,SYMMETRY_UNDETERMINED_BOTH,inorganic,72,11422,0.1150,0.3151,NA,NA,33,true,false,true,true,true,Undetermined,0.000e0,0.000e0,0.000e0,2.390e-15,SYMMETRY_UNDETERMINED_BOTH,
2002912,B,LOSS_OCCUPANCY_EXPECTED,inorganic,72,11422,0.1150,0.6558,NA,NA,33,true,false,true,true,true,Undetermined,0.000e0,0.000e0,0.000e0,2.390e-15,LOSS_OCCUPANCY_EXPECTED; SYMMETRY_UNDETERMINED_BOTH,
2002995,A,PASS,organic_or_metalorganic,140,10349,0.1841,0.6779,54,54,54,true,false,true,true,false,Orthorhombic,0.000e0,0.000e0,0.000e0,4.450e-15,,
2002995,B,LOSS_OCCUPANCY_EXPECTED,organic_or_metalorganic,140,10349,0.1841,1.3578,54,54,54,true,false,true,true,false,Orthorhombic,0.000e0,0.000e0,0.000e0,4.450e-15,LOSS_OCCUPANCY_EXPECTED,
2002996,A,PASS,organic_or_metalorganic,78,7269,0.1404,0.5139,137,137,137,false,false,true,true,false,Tetragonal,0.000e0,0.000e0,0.000e0,1.220e-15,,
2002996,B,PASS,organic_or_metalorganic,78,7269,0.1404,0.6992,137,137,137,false,false,true,true,false,Tetragonal,0.000e0,0.000e0,0.000e0,1.220e-15,,
2003057,A,PASS,organic_or_metalorganic,114,14979,0.1672,0.5027,2,2,2,false,false,true,true,false,Triclinic,0.000e0,0.000e0,0.000e0,3.483e-15,,
2003057,B,PASS,organic_or_metalorganic,114,14979,0.1672,0.9833,2,2,2,false,false,true,true,false,Triclinic,0.000e0,0.000e0,0.000e0,3.483e-15,,
2003094,A,PASS,organic_or_metalorganic,228,9191,0.2892,0.9748,167,167,167,false,false,true,true,false,Trigonal,0.000e0,0.000e0,0.000e0,9.446e-6,,
2003094,B,PASS,organic_or_metalorganic,228,9191,0.2892,1.9406,167,167,167,false,false,true,true,false,Trigonal,0.000e0,0.000e0,0.000e0,9.446e-6,,
2003114,A,PASS,inorganic,32,3040,0.0706,0.1906,14,14,14,false,false,false,true,false,Monoclinic,0.000e0,0.000e0,0.000e0,8.853e-16,,
2003114,B,PASS,inorganic,32,3040,0.0706,0.3040,14,14,14,false,false,false,true,false,Monoclinic,0.000e0,0.000e0,0.000e0,8.853e-16,,
2003215,A,PASS,organic_or_metalorganic,300,9779,0.4834,1.2537,113,113,113,true,false,true,true,false,Tetragonal,0.000e0,0.000e0,0.000e0,2.929e-15,,
2003215,B,LOSS_OCCUPANCY_EXPECTED,organic_or_metalorganic,300,9779,0.4834,2.5639,113,113,113,true,false,true,true,false,Tetragonal,0.000e0,0.000e0,0.000e0,2.929e-15,LOSS_OCCUPANCY_EXPECTED,
2003389,A,PASS,organic_or_metalorganic,124,12036,0.2747,0.6819,14,14,14,false,false,true,true,false,Monoclinic,0.000e0,0.000e0,0.000e0,5.463e-15,,
2003389,B,PASS,organic_or_metalorganic,124,12036,0.2747,1.3268,14,14,14,false,false,true,true,false,Monoclinic,0.000e0,0.000e0,0.000e0,5.463e-15,,
2003713,A,PASS,organic_or_metalorganic,560,22747,0.6670,2.4465,61,61,61,false,false,true,true,false,Orthorhombic,0.000e0,0.000e0,0.000e0,5.661e-15,,
2003713,B,PASS,organic_or_metalorganic,560,22747,0.6670,4.7127,61,61,61,false,false,true,true,false,Orthorhombic,0.000e0,0.000e0,0.000e0,5.661e-15,,
2003746,A,PASS,organic_or_metalorganic,2184,19826,4.0278,10.6566,15,15,15,false,false,true,true,false,Monoclinic,0.000e0,0.000e0,0.000e0,2.103e-14,,
2003746,B,PASS,organic_or_metalorganic,2184,19826,4.0278,19.4818,15,15,15,false,false,true,true,false,Monoclinic,0.000e0,0.000e0,0.000e0,2.103e-14,,
2003870,A,PASS,organic_or_metalorganic,224,17421,0.6018,1.2249,19,19,19,false,false,true,true,false,Orthorhombic,0.000e0,0.000e0,0.000e0,6.613e-15,,
2003870,B,PASS,organic_or_metalorganic,224,17421,0.6018,2.4046,19,19,19,false,false,true,true,false,Orthorhombic,0.000e0,0.000e0,0.000e0,6.613e-15,,
2003894,A,PASS,organic_or_metalorganic,206,23994,1.0355,0.9155,2,2,2,true,false,true,true,false,Triclinic,0.000e0,0.000e0,0.000e0,5.372e-15,,
2003894,B,LOSS_OCCUPANCY_EXPECTED,organic_or_metalorganic,206,23994,1.0355,1.7360,2,2,2,true,false,true,true,false,Triclinic,0.000e0,0.000e0,0.000e0,5.372e-15,LOSS_OCCUPANCY_EXPECTED,
2003896,A,PASS,organic_or_metalorganic,53,5875,0.1165,0.3732,2,2,2,false,false,true,true,false,Triclinic,0.000e0,0.000e0,0.000e0,1.870e-15,,
2003896,B,PASS,organic_or_metalorganic,53,5875,0.1165,0.6285,2,2,2,false,false,true,true,false,Triclinic,0.000e0,0.000e0,0.000e0,1.870e-15,,
2003900,A,PASS,organic_or_metalorganic,240,6911,0.3377,1.2672,15,15,15,false,false,true,true,false,Monoclinic,0.000e0,0.000e0,0.000e0,6.144e-15,,
2003900,B,PASS,organic_or_metalorganic,240,6911,0.3377,2.0134,15,15,15,false,false,true,true,false,Monoclinic,0.000e0,0.000e0,0.000e0,6.144e-15,,
2003967,A,PASS,organic_or_metalorganic,184,11350,0.2207,0.7807,15,15,15,false,false,true,true,false,Monoclinic,0.000e0,0.000e0,0.000e0,4.601e-15,,
2003967,B,PASS,organic_or_metalorganic,184,11350,0.2207,1.5554,15,15,15,false,false,true,true,false,Monoclinic,0.000e0,0.000e0,0.000e0,4.601e-15,,
2004090,A,PASS,organic_or_metalorganic,228,7738,0.1982,1.0442,148,148,148,false,false,true,true,false,Trigonal,0.000e0,0.000e0,0.000e0,9.408e-6,,
2004090,B,PASS,organic_or_metalorganic,228,7738,0.1982,1.9309,148,148,148,false,false,true,true,false,Trigonal,0.000e0,0.000e0,0.000e0,9.408e-6,,
2004121,A,PASS,organic_or_metalorganic,178,21479,0.3506,0.7520,2,2,2,true,false,true,true,false,Triclinic,0.000e0,0.000e0,0.000e0,3.754e-15,,
2004121,B,LOSS_OCCUPANCY_EXPECTED,organic_or_metalorganic,178,21479,0.3506,1.6310,2,2,2,true,false,true,true,false,Triclinic,0.000e0,0.000e0,0.000e0,3.754e-15,LOSS_OCCUPANCY_EXPECTED,
2004162,A,PASS,organic_or_metalorganic,840,12516,1.0177,3.9753,2,2,148,false,false,true,true,false,Triclinic,0.000e0,0.000e0,0.000e0,1.551e-5,,
2004162,B,PASS,organic_or_metalorganic,840,12516,1.0177,7.3409,2,2,148,false,false,true,true,false,Triclinic,0.000e0,0.000e0,0.000e0,1.551e-5,,
2004175,A,PASS,inorganic,15,6359,0.0377,0.0799,2,2,2,false,false,true,true,false,Triclinic,0.000e0,0.000e0,0.000e0,4.790e-16,,
2004175,B,PASS,inorganic,15,6359,0.0377,0.1652,2,2,2,false,false,true,true,false,Triclinic,0.000e0,0.000e0,0.000e0,4.790e-16,,
2004205,A,PASS,organic_or_metalorganic,110,9430,0.2178,0.6114,4,4,4,false,false,true,true,false,Monoclinic,0.000e0,0.000e0,0.000e0,2.716e-15,,
2004205,B,PASS,organic_or_metalorganic,110,9430,0.2178,1.2443,4,4,4,false,false,true,true,false,Monoclinic,0.000e0,0.000e0,0.000e0,2.716e-15,,
2004303,A,PASS,organic_or_metalorganic,240,18263,0.2663,1.1044,19,19,19,false,false,true,true,false,Orthorhombic,0.000e0,0.000e0,0.000e0,4.003e-15,,
2004303,B,PASS,organic_or_metalorganic,240,18263,0.2663,2.0568,19,19,19,false,false,true,true,false,Orthorhombic,0.000e0,0.000e0,0.000e0,4.003e-15,,
2004346,A,PASS,organic_or_metalorganic,112,7147,0.0758,0.6571,14,14,14,false,false,true,true,false,Monoclinic,0.000e0,0.000e0,0.000e0,2.837e-15,,
2004346,B,PASS,organic_or_metalorganic,112,7147,0.0758,0.9886,14,14,14,false,false,true,true,false,Monoclinic,0.000e0,0.000e0,0.000e0,2.837e-15,,
2004454,A,PASS,organic_or_metalorganic,154,17559,0.2910,0.9343,2,2,2,false,false,true,true,false,Triclinic,0.000e0,0.000e0,0.000e0,4.182e-15,,
2004454,B,PASS,organic_or_metalorganic,154,17559,0.2910,1.5921,2,2,2,false,false,true,true,false,Triclinic,0.000e0,0.000e0,0.000e0,4.182e-15,,
2004457,A,PASS,organic_or_metalorganic,180,10324,0.3185,1.2312,96,96,96,false,false,true,true,false,Tetragonal,0.000e0,0.000e0,0.000e0,5.180e-15,,
2004457,B,PASS,organic_or_metalorganic,180,10324,0.3185,1.8156,96,96,96,false,false,true,true,false,Tetragonal,0.000e0,0.000e0,0.000e0,5.180e-15,,
2004469,A,PASS,organic_or_metalorganic,104,7869,0.1290,0.7395,14,14,14,false,false,true,true,false,Monoclinic,0.000e0,0.000e0,0.000e0,2.933e-15,,
2004469,B,PASS,organic_or_metalorganic,104,7869,0.1290,1.3695,14,14,14,false,false,true,true,false,Monoclinic,0.000e0,0.000e0,0.000e0,2.933e-15,,
2004540,A,PASS,organic_or_metalorganic,300,10613,0.2727,1.5153,14,14,14,false,false,true,true,false,Monoclinic,0.000e0,0.000e0,0.000e0,5.075e-15,,
2004540,B,PASS,organic_or_metalorganic,300,10613,0.2727,2.5049,14,14,14,false,false,true,true,false,Monoclinic,0.000e0,0.000e0,0.000e0,5.075e-15,,
2004575,A,PASS,organic_or_metalorganic,300,26516,0.3697,1.2765,2,2,2,true,false,true,true,false,Triclinic,0.000e0,0.000e0,0.000e0,1.191e-14,,
2004575,B,LOSS_OCCUPANCY_EXPECTED,organic_or_metalorganic,300,26516,0.3697,2.5092,2,2,2,true,false,true,true,false,Triclinic,0.000e0,0.000e0,0.000e0,1.191e-14,LOSS_OCCUPANCY_EXPECTED,
2004660,A,PASS,organic_or_metalorganic,216,9583,0.2854,1.1779,61,61,61,false,false,true,true,false,Orthorhombic,0.000e0,0.000e0,0.000e0,3.238e-15,,
2004660,B,PASS,organic_or_metalorganic,216,9583,0.2854,2.3253,61,61,61,false,false,true,true,false,Orthorhombic,0.000e0,0.000e0,0.000e0,3.238e-15,,
2004746,A,PASS,organic_or_metalorganic,66,17495,0.1613,0.2979,1,1,,false,false,true,true,false,Triclinic,0.000e0,0.000e0,0.000e0,5.176e-16,,
2004746,B,PASS,organic_or_metalorganic,66,17495,0.1613,0.5947,1,1,,false,false,true,true,false,Triclinic,0.000e0,0.000e0,0.000e0,5.176e-16,,
2004761,A,PASS,organic_or_metalorganic,136,12578,0.1713,0.7494,14,14,14,false,false,true,true,false,Monoclinic,0.000e0,0.000e0,0.000e0,4.267e-15,,
2004761,B,PASS,organic_or_metalorganic,136,12578,0.1713,1.4523,14,14,14,false,false,true,true,false,Monoclinic,0.000e0,0.000e0,0.000e0,4.267e-15,,
2004810,A,PASS,organic_or_metalorganic,43,7424,0.0777,0.2504,1,1,1,false,false,true,true,false,Triclinic,0.000e0,0.000e0,0.000e0,1.501e-15,,
2004810,B,PASS,organic_or_metalorganic,43,7424,0.0777,0.5005,1,1,1,false,false,true,true,false,Triclinic,0.000e0,0.000e0,0.000e0,1.501e-15,,
2004821,A,PASS,organic_or_metalorganic,228,15676,0.3125,1.0254,14,14,14,true,false,true,true,true,Monoclinic,0.000e0,0.000e0,0.000e0,4.130e-15,,
2004821,B,LOSS_OCCUPANCY_EXPECTED,organic_or_metalorganic,228,15676,0.3125,2.5119,14,14,14,true,false,true,true,true,Monoclinic,0.000e0,0.000e0,0.000e0,4.130e-15,LOSS_OCCUPANCY_EXPECTED,
2005033,A,PASS,organic_or_metalorganic,114,13808,0.3175,0.6285,2,2,2,false,false,true,true,false,Triclinic,0.000e0,0.000e0,0.000e0,4.078e-15,,
2005033,B,PASS,organic_or_metalorganic,114,13808,0.3175,1.1871,2,2,2,false,false,true,true,false,Triclinic,0.000e0,0.000e0,0.000e0,4.078e-15,,
2005048,A,PASS,organic_or_metalorganic,98,5896,0.0886,0.5514,14,14,14,false,false,true,true,false,Monoclinic,0.000e0,0.000e0,0.000e0,2.318e-15,,
2005048,B,PASS,organic_or_metalorganic,98,5896,0.0886,1.0857,14,14,14,false,false,true,true,false,Monoclinic,0.000e0,0.000e0,0.000e0,2.318e-15,,
2005308,A,PASS,organic_or_metalorganic,124,10173,0.1378,0.6960,19,19,19,false,false,true,true,false,Orthorhombic,0.000e0,0.000e0,0.000e0,3.479e-15,,
2005308,B,PASS,organic_or_metalorganic,124,10173,0.1378,1.1036,19,19,19,false,false,true,true,false,Orthorhombic,0.000e0,0.000e0,0.000e0,3.479e-15,,
2005389,A,PASS,organic_or_metalorganic,78,13153,0.1400,0.4451,2,2,2,true,false,true,true,false,Triclinic,0.000e0,0.000e0,0.000e0,2.498e-15,,
2005389,B,LOSS_OCCUPANCY_EXPECTED,organic_or_metalorganic,78,13153,0.1400,0.9281,2,2,2,true,false,true,true,false,Triclinic,0.000e0,0.000e0,0.000e0,2.498e-15,LOSS_OCCUPANCY_EXPECTED,
2005467,A,PASS,organic_or_metalorganic,300,14597,0.2895,1.6478,19,19,19,false,false,true,true,false,Orthorhombic,0.000e0,0.000e0,0.000e0,4.878e-15,,
2005467,B,PASS,organic_or_metalorganic,300,14597,0.2895,2.5311,19,19,19,false,false,true,true,false,Orthorhombic,0.000e0,0.000e0,0.000e0,4.878e-15,,
2005854,A,SYMMETRY_UNDETERMINED_BOTH,inorganic,92,11710,0.2743,0.3979,NA,NA,33,true,false,true,true,true,Undetermined,0.000e0,0.000e0,0.000e0,3.841e-15,SYMMETRY_UNDETERMINED_BOTH,
2005854,B,LOSS_OCCUPANCY_EXPECTED,inorganic,92,11710,0.2743,0.8167,NA,NA,33,true,false,true,true,true,Undetermined,0.000e0,0.000e0,0.000e0,3.841e-15,LOSS_OCCUPANCY_EXPECTED; SYMMETRY_UNDETERMINED_BOTH,
2006048,A,PASS,inorganic,92,8564,0.1226,0.4024,130,130,130,false,false,true,true,false,Tetragonal,0.000e0,0.000e0,0.000e0,2.408e-15,,
2006048,B,PASS,inorganic,92,8564,0.1226,0.8160,130,130,130,false,false,true,true,false,Tetragonal,0.000e0,0.000e0,0.000e0,2.408e-15,,
2006184,A,PASS,organic_or_metalorganic,128,11587,0.1573,0.7124,14,14,14,false,false,true,true,false,Monoclinic,0.000e0,0.000e0,0.000e0,3.777e-15,,
2006184,B,PASS,organic_or_metalorganic,128,11587,0.1573,1.0876,14,14,14,false,false,true,true,false,Monoclinic,0.000e0,0.000e0,0.000e0,3.777e-15,,
2006201,A,PASS,organic_or_metalorganic,120,12306,0.1799,0.6588,14,14,14,false,false,true,true,false,Monoclinic,0.000e0,0.000e0,0.000e0,3.523e-15,,
2006201,B,PASS,organic_or_metalorganic,120,12306,0.1799,1.3265,14,14,14,false,false,true,true,false,Monoclinic,0.000e0,0.000e0,0.000e0,3.523e-15,,
2006420,A,PASS,organic_or_metalorganic,22,7969,0.0624,0.1209,1,1,,false,false,true,true,false,Triclinic,0.000e0,0.000e0,0.000e0,3.227e-15,,
2006420,B,PASS,organic_or_metalorganic,22,7969,0.0624,0.2542,1,1,,false,false,true,true,false,Triclinic,0.000e0,0.000e0,0.000e0,3.227e-15,,
2006430,A,PASS,organic_or_metalorganic,294,20114,0.4336,1.2395,5,5,5,true,false,true,true,false,Monoclinic,0.000e0,0.000e0,0.000e0,3.499e-15,,
2006430,B,LOSS_OCCUPANCY_EXPECTED,organic_or_metalorganic,294,20114,0.4336,2.4521,5,5,5,true,false,true,true,false,Monoclinic,0.000e0,0.000e0,0.000e0,3.499e-15,LOSS_OCCUPANCY_EXPECTED,
2006446,A,PASS,organic_or_metalorganic,136,17219,0.2428,0.5891,2,2,2,false,false,true,true,false,Triclinic,0.000e0,0.000e0,0.000e0,3.087e-15,,
2006446,B,PASS,organic_or_metalorganic,136,17219,0.2428,1.1612,2,2,2,false,false,true,true,false,Triclinic,0.000e0,0.000e0,0.000e0,3.087e-15,,
2006468,A,PASS,inorganic,64,10350,0.1829,0.2907,33,33,33,false,true,true,true,false,Orthorhombic,0.000e0,0.000e0,0.000e0,2.842e-15,,
2006468,B,LOSS_OXIDATION_EXPECTED,inorganic,64,10350,0.1829,0.5647,33,33,33,false,true,true,true,false,Orthorhombic,0.000e0,0.000e0,0.000e0,2.842e-15,LOSS_OXIDATION_EXPECTED,
2006507,A,PASS,organic_or_metalorganic,96,16759,0.2425,0.5661,2,2,2,true,false,true,true,false,Triclinic,0.000e0,0.000e0,0.000e0,2.328e-15,,
2006507,B,LOSS_OCCUPANCY_EXPECTED,organic_or_metalorganic,96,16759,0.2425,0.8487,2,2,2,true,false,true,true,false,Triclinic,0.000e0,0.000e0,0.000e0,2.328e-15,LOSS_OCCUPANCY_EXPECTED,
2006514,A,PASS,organic_or_metalorganic,28,7961,0.0682,0.1322,14,14,14,false,false,true,true,false,Monoclinic,0.000e0,0.000e0,0.000e0,2.126e-15,,
2006514,B,PASS,organic_or_metalorganic,28,7961,0.0682,0.2728,14,14,14,false,false,true,true,false,Monoclinic,0.000e0,0.000e0,0.000e0,2.126e-15,,
2006753,A,PASS,organic_or_metalorganic,312,25729,0.4876,1.7131,14,14,14,true,false,true,true,false,Monoclinic,0.000e0,0.000e0,0.000e0,5.008e-15,,
2006753,B,LOSS_OCCUPANCY_EXPECTED,organic_or_metalorganic,312,25729,0.4876,2.9702,14,14,14,true,false,true,true,false,Monoclinic,0.000e0,0.000e0,0.000e0,5.008e-15,LOSS_OCCUPANCY_EXPECTED,
2006985,A,PASS,organic_or_metalorganic,124,5716,0.1224,0.6847,29,29,29,false,false,false,true,false,Orthorhombic,0.000e0,0.000e0,0.000e0,4.018e-15,,
2006985,B,PASS,organic_or_metalorganic,124,5716,0.1224,1.3509,29,29,29,false,false,false,true,false,Orthorhombic,0.000e0,0.000e0,0.000e0,4.018e-15,,
2007242,A,PASS,organic_or_metalorganic,92,9594,0.1283,0.5176,19,19,19,false,false,true,true,false,Orthorhombic,0.000e0,0.000e0,0.000e0,2.583e-15,,
2007242,B,PASS,organic_or_metalorganic,92,9594,0.1283,1.0323,19,19,19,false,false,true,true,false,Orthorhombic,0.000e0,0.000e0,0.000e0,2.583e-15,,
2007257,A,PASS,organic_or_metalorganic,47,9585,0.0974,0.2681,1,1,,false,false,true,true,false,Triclinic,0.000e0,0.000e0,0.000e0,1.490e-15,,
2007257,B,PASS,organic_or_metalorganic,47,9585,0.0974,0.9451,1,1,,false,false,true,true,false,Triclinic,0.000e0,0.000e0,0.000e0,1.490e-15,,
2007399,A,PASS,organic_or_metalorganic,82,15148,0.2237,0.3572,2,2,2,false,false,true,true,false,Triclinic,0.000e0,0.000e0,0.000e0,3.038e-15,,
2007399,B,PASS,organic_or_metalorganic,82,15148,0.2237,0.7133,2,2,2,false,false,true,true,false,Triclinic,0.000e0,0.000e0,0.000e0,3.038e-15,,
2007572,A,PASS,organic_or_metalorganic,152,12309,0.1950,0.8310,14,14,14,false,false,true,true,false,Monoclinic,0.000e0,0.000e0,0.000e0,3.575e-15,,
2007572,B,PASS,organic_or_metalorganic,152,12309,0.1950,1.5757,14,14,14,false,false,true,true,false,Monoclinic,0.000e0,0.000e0,0.000e0,3.575e-15,,
2007691,A,PASS,organic_or_metalorganic,208,20424,0.2870,1.1628,2,2,2,false,false,true,true,false,Triclinic,0.000e0,0.000e0,0.000e0,5.318e-15,,
2007691,B,PASS,organic_or_metalorganic,208,20424,0.2870,2.1960,2,2,2,false,false,true,true,false,Triclinic,0.000e0,0.000e0,0.000e0,5.318e-15,,
2007941,A,PASS,organic_or_metalorganic,228,19526,0.5571,1.0043,14,14,14,false,false,true,true,false,Monoclinic,0.000e0,0.000e0,0.000e0,4.280e-15,,
2007941,B,PASS,organic_or_metalorganic,228,19526,0.5571,2.0187,14,14,14,false,false,true,true,false,Monoclinic,0.000e0,0.000e0,0.000e0,4.280e-15,,
2008048,A,PASS,organic_or_metalorganic,432,14131,0.4135,1.8979,15,15,15,false,false,true,true,false,Monoclinic,0.000e0,0.000e0,0.000e0,6.759e-15,,
2008048,B,PASS,organic_or_metalorganic,432,14131,0.4135,3.6041,15,15,15,false,false,true,true,false,Monoclinic,0.000e0,0.000e0,0.000e0,6.759e-15,,
2008182,A,SYMMETRY_UNDETERMINED_BOTH,organic_or_metalorganic,74,13003,0.1255,0.3326,NA,NA,2,true,false,true,true,true,Undetermined,0.000e0,0.000e0,0.000e0,2.296e-15,SYMMETRY_UNDETERMINED_BOTH,
2008182,B,LOSS_OCCUPANCY_EXPECTED,organic_or_metalorganic,74,13003,0.1255,0.6662,NA,NA,2,true,false,true,true,true,Undetermined,0.000e0,0.000e0,0.000e0,2.296e-15,LOSS_OCCUPANCY_EXPECTED; SYMMETRY_UNDETERMINED_BOTH,
2008244,A,PASS,organic_or_metalorganic,232,19011,0.3292,0.9851,14,14,14,false,false,true,true,false,Monoclinic,0.000e0,0.000e0,0.000e0,3.052e-15,,
2008244,B,PASS,organic_or_metalorganic,232,19011,0.3292,1.9344,14,14,14,false,false,true,true,false,Monoclinic,0.000e0,0.000e0,0.000e0,3.052e-15,,
2008826,A,PASS,organic_or_metalorganic,172,9782,0.3054,0.7066,15,15,15,false,false,true,true,false,Monoclinic,0.000e0,0.000e0,0.000e0,4.991e-15,,
2008826,B,PASS,organic_or_metalorganic,172,9782,0.3054,1.4483,15,15,15,false,false,true,true,false,Monoclinic,0.000e0,0.000e0,0.000e0,4.991e-15,,
2008865,A,PASS,organic_or_metalorganic,224,15685,0.4304,0.9489,14,14,14,false,false,true,true,false,Monoclinic,0.000e0,0.000e0,0.000e0,5.224e-15,,
2008865,B,PASS,organic_or_metalorganic,224,15685,0.4304,1.8890,14,14,14,false,false,true,true,false,Monoclinic,0.000e0,0.000e0,0.000e0,5.224e-15,,
2009036,A,PASS,organic_or_metalorganic,73,13757,0.1180,0.3029,2,2,2,false,false,true,true,false,Triclinic,0.000e0,0.000e0,0.000e0,2.269e-15,,
2009036,B,PASS,organic_or_metalorganic,73,13757,0.1180,0.6147,2,2,2,false,false,true,true,false,Triclinic,0.000e0,0.000e0,0.000e0,2.269e-15,,
2009065,A,PASS,organic_or_metalorganic,160,12143,0.2924,0.7327,14,14,14,false,false,true,true,false,Monoclinic,0.000e0,0.000e0,0.000e0,2.553e-15,,
2009065,B,PASS,organic_or_metalorganic,160,12143,0.2924,1.7844,14,14,14,false,false,true,true,false,Monoclinic,0.000e0,0.000e0,0.000e0,2.553e-15,,
2009126,A,PASS,organic_or_metalorganic,288,11752,0.2692,1.2473,61,61,61,false,false,true,true,false,Orthorhombic,0.000e0,0.000e0,0.000e0,6.043e-15,,
2009126,B,PASS,organic_or_metalorganic,288,11752,0.2692,2.4026,61,61,61,false,false,true,true,false,Orthorhombic,0.000e0,0.000e0,0.000e0,6.043e-15,,
2009226,A,PASS,inorganic,56,9527,0.5883,0.2529,141,141,227,false,false,true,true,false,Tetragonal,0.000e0,0.000e0,0.000e0,1.902e-15,,
2009226,B,PASS,inorganic,56,9527,0.5883,0.5079,141,141,227,false,false,true,true,false,Tetragonal,0.000e0,0.000e0,0.000e0,1.902e-15,,
2009410,A,PASS,organic_or_metalorganic,432,9310,0.3337,1.8371,61,61,61,false,false,true,true,false,Orthorhombic,0.000e0,0.000e0,0.000e0,4.984e-15,,
2009410,B,PASS,organic_or_metalorganic,432,9310,0.3337,3.6409,61,61,61,false,false,true,true,false,Orthorhombic,0.000e0,0.000e0,0.000e0,4.984e-15,,
2009451,A,PASS,organic_or_metalorganic,26,5045,0.0896,0.2631,1,1,,false,false,true,true,false,Triclinic,0.000e0,0.000e0,0.000e0,2.597e-15,,
2009451,B,PASS,organic_or_metalorganic,26,5045,0.0896,0.6139,1,1,,false,false,true,true,false,Triclinic,0.000e0,0.000e0,0.000e0,2.597e-15,,
2009455,A,PASS,organic_or_metalorganic,51,9418,0.0995,0.2938,1,1,,false,false,true,true,false,Triclinic,0.000e0,0.000e0,0.000e0,1.446e-15,,
2009455,B,PASS,organic_or_metalorganic,51,9418,0.0995,0.5818,1,1,,false,false,true,true,false,Triclinic,0.000e0,0.000e0,0.000e0,1.446e-15,,
2009558,A,PASS,organic_or_metalorganic,176,11483,0.3158,0.7463,4,4,4,false,false,true,true,false,Monoclinic,0.000e0,0.000e0,0.000e0,3.792e-15,,
2009558,B,PASS,organic_or_metalorganic,176,11483,0.3158,1.4876,4,4,4,false,false,true,true,false,Monoclinic,0.000e0,0.000e0,0.000e0,3.792e-15,,
2009633,A,PASS,organic_or_metalorganic,160,13182,0.3625,0.7019,33,33,33,false,false,true,true,false,Orthorhombic,0.000e0,0.000e0,0.000e0,2.786e-15,,
2009633,B,PASS,organic_or_metalorganic,160,13182,0.3625,1.3808,33,33,33,false,false,true,true,false,Orthorhombic,0.000e0,0.000e0,0.000e0,2.786e-15,,
2009721,A,PASS,organic_or_metalorganic,53,7846,0.0853,0.3024,1,1,,false,false,true,true,false,Triclinic,0.000e0,0.000e0,0.000e0,4.219e-15,,
2009721,B,PASS,organic_or_metalorganic,53,7846,0.0853,0.6983,1,1,,false,false,true,true,false,Triclinic,0.000e0,0.000e0,0.000e0,4.219e-15,,
2009758,A,PASS,organic_or_metalorganic,344,9138,0.2679,1.8766,61,61,61,false,false,true,true,false,Orthorhombic,0.000e0,0.000e0,0.000e0,3.161e-15,,
2009758,B,PASS,organic_or_metalorganic,344,9138,0.2679,3.0048,61,61,61,false,false,true,true,false,Orthorhombic,0.000e0,0.000e0,0.000e0,3.161e-15,,
2009770,A,PASS,organic_or_metalorganic,108,9553,0.1238,0.5919,2,2,2,false,false,true,true,false,Triclinic,0.000e0,0.000e0,0.000e0,4.368e-15,,
2009770,B,PASS,organic_or_metalorganic,108,9553,0.1238,1.8665,2,2,2,false,false,true,true,false,Triclinic,0.000e0,0.000e0,0.000e0,4.368e-15,,
2009948,A,PASS,organic_or_metalorganic,156,7519,0.1263,0.8550,14,14,14,false,false,true,true,false,Monoclinic,0.000e0,0.000e0,0.000e0,4.103e-15,,
2009948,B,PASS,organic_or_metalorganic,156,7519,0.1263,2.1430,14,14,14,false,false,true,true,false,Monoclinic,0.000e0,0.000e0,0.000e0,4.103e-15,,
2010167,A,PASS,organic_or_metalorganic,200,14064,0.3547,0.8483,29,29,29,false,false,true,true,false,Orthorhombic,0.000e0,0.000e0,0.000e0,4.634e-15,,
2010167,B,PASS,organic_or_metalorganic,200,14064,0.3547,1.6713,29,29,29,false,false,true,true,false,Orthorhombic,0.000e0,0.000e0,0.000e0,4.634e-15,,
2010434,A,PASS,organic_or_metalorganic,212,8185,0.1631,0.8915,14,14,14,true,false,true,true,false,Monoclinic,0.000e0,0.000e0,0.000e0,2.930e-15,,
2010434,B,LOSS_OCCUPANCY_EXPECTED,organic_or_metalorganic,212,8185,0.1631,1.7840,14,14,14,true,false,true,true,false,Monoclinic,0.000e0,0.000e0,0.000e0,2.930e-15,LOSS_OCCUPANCY_EXPECTED,
2010554,A,PASS,organic_or_metalorganic,128,18605,0.2240,0.6917,2,2,2,true,false,true,true,false,Triclinic,0.000e0,0.000e0,0.000e0,2.993e-15,,
2010554,B,LOSS_OCCUPANCY_EXPECTED,organic_or_metalorganic,128,18605,0.2240,1.4046,2,2,2,true,false,true,true,false,Triclinic,0.000e0,0.000e0,0.000e0,2.993e-15,LOSS_OCCUPANCY_EXPECTED,
2010644,A,PASS,organic_or_metalorganic,116,12618,0.1664,0.6570,14,14,14,false,false,true,true,false,Monoclinic,0.000e0,0.000e0,0.000e0,3.351e-15,,
2010644,B,PASS,organic_or_metalorganic,116,12618,0.1664,1.3854,14,14,14,false,false,true,true,false,Monoclinic,0.000e0,0.000e0,0.000e0,3.351e-15,,
2010689,A,PASS,organic_or_metalorganic,152,20824,0.5013,0.8409,2,2,2,false,false,true,true,false,Triclinic,0.000e0,0.000e0,0.000e0,3.078e-15,,
2010689,B,PASS,organic_or_metalorganic,152,20824,0.5013,1.6932,2,2,2,false,false,true,true,false,Triclinic,0.000e0,0.000e0,0.000e0,3.078e-15,,
2011049,A,PASS,organic_or_metalorganic,192,15518,0.2747,0.8199,14,14,14,false,false,true,true,false,Monoclinic,0.000e0,0.000e0,0.000e0,4.182e-15,,
2011049,B,PASS,organic_or_metalorganic,192,15518,0.2747,1.6110,14,14,14,false,false,true,true,false,Monoclinic,0.000e0,0.000e0,0.000e0,4.182e-15,,
2011090,A,PASS,organic_or_metalorganic,110,11974,0.1487,0.6240,2,2,2,false,false,true,true,false,Triclinic,0.000e0,0.000e0,0.000e0,3.500e-15,,
2011090,B,PASS,organic_or_metalorganic,110,11974,0.1487,0.9538,2,2,2,false,false,true,true,false,Triclinic,0.000e0,0.000e0,0.000e0,3.500e-15,,
2011113,A,PASS,organic_or_metalorganic,96,11679,0.2923,0.5915,2,2,2,false,false,true,true,false,Triclinic,0.000e0,0.000e0,0.000e0,2.846e-15,,
2011113,B,PASS,organic_or_metalorganic,96,11679,0.2923,1.7181,2,2,2,false,false,true,true,false,Triclinic,0.000e0,0.000e0,0.000e0,2.846e-15,,
2011233,A,PASS,organic_or_metalorganic,120,9813,0.1356,0.7048,15,15,15,false,false,true,true,false,Monoclinic,0.000e0,0.000e0,0.000e0,3.713e-15,,
2011233,B,PASS,organic_or_metalorganic,120,9813,0.1356,1.3177,15,15,15,false,false,true,true,false,Monoclinic,0.000e0,0.000e0,0.000e0,3.713e-15,,
2011272,A,PASS,organic_or_metalorganic,116,9928,0.2062,0.5103,14,14,14,false,false,true,true,false,Monoclinic,0.000e0,0.000e0,0.000e0,3.443e-15,,
2011272,B,PASS,organic_or_metalorganic,116,9928,0.2062,1.0319,14,14,14,false,false,true,true,false,Monoclinic,0.000e0,0.000e0,0.000e0,3.443e-15,,
2011368,A,PASS,organic_or_metalorganic,64,9462,0.1360,0.2794,14,14,14,false,false,true,true,false,Monoclinic,0.000e0,0.000e0,0.000e0,3.454e-15,,
2011368,B,PASS,organic_or_metalorganic,64,9462,0.1360,0.5947,14,14,14,false,false,true,true,false,Monoclinic,0.000e0,0.000e0,0.000e0,3.454e-15,,
2011391,A,PASS,organic_or_metalorganic,448,11814,0.4289,1.9165,88,88,88,false,false,true,true,false,Tetragonal,0.000e0,0.000e0,0.000e0,6.269e-15,,
2011391,B,PASS,organic_or_metalorganic,448,11814,0.4289,3.8147,88,88,88,false,false,true,true,false,Tetragonal,0.000e0,0.000e0,0.000e0,6.269e-15,,
2011464,A,PASS,organic_or_metalorganic,148,14205,0.2730,0.8054,76,76,76,false,false,true,true,false,Tetragonal,0.000e0,0.000e0,0.000e0,1.796e-15,,
2011464,B,PASS,organic_or_metalorganic,148,14205,0.2730,1.6979,76,76,76,false,false,true,true,false,Tetragonal,0.000e0,0.000e0,0.000e0,1.796e-15,,
2011568,A,PASS,organic_or_metalorganic,612,27680,0.7899,2.9312,14,14,14,false,false,true,true,false,Monoclinic,0.000e0,0.000e0,0.000e0,9.156e-15,,
2011568,B,PASS,organic_or_metalorganic,612,27680,0.7899,5.4452,14,14,14,false,false,true,true,false,Monoclinic,0.000e0,0.000e0,0.000e0,9.156e-15,,
2011614,A,PASS,organic_or_metalorganic,120,12676,0.1372,0.5436,14,14,14,false,false,true,true,false,Monoclinic,0.000e0,0.000e0,0.000e0,3.967e-15,,
2011614,B,PASS,organic_or_metalorganic,120,12676,0.1372,1.0242,14,14,14,false,false,true,true,false,Monoclinic,0.000e0,0.000e0,0.000e0,3.967e-15,,
2011678,A,PASS,organic_or_metalorganic,292,13445,0.5146,1.2734,60,60,60,false,false,true,true,false,Orthorhombic,0.000e0,0.000e0,0.000e0,4.237e-15,,
2011678,B,PASS,organic_or_metalorganic,292,13445,0.5146,2.4589,60,60,60,false,false,true,true,false,Orthorhombic,0.000e0,0.000e0,0.000e0,4.237e-15,,
2011724,A,PASS,organic_or_metalorganic,104,14598,0.1484,0.4489,4,4,4,false,false,true,true,false,Monoclinic,0.000e0,0.000e0,0.000e0,3.402e-15,,
2011724,B,PASS,organic_or_metalorganic,104,14598,0.1484,0.9071,4,4,4,false,false,true,true,false,Monoclinic,0.000e0,0.000e0,0.000e0,3.402e-15,,
2011726,A,PASS,organic_or_metalorganic,488,26360,0.8004,2.0773,19,19,19,false,false,true,true,false,Orthorhombic,0.000e0,0.000e0,0.000e0,4.314e-15,,
2011726,B,PASS,organic_or_metalorganic,488,26360,0.8004,4.0422,19,19,19,false,false,true,true,false,Orthorhombic,0.000e0,0.000e0,0.000e0,4.314e-15,,
2011746,A,PASS,organic_or_metalorganic,228,16442,0.3676,0.9611,14,14,14,false,false,true,true,false,Monoclinic,0.000e0,0.000e0,0.000e0,3.328e-15,,
2011746,B,PASS,organic_or_metalorganic,228,16442,0.3676,1.9017,14,14,14,false,false,true,true,false,Monoclinic,0.000e0,0.000e0,0.000e0,3.328e-15,,
2011781,A,PASS,organic_or_metalorganic,54,11692,0.1421,0.3106,2,2,2,false,false,true,true,false,Triclinic,0.000e0,0.000e0,0.000e0,2.362e-15,,
2011781,B,PASS,organic_or_metalorganic,54,11692,0.1421,0.6264,2,2,2,false,false,true,true,false,Triclinic,0.000e0,0.000e0,0.000e0,2.362e-15,,
2011992,A,PASS,organic_or_metalorganic,66,12683,0.1665,0.3708,7,7,7,false,false,true,true,false,Monoclinic,0.000e0,0.000e0,0.000e0,1.479e-15,,
2011992,B,PASS,organic_or_metalorganic,66,12683,0.1665,0.7530,7,7,7,false,false,true,true,false,Monoclinic,0.000e0,0.000e0,0.000e0,1.479e-15,,
2012128,A,PASS,organic_or_metalorganic,132,13638,0.2096,0.7314,14,14,14,false,false,true,true,false,Monoclinic,0.000e0,0.000e0,0.000e0,2.881e-15,,
2012128,B,PASS,organic_or_metalorganic,132,13638,0.2096,1.4472,14,14,14,false,false,true,true,false,Monoclinic,0.000e0,0.000e0,0.000e0,2.881e-15,,
2012285,A,PASS,organic_or_metalorganic,260,32660,0.5737,1.0948,2,2,2,true,false,true,true,false,Triclinic,0.000e0,0.000e0,0.000e0,3.824e-15,,
2012285,B,LOSS_OCCUPANCY_EXPECTED,organic_or_metalorganic,260,32660,0.5737,2.2288,2,2,2,true,false,true,true,false,Triclinic,0.000e0,0.000e0,0.000e0,3.824e-15,LOSS_OCCUPANCY_EXPECTED,
2012391,A,PASS,organic_or_metalorganic,84,14137,0.1488,0.3761,11,11,11,false,false,true,true,false,Monoclinic,0.000e0,0.000e0,0.000e0,1.954e-15,,
2012391,B,PASS,organic_or_metalorganic,84,14137,0.1488,0.7548,11,11,11,false,false,true,true,false,Monoclinic,0.000e0,0.000e0,0.000e0,1.954e-15,,
2012397,A,PASS,organic_or_metalorganic,220,18907,0.3246,1.6799,14,14,14,false,false,true,true,false,Monoclinic,0.000e0,0.000e0,0.000e0,3.134e-15,,
2012397,B,PASS,organic_or_metalorganic,220,18907,0.3246,1.8727,14,14,14,false,false,true,true,false,Monoclinic,0.000e0,0.000e0,0.000e0,3.134e-15,,
2012460,A,PASS,organic_or_metalorganic,64,10574,0.1295,0.3561,14,14,14,false,false,true,true,false,Monoclinic,0.000e0,0.000e0,0.000e0,2.654e-15,,
2012460,B,PASS,organic_or_metalorganic,64,10574,0.1295,0.7173,14,14,14,false,false,true,true,false,Monoclinic,0.000e0,0.000e0,0.000e0,2.654e-15,,
2012469,A,PASS,organic_or_metalorganic,114,15570,0.2195,0.6310,4,4,4,false,false,true,true,false,Monoclinic,0.000e0,0.000e0,0.000e0,2.185e-15,,
2012469,B,PASS,organic_or_metalorganic,114,15570,0.2195,1.2445,4,4,4,false,false,true,true,false,Monoclinic,0.000e0,0.000e0,0.000e0,2.185e-15,,
2012775,A,PASS,organic_or_metalorganic,192,16370,0.2765,0.8375,19,19,19,false,false,true,true,false,Orthorhombic,0.000e0,0.000e0,0.000e0,4.726e-15,,
2012775,B,PASS,organic_or_metalorganic,192,16370,0.2765,1.6227,19,19,19,false,false,true,true,false,Orthorhombic,0.000e0,0.000e0,0.000e0,4.726e-15,,
2012783,A,PASS,organic_or_metalorganic,120,12267,0.1606,0.7485,14,14,14,false,false,true,true,false,Monoclinic,0.000e0,0.000e0,0.000e0,3.259e-15,,
2012783,B,PASS,organic_or_metalorganic,120,12267,0.1606,1.0455,14,14,14,false,false,true,true,false,Monoclinic,0.000e0,0.000e0,0.000e0,3.259e-15,,
2012894,A,PASS,organic_or_metalorganic,152,11097,0.2048,0.8413,2,2,2,false,false,false,true,false,Triclinic,0.000e0,0.000e0,0.000e0,4.357e-15,,
2012894,B,PASS,organic_or_metalorganic,152,11097,0.2048,1.6457,2,2,2,false,false,false,true,false,Triclinic,0.000e0,0.000e0,0.000e0,4.357e-15,,
2012913,A,PASS,inorganic,232,11466,0.4416,0.9883,142,142,142,false,false,true,true,false,Tetragonal,0.000e0,0.000e0,0.000e0,2.367e-15,,
2012913,B,PASS,inorganic,232,11466,0.4416,1.9497,142,142,142,false,false,true,true,false,Tetragonal,0.000e0,0.000e0,0.000e0,2.367e-15,,
2013204,A,PASS,organic_or_metalorganic,112,24488,0.3753,0.4804,2,2,2,false,false,true,true,false,Triclinic,0.000e0,0.000e0,0.000e0,3.016e-15,,
2013204,B,PASS,organic_or_metalorganic,112,24488,0.3753,0.9598,2,2,2,false,false,true,true,false,Triclinic,0.000e0,0.000e0,0.000e0,3.016e-15,,
2013262,A,PASS,organic_or_metalorganic,117,19438,0.3074,0.6449,2,2,2,false,false,true,true,false,Triclinic,0.000e0,0.000e0,0.000e0,3.114e-15,,
2013262,B,PASS,organic_or_metalorganic,117,19438,0.3074,2.4492,2,2,2,false,false,true,true,false,Triclinic,0.000e0,0.000e0,0.000e0,3.114e-15,,
2013381,A,PASS,organic_or_metalorganic,142,14014,0.2188,0.7763,13,13,13,true,false,true,true,false,Monoclinic,0.000e0,0.000e0,0.000e0,2.494e-15,,
2013381,B,LOSS_OCCUPANCY_EXPECTED,organic_or_metalorganic,142,14014,0.2188,1.5543,13,13,13,true,false,true,true,false,Monoclinic,0.000e0,0.000e0,0.000e0,2.494e-15,LOSS_OCCUPANCY_EXPECTED,
2013442,A,PASS,organic_or_metalorganic,180,15356,0.2453,0.7663,14,14,14,false,false,true,true,false,Monoclinic,0.000e0,0.000e0,0.000e0,2.753e-15,,
2013442,B,PASS,organic_or_metalorganic,180,15356,0.2453,1.5460,14,14,14,false,false,true,true,false,Monoclinic,0.000e0,0.000e0,0.000e0,2.753e-15,,
2013561,A,PASS,organic_or_metalorganic,70,13557,0.2931,0.4294,2,2,2,false,false,true,true,false,Triclinic,0.000e0,0.000e0,0.000e0,3.049e-15,,
2013561,B,PASS,organic_or_metalorganic,70,13557,0.2931,0.6124,2,2,2,false,false,true,true,false,Triclinic,0.000e0,0.000e0,0.000e0,3.049e-15,,
2013596,A,PASS,organic_or_metalorganic,104,15561,0.2077,0.5761,2,2,2,false,false,true,true,false,Triclinic,0.000e0,0.000e0,0.000e0,3.920e-15,,
2013596,B,PASS,organic_or_metalorganic,104,15561,0.2077,1.1456,2,2,2,false,false,true,true,false,Triclinic,0.000e0,0.000e0,0.000e0,3.920e-15,,
2013623,A,PASS,organic_or_metalorganic,180,15933,0.3060,0.7662,19,19,19,false,false,true,true,false,Orthorhombic,0.000e0,0.000e0,0.000e0,3.918e-15,,
2013623,B,PASS,organic_or_metalorganic,180,15933,0.3060,1.5138,19,19,19,false,false,true,true,false,Orthorhombic,0.000e0,0.000e0,0.000e0,3.918e-15,,
2013794,A,PASS,organic_or_metalorganic,120,11638,0.1673,0.6671,14,14,14,false,false,true,true,false,Monoclinic,0.000e0,0.000e0,0.000e0,6.551e-15,,
2013794,B,PASS,organic_or_metalorganic,120,11638,0.1673,1.0433,14,14,14,false,false,true,true,false,Monoclinic,0.000e0,0.000e0,0.000e0,6.551e-15,,
2013997,A,PASS,organic_or_metalorganic,1020,52488,1.8129,4.5590,19,19,19,true,false,true,true,false,Orthorhombic,0.000e0,0.000e0,0.000e0,5.890e-15,,
2013997,B,LOSS_OCCUPANCY_EXPECTED,organic_or_metalorganic,1020,52488,1.8129,9.0235,19,19,19,true,false,true,true,false,Orthorhombic,0.000e0,0.000e0,0.000e0,5.890e-15,LOSS_OCCUPANCY_EXPECTED,
2014220,A,PASS,organic_or_metalorganic,100,14046,0.3087,0.5138,2,2,2,false,false,true,true,false,Triclinic,0.000e0,0.000e0,0.000e0,3.964e-15,,
2014220,B,PASS,organic_or_metalorganic,100,14046,0.3087,0.8680,2,2,2,false,false,true,true,false,Triclinic,0.000e0,0.000e0,0.000e0,3.964e-15,,
2014677,A,PASS,organic_or_metalorganic,132,12760,0.3474,0.5655,14,14,14,false,false,true,true,false,Monoclinic,0.000e0,0.000e0,0.000e0,3.024e-15,,
2014677,B,PASS,organic_or_metalorganic,132,12760,0.3474,1.1208,14,14,14,false,false,true,true,false,Monoclinic,0.000e0,0.000e0,0.000e0,3.024e-15,,
2014942,A,PASS,organic_or_metalorganic,242,31070,0.8364,1.0278,2,2,2,false,false,true,true,false,Triclinic,0.000e0,0.000e0,0.000e0,5.159e-15,,
2014942,B,PASS,organic_or_metalorganic,242,31070,0.8364,2.0225,2,2,2,false,false,true,true,false,Triclinic,0.000e0,0.000e0,0.000e0,5.159e-15,,
2015054,A,PASS,organic_or_metalorganic,152,15233,0.1861,0.6801,14,14,14,false,false,true,true,false,Monoclinic,0.000e0,0.000e0,0.000e0,3.989e-15,,
2015054,B,PASS,organic_or_metalorganic,152,15233,0.1861,1.3248,14,14,14,false,false,true,true,false,Monoclinic,0.000e0,0.000e0,0.000e0,3.989e-15,,
2015149,A,PASS,organic_or_metalorganic,72,12020,0.3268,0.3973,4,4,4,false,false,true,true,false,Monoclinic,0.000e0,0.000e0,0.000e0,3.146e-15,,
2015149,B,PASS,organic_or_metalorganic,72,12020,0.3268,0.6385,4,4,4,false,false,true,true,false,Monoclinic,0.000e0,0.000e0,0.000e0,3.146e-15,,
2015227,A,PASS,organic_or_metalorganic,84,10030,0.1188,0.3664,19,19,19,false,false,true,true,false,Orthorhombic,0.000e0,0.000e0,0.000e0,2.263e-15,,
2015227,B,PASS,organic_or_metalorganic,84,10030,0.1188,0.7294,19,19,19,false,false,true,true,false,Orthorhombic,0.000e0,0.000e0,0.000e0,2.263e-15,,
2015240,A,PASS,organic_or_metalorganic,132,11839,0.1768,0.7225,19,19,19,false,false,true,true,false,Orthorhombic,0.000e0,0.000e0,0.000e0,2.346e-15,,
2015240,B,PASS,organic_or_metalorganic,132,11839,0.1768,1.4218,19,19,19,false,false,true,true,false,Orthorhombic,0.000e0,0.000e0,0.000e0,2.346e-15,,
2015288,A,PASS,inorganic,30,30130,0.3683,0.1846,59,59,59,false,false,true,true,false,Orthorhombic,0.000e0,0.000e0,0.000e0,2.122e-15,,
2015288,B,PASS,inorganic,30,30130,0.3683,0.3693,59,59,59,false,false,true,true,false,Orthorhombic,0.000e0,0.000e0,0.000e0,2.122e-15,,
2015334,A,SYMMETRY_UNDETERMINED_BOTH,organic_or_metalorganic,68,8832,0.2061,0.3769,NA,NA,12,true,false,true,true,true,Undetermined,0.000e0,0.000e0,0.000e0,1.980e-15,SYMMETRY_UNDETERMINED_BOTH,
2015334,B,LOSS_OCCUPANCY_EXPECTED,organic_or_metalorganic,68,8832,0.2061,0.7952,NA,NA,12,true,false,true,true,true,Undetermined,0.000e0,0.000e0,0.000e0,1.980e-15,LOSS_OCCUPANCY_EXPECTED; SYMMETRY_UNDETERMINED_BOTH,
2015398,A,PASS,organic_or_metalorganic,216,17536,0.2846,1.0243,14,14,14,false,false,true,true,false,Monoclinic,0.000e0,0.000e0,0.000e0,6.165e-15,,
2015398,B,PASS,organic_or_metalorganic,216,17536,0.2846,1.8721,14,14,14,false,false,true,true,false,Monoclinic,0.000e0,0.000e0,0.000e0,6.165e-15,,
2015400,A,PASS,organic_or_metalorganic,192,16429,0.2643,1.0818,14,14,14,false,false,true,true,false,Monoclinic,0.000e0,0.000e0,0.000e0,3.737e-15,,
2015400,B,PASS,organic_or_metalorganic,192,16429,0.2643,2.4552,14,14,14,false,false,true,true,false,Monoclinic,0.000e0,0.000e0,0.000e0,3.737e-15,,
2015556,A,PASS,organic_or_metalorganic,84,13102,0.1750,0.6389,11,11,11,false,false,true,true,false,Monoclinic,0.000e0,0.000e0,0.000e0,5.168e-15,,
2015556,B,PASS,organic_or_metalorganic,84,13102,0.1750,0.7436,11,11,11,false,false,true,true,false,Monoclinic,0.000e0,0.000e0,0.000e0,5.168e-15,,
2015586,A,PASS,inorganic,56,9193,0.1241,0.3184,14,14,14,false,false,true,true,false,Monoclinic,0.000e0,0.000e0,0.000e0,1.942e-15,,
2015586,B,PASS,inorganic,56,9193,0.1241,0.6440,14,14,14,false,false,true,true,false,Monoclinic,0.000e0,0.000e0,0.000e0,1.942e-15,,
2015609,A,PASS,organic_or_metalorganic,72,10349,0.1149,0.3961,14,14,14,false,false,true,true,false,Monoclinic,0.000e0,0.000e0,0.000e0,1.771e-15,,
2015609,B,PASS,organic_or_metalorganic,72,10349,0.1149,0.8295,14,14,14,false,false,true,true,false,Monoclinic,0.000e0,0.000e0,0.000e0,1.771e-15,,
2015868,A,PASS,inorganic,88,11688,0.2356,0.3847,9,9,9,false,false,true,true,false,Monoclinic,0.000e0,0.000e0,0.000e0,3.281e-15,,
2015868,B,PASS,inorganic,88,11688,0.2356,0.7620,9,9,9,false,false,true,true,false,Monoclinic,0.000e0,0.000e0,0.000e0,3.281e-15,,
2015884,A,SYMMETRY_UNDETERMINED_BOTH,organic_or_metalorganic,180,14330,0.4124,0.7783,NA,NA,15,true,false,true,true,true,Undetermined,0.000e0,0.000e0,0.000e0,4.485e-15,SYMMETRY_UNDETERMINED_BOTH,
2015884,B,LOSS_OCCUPANCY_EXPECTED,organic_or_metalorganic,180,14330,0.4124,1.5248,NA,NA,15,true,false,true,true,true,Undetermined,0.000e0,0.000e0,0.000e0,4.485e-15,LOSS_OCCUPANCY_EXPECTED; SYMMETRY_UNDETERMINED_BOTH,
2015927,A,PASS,organic_or_metalorganic,144,13144,0.3894,0.7987,19,19,19,false,false,true,true,false,Orthorhombic,0.000e0,0.000e0,0.000e0,3.182e-15,,
2015927,B,PASS,organic_or_metalorganic,144,13144,0.3894,1.5992,19,19,19,false,false,true,true,false,Orthorhombic,0.000e0,0.000e0,0.000e0,3.182e-15,,
2016022,A,PASS,organic_or_metalorganic,108,16950,0.1815,0.4796,2,2,2,true,false,true,true,true,Triclinic,0.000e0,0.000e0,0.000e0,3.450e-15,,
2016022,B,LOSS_OCCUPANCY_EXPECTED,organic_or_metalorganic,108,16950,0.1815,0.9212,2,2,2,true,false,true,true,true,Triclinic,0.000e0,0.000e0,0.000e0,3.450e-15,LOSS_OCCUPANCY_EXPECTED,
2016225,A,PASS,organic_or_metalorganic,264,19211,0.2695,1.1336,14,14,14,false,false,true,true,false,Monoclinic,0.000e0,0.000e0,0.000e0,4.490e-15,,
2016225,B,PASS,organic_or_metalorganic,264,19211,0.2695,2.2190,14,14,14,false,false,true,true,false,Monoclinic,0.000e0,0.000e0,0.000e0,4.490e-15,,
2016342,A,PASS,inorganic,144,17155,0.2015,0.6371,14,14,14,false,false,true,true,false,Monoclinic,0.000e0,0.000e0,0.000e0,2.930e-15,,
2016342,B,PASS,inorganic,144,17155,0.2015,1.2474,14,14,14,false,false,true,true,false,Monoclinic,0.000e0,0.000e0,0.000e0,2.930e-15,,
2016607,A,PASS,organic_or_metalorganic,30,9243,0.1217,0.1828,2,2,2,false,false,true,true,false,Triclinic,0.000e0,0.000e0,0.000e0,1.300e-15,,
2016607,B,PASS,organic_or_metalorganic,30,9243,0.1217,0.3755,2,2,2,false,false,true,true,false,Triclinic,0.000e0,0.000e0,0.000e0,1.300e-15,,
2016659,A,PASS,organic_or_metalorganic,138,18666,0.2071,0.5946,2,2,2,true,false,true,true,false,Triclinic,0.000e0,0.000e0,0.000e0,3.994e-15,,
2016659,B,LOSS_OCCUPANCY_EXPECTED,organic_or_metalorganic,138,18666,0.2071,1.2470,2,2,2,true,false,true,true,false,Triclinic,0.000e0,0.000e0,0.000e0,3.994e-15,LOSS_OCCUPANCY_EXPECTED,
2016696,A,PASS,inorganic,480,40626,1.3265,2.1494,216,216,216,false,false,true,true,false,Cubic,0.000e0,0.000e0,0.000e0,3.328e-15,,
2016696,B,PASS,inorganic,480,40626,1.3265,4.4945,216,216,216,false,false,true,true,false,Cubic,0.000e0,0.000e0,0.000e0,3.328e-15,,
2016715,A,PASS,organic_or_metalorganic,110,15746,0.2421,0.6265,2,2,2,false,false,true,true,false,Triclinic,0.000e0,0.000e0,0.000e0,2.803e-15,,
2016715,B,PASS,organic_or_metalorganic,110,15746,0.2421,1.2205,2,2,2,false,false,true,true,false,Triclinic,0.000e0,0.000e0,0.000e0,2.803e-15,,
2017017,A,PASS,organic_or_metalorganic,256,15747,0.2779,1.1760,15,15,15,true,false,true,true,false,Monoclinic,0.000e0,0.000e0,0.000e0,4.140e-15,,
2017017,B,LOSS_OCCUPANCY_EXPECTED,organic_or_metalorganic,256,15747,0.2779,2.1471,15,15,15,true,false,true,true,false,Monoclinic,0.000e0,0.000e0,0.000e0,4.140e-15,LOSS_OCCUPANCY_EXPECTED,
2017018,A,PASS,organic_or_metalorganic,328,14993,0.2949,1.4221,15,15,15,true,false,true,true,false,Monoclinic,0.000e0,0.000e0,0.000e0,6.645e-15,,
2017018,B,LOSS_OCCUPANCY_EXPECTED,organic_or_metalorganic,328,14993,0.2949,3.0381,15,15,15,true,false,true,true,false,Monoclinic,0.000e0,0.000e0,0.000e0,6.645e-15,LOSS_OCCUPANCY_EXPECTED,
2017168,A,PASS,organic_or_metalorganic,88,13159,0.1128,0.3862,14,14,14,false,false,true,true,false,Monoclinic,0.000e0,0.000e0,0.000e0,4.152e-15,,
2017168,B,PASS,organic_or_metalorganic,88,13159,0.1128,0.7769,14,14,14,false,false,true,true,false,Monoclinic,0.000e0,0.000e0,0.000e0,4.152e-15,,
2017312,A,PASS,organic_or_metalorganic,416,17698,0.5601,1.8489,15,15,15,false,false,true,true,false,Monoclinic,0.000e0,0.000e0,0.000e0,7.771e-15,,
2017312,B,PASS,organic_or_metalorganic,416,17698,0.5601,3.4804,15,15,15,false,false,true,true,false,Monoclinic,0.000e0,0.000e0,0.000e0,7.771e-15,,
2017355,A,PASS,organic_or_metalorganic,416,13180,0.3000,1.8646,88,88,88,false,false,true,true,false,Tetragonal,0.000e0,0.000e0,0.000e0,7.193e-15,,
2017355,B,PASS,organic_or_metalorganic,416,13180,0.3000,3.5054,88,88,88,false,false,true,true,false,Tetragonal,0.000e0,0.000e0,0.000e0,7.193e-15,,
2017575,A,PASS,organic_or_metalorganic,300,21647,0.4970,1.6474,14,14,14,false,false,true,true,false,Monoclinic,0.000e0,0.000e0,0.000e0,5.205e-15,,
2017575,B,PASS,organic_or_metalorganic,300,21647,0.4970,3.8763,14,14,14,false,false,true,true,false,Monoclinic,0.000e0,0.000e0,0.000e0,5.205e-15,,
2017638,A,PASS,organic_or_metalorganic,166,10052,0.1981,0.7606,182,182,182,true,false,true,true,false,Hexagonal,0.000e0,0.000e0,0.000e0,3.535e-15,,
2017638,B,LOSS_OCCUPANCY_EXPECTED,organic_or_metalorganic,166,10052,0.1981,1.4653,182,182,182,true,false,true,true,false,Hexagonal,0.000e0,0.000e0,0.000e0,3.535e-15,LOSS_OCCUPANCY_EXPECTED,
2017788,A,PASS,organic_or_metalorganic,140,15373,0.2611,0.6028,14,14,14,false,false,true,true,false,Monoclinic,0.000e0,0.000e0,0.000e0,4.384e-15,,
2017788,B,PASS,organic_or_metalorganic,140,15373,0.2611,1.2284,14,14,14,false,false,true,true,false,Monoclinic,0.000e0,0.000e0,0.000e0,4.384e-15,,
2017969,A,PASS,organic_or_metalorganic,100,12058,0.1814,0.5881,14,14,14,false,false,true,true,false,Monoclinic,0.000e0,0.000e0,0.000e0,3.237e-15,,
2017969,B,PASS,organic_or_metalorganic,100,12058,0.1814,1.1254,14,14,14,false,false,true,true,false,Monoclinic,0.000e0,0.000e0,0.000e0,3.237e-15,,
2018096,A,PASS,organic_or_metalorganic,50,15738,0.1640,0.2993,2,2,2,false,false,true,true,false,Triclinic,0.000e0,0.000e0,0.000e0,2.097e-15,,
2018096,B,PASS,organic_or_metalorganic,50,15738,0.1640,0.6139,2,2,2,false,false,true,true,false,Triclinic,0.000e0,0.000e0,0.000e0,2.097e-15,,
2018099,A,PASS,organic_or_metalorganic,220,25482,0.3469,0.9380,14,14,14,true,false,true,true,false,Monoclinic,0.000e0,0.000e0,0.000e0,4.752e-15,,
2018099,B,LOSS_OCCUPANCY_EXPECTED,organic_or_metalorganic,220,25482,0.3469,1.8539,14,14,14,true,false,true,true,false,Monoclinic,0.000e0,0.000e0,0.000e0,4.752e-15,LOSS_OCCUPANCY_EXPECTED,
2018270,A,PASS,organic_or_metalorganic,212,16775,0.3220,0.8972,14,14,14,false,false,true,true,false,Monoclinic,0.000e0,0.000e0,0.000e0,4.319e-15,,
2018270,B,PASS,organic_or_metalorganic,212,16775,0.3220,1.7712,14,14,14,false,false,true,true,false,Monoclinic,0.000e0,0.000e0,0.000e0,4.319e-15,,
2018411,A,PASS,organic_or_metalorganic,124,26435,0.3535,0.5307,2,2,2,false,false,true,true,false,Triclinic,0.000e0,0.000e0,0.000e0,4.204e-15,,
2018411,B,PASS,organic_or_metalorganic,124,26435,0.3535,1.0582,2,2,2,false,false,true,true,false,Triclinic,0.000e0,0.000e0,0.000e0,4.204e-15,,
2018519,A,PASS,inorganic,248,10943,0.2762,1.0629,206,206,206,false,false,true,true,false,Cubic,0.000e0,0.000e0,0.000e0,3.425e-15,,
2018519,B,PASS,inorganic,248,10943,0.2762,2.0742,206,206,206,false,false,true,true,false,Cubic,0.000e0,0.000e0,0.000e0,3.425e-15,,
2018538,A,PASS,organic_or_metalorganic,116,16599,0.2981,0.6377,14,14,14,false,false,true,true,false,Monoclinic,0.000e0,0.000e0,0.000e0,3.660e-15,,
2018538,B,PASS,organic_or_metalorganic,116,16599,0.2981,1.3222,14,14,14,false,false,true,true,false,Monoclinic,0.000e0,0.000e0,0.000e0,3.660e-15,,
2019202,A,PASS,inorganic,240,9448,0.2909,1.1765,148,148,148,false,false,false,true,false,Trigonal,0.000e0,0.000e0,0.000e0,1.077e-5,,
2019202,B,PASS,inorganic,240,9448,0.2909,1.9208,148,148,148,false,false,false,true,false,Trigonal,0.000e0,0.000e0,0.000e0,1.077e-5,,
2019311,A,PASS,organic_or_metalorganic,228,42231,0.5825,0.9699,2,2,2,true,false,true,true,false,Triclinic,0.000e0,0.000e0,0.000e0,4.080e-15,,
2019311,B,LOSS_OCCUPANCY_EXPECTED,organic_or_metalorganic,228,42231,0.5825,1.9290,2,2,2,true,false,true,true,false,Triclinic,0.000e0,0.000e0,0.000e0,4.080e-15,LOSS_OCCUPANCY_EXPECTED,
2019361,A,PASS,organic_or_metalorganic,5664,56093,13.8882,34.8621,1,1,155,true,false,true,true,false,Triclinic,0.000e0,0.000e0,0.000e0,-1.000e0,POSITION_CHECK_SKIPPED,
2019361,B,LOSS_OCCUPANCY_EXPECTED,organic_or_metalorganic,5664,56093,13.8882,58.3948,1,1,155,true,false,true,true,false,Triclinic,0.000e0,0.000e0,0.000e0,-1.000e0,POSITION_CHECK_SKIPPED; LOSS_OCCUPANCY_EXPECTED,
2019387,A,PASS,organic_or_metalorganic,230,25921,0.5877,1.3439,14,14,14,false,false,true,true,false,Monoclinic,0.000e0,0.000e0,0.000e0,4.070e-15,,
2019387,B,PASS,organic_or_metalorganic,230,25921,0.5877,2.3110,14,14,14,false,false,true,true,false,Monoclinic,0.000e0,0.000e0,0.000e0,4.070e-15,,
2019423,A,PASS,inorganic,56,11632,0.1271,0.3472,14,14,14,false,false,true,true,false,Monoclinic,0.000e0,0.000e0,0.000e0,2.505e-15,,
2019423,B,PASS,inorganic,56,11632,0.1271,0.6808,14,14,14,false,false,true,true,false,Monoclinic,0.000e0,0.000e0,0.000e0,2.505e-15,,
2019663,A,PASS,organic_or_metalorganic,80,13560,0.0934,0.3540,19,19,19,false,false,true,true,false,Orthorhombic,0.000e0,0.000e0,0.000e0,2.371e-15,,
2019663,B,PASS,organic_or_metalorganic,80,13560,0.0934,0.6954,19,19,19,false,false,true,true,false,Orthorhombic,0.000e0,0.000e0,0.000e0,2.371e-15,,
2019818,A,PASS,organic_or_metalorganic,252,1899397,2.6049,1.3370,14,14,14,false,false,true,true,false,Monoclinic,0.000e0,0.000e0,0.000e0,3.957e-15,,
2019818,B,PASS,organic_or_metalorganic,252,1899397,2.6049,2.1271,14,14,14,false,false,true,true,false,Monoclinic,0.000e0,0.000e0,0.000e0,3.957e-15,,
2019826,A,PASS,organic_or_metalorganic,210,659143,1.5290,1.1482,2,2,2,true,false,true,true,false,Triclinic,0.000e0,0.000e0,0.000e0,4.427e-15,,
2019826,B,LOSS_OCCUPANCY_EXPECTED,organic_or_metalorganic,210,659143,1.5290,2.2959,2,2,2,true,false,true,true,false,Triclinic,0.000e0,0.000e0,0.000e0,4.427e-15,LOSS_OCCUPANCY_EXPECTED,
2019850,A,PASS,organic_or_metalorganic,104,171001,0.5529,0.4519,14,14,14,false,false,true,true,false,Monoclinic,0.000e0,0.000e0,0.000e0,2.892e-15,,
2019850,B,PASS,organic_or_metalorganic,104,171001,0.5529,0.8930,14,14,14,false,false,true,true,false,Monoclinic,0.000e0,0.000e0,0.000e0,2.892e-15,,
2019935,A,PASS,organic_or_metalorganic,124,76311,0.9605,0.5388,33,33,33,false,false,true,true,false,Orthorhombic,0.000e0,0.000e0,0.000e0,4.133e-15,,
2019935,B,PASS,organic_or_metalorganic,124,76311,0.9605,1.0591,33,33,33,false,false,true,true,false,Orthorhombic,0.000e0,0.000e0,0.000e0,4.133e-15,,
2020004,A,PASS,organic_or_metalorganic,284,20654,0.3551,1.1794,15,15,15,false,false,true,true,false,Monoclinic,0.000e0,0.000e0,0.000e0,5.996e-15,,
2020004,B,PASS,organic_or_metalorganic,284,20654,0.3551,2.2677,15,15,15,false,false,true,true,false,Monoclinic,0.000e0,0.000e0,0.000e0,5.996e-15,,
2020124,A,PASS,inorganic,6,17712,0.1770,0.0552,12,12,164,false,false,true,true,false,Monoclinic,0.000e0,0.000e0,0.000e0,0.000e0,,
2020124,B,PASS,inorganic,6,17712,0.1770,0.1156,12,12,164,false,false,true,true,false,Monoclinic,0.000e0,0.000e0,0.000e0,0.000e0,,
2020200,A,PASS,inorganic,172,3714,0.1284,0.7476,14,14,14,false,true,false,true,false,Monoclinic,0.000e0,0.000e0,0.000e0,4.991e-15,,
2020200,B,LOSS_OXIDATION_EXPECTED,inorganic,172,3714,0.1284,1.4575,14,14,14,false,true,false,true,false,Monoclinic,0.000e0,0.000e0,0.000e0,4.991e-15,LOSS_OXIDATION_EXPECTED,
2020287,A,PASS,organic_or_metalorganic,140,468707,0.5852,0.6023,29,29,29,false,false,true,true,false,Orthorhombic,0.000e0,0.000e0,0.000e0,4.419e-15,,
2020287,B,PASS,organic_or_metalorganic,140,468707,0.5852,1.1911,29,29,29,false,false,true,true,false,Orthorhombic,0.000e0,0.000e0,0.000e0,4.419e-15,,
2020604,A,PASS,organic_or_metalorganic,616,899176,1.4239,2.6189,15,15,15,true,false,true,true,false,Monoclinic,0.000e0,0.000e0,0.000e0,5.409e-15,,
2020604,B,LOSS_OCCUPANCY_EXPECTED,organic_or_metalorganic,616,899176,1.4239,5.1813,15,15,15,true,false,true,true,false,Monoclinic,0.000e0,0.000e0,0.000e0,5.409e-15,LOSS_OCCUPANCY_EXPECTED,
2020787,A,PASS,organic_or_metalorganic,412,390938,4.2329,1.7510,14,14,14,false,false,true,true,false,Monoclinic,0.000e0,0.000e0,0.000e0,5.334e-15,,
2020787,B,PASS,organic_or_metalorganic,412,390938,4.2329,3.4516,14,14,14,false,false,true,true,false,Monoclinic,0.000e0,0.000e0,0.000e0,5.334e-15,,
2020885,A,SYMMETRY_UNDETERMINED_BOTH,organic_or_metalorganic,152,642951,0.6939,0.6599,NA,NA,15,true,false,true,true,true,Undetermined,0.000e0,0.000e0,0.000e0,3.136e-15,SYMMETRY_UNDETERMINED_BOTH,
2020885,B,LOSS_OCCUPANCY_EXPECTED,organic_or_metalorganic,152,642951,0.6939,1.2900,NA,NA,15,true,false,true,true,true,Undetermined,0.000e0,0.000e0,0.000e0,3.136e-15,LOSS_OCCUPANCY_EXPECTED; SYMMETRY_UNDETERMINED_BOTH,
2020949,A,PASS,organic_or_metalorganic,328,879467,1.6959,1.3507,14,14,14,true,false,true,true,false,Monoclinic,0.000e0,0.000e0,0.000e0,3.436e-15,,
2020949,B,LOSS_OCCUPANCY_EXPECTED,organic_or_metalorganic,328,879467,1.6959,2.7642,14,14,14,true,false,true,true,false,Monoclinic,0.000e0,0.000e0,0.000e0,3.436e-15,LOSS_OCCUPANCY_EXPECTED,
2021273,A,PASS,organic_or_metalorganic,170,405822,0.7345,0.7030,2,2,2,true,false,true,true,false,Triclinic,0.000e0,0.000e0,0.000e0,5.519e-15,,
2021273,B,LOSS_OCCUPANCY_EXPECTED,organic_or_metalorganic,170,405822,0.7345,1.4005,2,2,2,true,false,true,true,false,Triclinic,0.000e0,0.000e0,0.000e0,5.519e-15,LOSS_OCCUPANCY_EXPECTED,
2021590,A,PASS,organic_or_metalorganic,224,1762045,1.9515,0.9569,14,14,14,false,false,true,true,false,Monoclinic,0.000e0,0.000e0,0.000e0,3.208e-15,,
2021590,B,PASS,organic_or_metalorganic,224,1762045,1.9515,1.9419,14,14,14,false,false,true,true,false,Monoclinic,0.000e0,0.000e0,0.000e0,3.208e-15,,
2021683,A,SYMMETRY_UNDETERMINED_BOTH,organic_or_metalorganic,416,860147,2.0751,1.7816,NA,NA,118,true,false,true,true,true,Undetermined,0.000e0,0.000e0,0.000e0,4.445e-15,SYMMETRY_UNDETERMINED_BOTH,
2021683,B,LOSS_OCCUPANCY_EXPECTED,organic_or_metalorganic,416,860147,2.0751,3.7579,NA,NA,118,true,false,true,true,true,Undetermined,0.000e0,0.000e0,0.000e0,4.445e-15,LOSS_OCCUPANCY_EXPECTED; SYMMETRY_UNDETERMINED_BOTH,
2021713,A,PASS,organic_or_metalorganic,42,544135,0.9345,0.2461,2,2,2,false,false,true,true,false,Triclinic,0.000e0,0.000e0,0.000e0,1.515e-15,,
2021713,B,PASS,organic_or_metalorganic,42,544135,0.9345,0.4941,2,2,2,false,false,true,true,false,Triclinic,0.000e0,0.000e0,0.000e0,1.515e-15,,
2021810,A,PASS,organic_or_metalorganic,784,83264,1.6238,3.2558,9,9,9,true,false,true,true,false,Monoclinic,0.000e0,0.000e0,0.000e0,7.265e-15,,
2021810,B,LOSS_OCCUPANCY_EXPECTED,organic_or_metalorganic,784,83264,1.6238,6.4861,9,9,9,true,false,true,true,false,Monoclinic,0.000e0,0.000e0,0.000e0,7.265e-15,LOSS_OCCUPANCY_EXPECTED,
2021846,A,PASS,organic_or_metalorganic,1048,2566963,3.8100,4.6601,19,19,19,true,false,true,true,false,Orthorhombic,0.000e0,0.000e0,0.000e0,6.236e-15,,
2021846,B,LOSS_OCCUPANCY_EXPECTED,organic_or_metalorganic,1048,2566963,3.8100,9.9848,19,19,19,true,false,true,true,false,Orthorhombic,0.000e0,0.000e0,0.000e0,6.236e-15,LOSS_OCCUPANCY_EXPECTED,
2021973,A,PASS,organic_or_metalorganic,612,1520650,2.0440,2.6753,173,173,173,false,false,true,true,false,Hexagonal,0.000e0,0.000e0,0.000e0,7.100e-15,,
2021973,B,PASS,organic_or_metalorganic,612,1520650,2.0440,5.1566,173,173,173,false,false,true,true,false,Hexagonal,0.000e0,0.000e0,0.000e0,7.100e-15,,
2022120,A,PASS,organic_or_metalorganic,816,1116438,1.7879,3.9189,43,43,43,true,false,true,true,false,Orthorhombic,0.000e0,0.000e0,0.000e0,6.469e-15,,
2022120,B,LOSS_OCCUPANCY_EXPECTED,organic_or_metalorganic,816,1116438,1.7879,8.5229,43,43,43,true,false,true,true,false,Orthorhombic,0.000e0,0.000e0,0.000e0,6.469e-15,LOSS_OCCUPANCY_EXPECTED,
2022197,A,PASS,organic_or_metalorganic,264,1781956,2.3947,1.1186,14,14,14,false,false,true,true,false,Monoclinic,0.000e0,0.000e0,0.000e0,3.557e-15,,
2022197,B,PASS,organic_or_metalorganic,264,1781956,2.3947,2.2604,14,14,14,false,false,true,true,false,Monoclinic,0.000e0,0.000e0,0.000e0,3.557e-15,,
2022292,A,PASS,organic_or_metalorganic,116,376969,0.7884,0.5021,14,14,14,false,false,true,true,false,Monoclinic,0.000e0,0.000e0,0.000e0,6.211e-15,,
2022292,B,PASS,organic_or_metalorganic,116,376969,0.7884,0.9945,14,14,14,false,false,true,true,false,Monoclinic,0.000e0,0.000e0,0.000e0,6.211e-15,,
2022297,A,PASS,organic_or_metalorganic,104,348706,0.5864,0.4528,19,19,19,false,false,true,true,false,Orthorhombic,0.000e0,0.000e0,0.000e0,5.576e-15,,
2022297,B,PASS,organic_or_metalorganic,104,348706,0.5864,0.8932,19,19,19,false,false,true,true,false,Orthorhombic,0.000e0,0.000e0,0.000e0,5.576e-15,,
2022365,A,PASS,organic_or_metalorganic,300,808848,1.5934,1.2802,14,14,14,false,false,true,true,false,Monoclinic,0.000e0,0.000e0,0.000e0,4.549e-15,,
2022365,B,PASS,organic_or_metalorganic,300,808848,1.5934,2.5587,14,14,14,false,false,true,true,false,Monoclinic,0.000e0,0.000e0,0.000e0,4.549e-15,,
2022418,A,PASS,organic_or_metalorganic,90,217117,0.6371,0.5079,4,4,4,false,false,true,true,false,Monoclinic,0.000e0,0.000e0,0.000e0,2.560e-15,,
2022418,B,PASS,organic_or_metalorganic,90,217117,0.6371,0.9961,4,4,4,false,false,true,true,false,Monoclinic,0.000e0,0.000e0,0.000e0,2.560e-15,,
2022474,A,PASS,organic_or_metalorganic,200,606445,1.1158,0.8452,14,14,14,false,false,true,true,false,Monoclinic,0.000e0,0.000e0,0.000e0,2.623e-15,,
2022474,B,PASS,organic_or_metalorganic,200,606445,1.1158,1.7314,14,14,14,false,false,true,true,false,Monoclinic,0.000e0,0.000e0,0.000e0,2.623e-15,,
2022848,A,PASS,organic_or_metalorganic,376,371216,0.7388,1.5998,15,15,15,false,false,true,true,false,Monoclinic,0.000e0,0.000e0,0.000e0,6.003e-15,,
2022848,B,PASS,organic_or_metalorganic,376,371216,0.7388,3.2078,15,15,15,false,false,true,true,false,Monoclinic,0.000e0,0.000e0,0.000e0,6.003e-15,,
2022851,A,PASS,organic_or_metalorganic,208,716907,0.9408,0.8563,19,19,19,false,false,true,true,false,Orthorhombic,0.000e0,0.000e0,0.000e0,2.834e-15,,
2022851,B,PASS,organic_or_metalorganic,208,716907,0.9408,1.7441,19,19,19,false,false,true,true,false,Orthorhombic,0.000e0,0.000e0,0.000e0,2.834e-15,,
2023010,A,PASS,organic_or_metalorganic,80,108865,0.3053,0.3472,19,19,19,false,false,true,true,false,Orthorhombic,0.000e0,0.000e0,0.000e0,1.947e-15,,
2023010,B,PASS,organic_or_metalorganic,80,108865,0.3053,0.7000,19,19,19,false,false,true,true,false,Orthorhombic,0.000e0,0.000e0,0.000e0,1.947e-15,,
2023065,A,PASS,organic_or_metalorganic,64,385435,0.5318,0.2797,2,2,2,false,false,true,true,false,Triclinic,0.000e0,0.000e0,0.000e0,2.514e-15,,
2023065,B,PASS,organic_or_metalorganic,64,385435,0.5318,0.5658,2,2,2,false,false,true,true,false,Triclinic,0.000e0,0.000e0,0.000e0,2.514e-15,,
2023201,A,PASS,organic_or_metalorganic,696,860975,2.1313,2.9549,20,20,20,true,false,true,true,false,Orthorhombic,0.000e0,0.000e0,0.000e0,1.153e-14,,
2023201,B,LOSS_OCCUPANCY_EXPECTED,organic_or_metalorganic,696,860975,2.1313,5.5722,20,20,20,true,false,true,true,false,Orthorhombic,0.000e0,0.000e0,0.000e0,1.153e-14,LOSS_OCCUPANCY_EXPECTED,
2023358,A,PASS,organic_or_metalorganic,88,83656,1.3835,0.4817,57,57,57,false,false,true,true,false,Orthorhombic,0.000e0,0.000e0,0.000e0,3.032e-15,,
2023358,B,PASS,organic_or_metalorganic,88,83656,1.3835,0.7342,57,57,57,false,false,true,true,false,Orthorhombic,0.000e0,0.000e0,0.000e0,3.032e-15,,
2100068,A,PASS,inorganic,61,3418,0.0516,0.3398,2,2,2,false,false,false,true,false,Triclinic,0.000e0,0.000e0,0.000e0,2.515e-15,,
2100068,B,PASS,inorganic,61,3418,0.0516,0.6921,2,2,2,false,false,false,true,false,Triclinic,0.000e0,0.000e0,0.000e0,2.515e-15,,
2100144,A,PASS,organic_or_metalorganic,112,13714,0.1813,0.6255,19,19,19,false,false,true,true,false,Orthorhombic,0.000e0,0.000e0,0.000e0,3.294e-15,,
2100144,B,PASS,organic_or_metalorganic,112,13714,0.1813,1.2383,19,19,19,false,false,true,true,false,Orthorhombic,0.000e0,0.000e0,0.000e0,3.294e-15,,
2100194,A,PASS,inorganic,30,7169,0.1209,0.3021,2,2,2,false,false,true,true,false,Triclinic,0.000e0,0.000e0,0.000e0,1.544e-15,,
2100194,B,PASS,inorganic,30,7169,0.1209,0.4646,2,2,2,false,false,true,true,false,Triclinic,0.000e0,0.000e0,0.000e0,1.544e-15,,
2100351,A,PASS,organic_or_metalorganic,512,21304,0.5834,3.4391,19,19,19,true,false,true,true,false,Orthorhombic,0.000e0,0.000e0,0.000e0,6.606e-15,,
2100351,B,LOSS_OCCUPANCY_EXPECTED,organic_or_metalorganic,512,21304,0.5834,4.3517,19,19,19,true,false,true,true,false,Orthorhombic,0.000e0,0.000e0,0.000e0,6.606e-15,LOSS_OCCUPANCY_EXPECTED,
2100369,A,PASS,organic_or_metalorganic,56,11024,0.1052,0.2492,2,2,2,false,false,true,true,false,Triclinic,0.000e0,0.000e0,0.000e0,2.136e-15,,
2100369,B,PASS,organic_or_metalorganic,56,11024,0.1052,0.4791,2,2,2,false,false,true,true,false,Triclinic,0.000e0,0.000e0,0.000e0,2.136e-15,,
2100504,A,PASS,organic_or_metalorganic,100,11514,0.2467,0.5501,14,14,14,false,false,true,true,false,Monoclinic,0.000e0,0.000e0,0.000e0,4.003e-15,,
2100504,B,PASS,organic_or_metalorganic,100,11514,0.2467,1.0999,14,14,14,false,false,true,true,false,Monoclinic,0.000e0,0.000e0,0.000e0,4.003e-15,,
2100693,A,PASS,organic_or_metalorganic,684,36238,1.4751,2.8983,14,14,14,true,false,false,true,false,Monoclinic,0.000e0,0.000e0,0.000e0,1.410e-14,,
2100693,B,LOSS_OCCUPANCY_EXPECTED,organic_or_metalorganic,684,36238,1.4751,5.4834,14,14,14,true,false,false,true,false,Monoclinic,0.000e0,0.000e0,0.000e0,1.410e-14,LOSS_OCCUPANCY_EXPECTED,
2100805,A,PASS,organic_or_metalorganic,164,7412,0.2681,0.6939,1,1,,false,false,false,true,false,Triclinic,0.000e0,0.000e0,0.000e0,2.519e-15,,
2100805,B,PASS,organic_or_metalorganic,164,7412,0.2681,1.3959,1,1,,false,false,false,true,false,Triclinic,0.000e0,0.000e0,0.000e0,2.519e-15,,
2100820,A,PASS,inorganic,232,8376,0.3382,1.5043,14,14,14,true,false,false,true,false,Monoclinic,0.000e0,0.000e0,0.000e0,4.916e-15,,
2100820,B,LOSS_OCCUPANCY_EXPECTED,inorganic,232,8376,0.3382,2.0018,14,14,14,true,false,false,true,false,Monoclinic,0.000e0,0.000e0,0.000e0,4.916e-15,LOSS_OCCUPANCY_EXPECTED,
2100912,A,PASS,organic_or_metalorganic,56,6065,0.0867,0.3794,2,2,2,false,false,false,true,false,Triclinic,0.000e0,0.000e0,0.000e0,1.735e-15,,
2100912,B,PASS,organic_or_metalorganic,56,6065,0.0867,0.7521,2,2,2,false,false,false,true,false,Triclinic,0.000e0,0.000e0,0.000e0,1.735e-15,,
2100959,A,PASS,organic_or_metalorganic,80,6780,0.1068,0.5219,2,2,2,false,false,false,true,false,Triclinic,0.000e0,0.000e0,0.000e0,2.297e-15,,
2100959,B,PASS,organic_or_metalorganic,80,6780,0.1068,1.0688,2,2,2,false,false,false,true,false,Triclinic,0.000e0,0.000e0,0.000e0,2.297e-15,,
2100993,A,PASS,organic_or_metalorganic,50,4866,0.0604,0.3344,2,2,2,false,false,false,true,false,Triclinic,0.000e0,0.000e0,0.000e0,1.590e-15,,
2100993,B,PASS,organic_or_metalorganic,50,4866,0.0604,0.6823,2,2,2,false,false,false,true,false,Triclinic,0.000e0,0.000e0,0.000e0,1.590e-15,,
2101054,A,PASS,inorganic,30,3452,0.0854,0.1873,167,167,167,false,false,false,true,false,Trigonal,0.000e0,0.000e0,0.000e0,5.124e-6,,
2101054,B,PASS,inorganic,30,3452,0.0854,0.4058,167,167,167,false,false,false,true,false,Trigonal,0.000e0,0.000e0,0.000e0,5.124e-6,,
2101069,A,PASS,organic_or_metalorganic,184,3782,0.1353,1.0195,14,14,14,false,false,false,true,false,Monoclinic,0.000e0,0.000e0,0.000e0,4.747e-15,,
2101069,B,PASS,organic_or_metalorganic,184,3782,0.1353,2.8250,14,14,14,false,false,false,true,false,Monoclinic,0.000e0,0.000e0,0.000e0,4.747e-15,,
2101121,A,PASS,organic_or_metalorganic,89,10886,0.1223,0.4556,1,1,1,false,false,false,true,false,Triclinic,0.000e0,0.000e0,0.000e0,2.135e-15,,
2101121,B,PASS,organic_or_metalorganic,89,10886,0.1223,0.8218,1,1,1,false,false,false,true,false,Triclinic,0.000e0,0.000e0,0.000e0,2.135e-15,,
2101129,A,PASS,organic_or_metalorganic,90,4605,0.0700,0.4962,2,2,2,false,false,false,true,false,Triclinic,0.000e0,0.000e0,0.000e0,4.284e-15,,
2101129,B,PASS,organic_or_metalorganic,90,4605,0.0700,1.0013,2,2,2,false,false,false,true,false,Triclinic,0.000e0,0.000e0,0.000e0,4.284e-15,,
2101279,A,PASS,organic_or_metalorganic,80,3479,0.0602,0.4114,14,14,14,false,false,false,true,false,Monoclinic,0.000e0,0.000e0,0.000e0,1.507e-15,,
2101279,B,PASS,organic_or_metalorganic,80,3479,0.0602,0.7100,14,14,14,false,false,false,true,false,Monoclinic,0.000e0,0.000e0,0.000e0,1.507e-15,,
2101286,A,PASS,organic_or_metalorganic,60,5884,0.1693,0.3437,4,4,4,false,false,false,true,false,Monoclinic,0.000e0,0.000e0,0.000e0,1.668e-15,,
2101286,B,PASS,organic_or_metalorganic,60,5884,0.1693,0.6898,4,4,4,false,false,false,true,false,Monoclinic,0.000e0,0.000e0,0.000e0,1.668e-15,,
2101300,A,PASS,organic_or_metalorganic,208,15255,0.2244,1.2983,18,18,18,false,false,true,true,false,Orthorhombic,0.000e0,0.000e0,0.000e0,4.700e-15,,
2101300,B,PASS,organic_or_metalorganic,208,15255,0.2244,2.6145,18,18,18,false,false,true,true,false,Orthorhombic,0.000e0,0.000e0,0.000e0,4.700e-15,,
2101582,A,PASS,inorganic,6,2068,0.0399,0.0932,1,1,,false,false,false,true,false,Triclinic,0.000e0,0.000e0,0.000e0,0.000e0,,
2101582,B,PASS,inorganic,6,2068,0.0399,0.1602,1,1,,false,false,false,true,false,Triclinic,0.000e0,0.000e0,0.000e0,0.000e0,,
2101751,A,PASS,inorganic,156,3077,0.0996,0.8744,15,15,15,false,false,false,true,false,Monoclinic,0.000e0,0.000e0,0.000e0,3.374e-15,,
2101751,B,PASS,inorganic,156,3077,0.0996,1.7365,15,15,15,false,false,false,true,false,Monoclinic,0.000e0,0.000e0,0.000e0,3.374e-15,,
2101759,A,PASS,inorganic,184,3314,0.1572,1.0118,15,15,15,false,false,false,true,false,Monoclinic,0.000e0,0.000e0,0.000e0,4.523e-15,,
2101759,B,PASS,inorganic,184,3314,0.1572,2.0291,15,15,15,false,false,false,true,false,Monoclinic,0.000e0,0.000e0,0.000e0,4.523e-15,,
2101840,A,PASS,organic_or_metalorganic,384,14443,0.5285,2.1470,15,15,15,true,false,true,true,false,Monoclinic,0.000e0,0.000e0,0.000e0,5.338e-15,,
2101840,B,LOSS_OCCUPANCY_EXPECTED,organic_or_metalorganic,384,14443,0.5285,3.5037,15,15,15,true,false,true,true,false,Monoclinic,0.000e0,0.000e0,0.000e0,5.338e-15,LOSS_OCCUPANCY_EXPECTED,
2101907,A,PASS,organic_or_metalorganic,184,14526,0.2501,0.7916,14,14,14,false,false,true,true,false,Monoclinic,0.000e0,0.000e0,0.000e0,3.135e-15,,
2101907,B,PASS,organic_or_metalorganic,184,14526,0.2501,1.5495,14,14,14,false,false,true,true,false,Monoclinic,0.000e0,0.000e0,0.000e0,3.135e-15,,
2101992,A,PASS,organic_or_metalorganic,492,16863,0.5072,2.0969,56,56,56,true,false,true,true,false,Orthorhombic,0.000e0,0.000e0,0.000e0,3.234e-15,,
2101992,B,LOSS_OCCUPANCY_EXPECTED,organic_or_metalorganic,492,16863,0.5072,4.1065,56,56,56,true,false,true,true,false,Orthorhombic,0.000e0,0.000e0,0.000e0,3.234e-15,LOSS_OCCUPANCY_EXPECTED,
2102282,A,PASS,inorganic,52,9512,0.1278,0.3014,15,15,15,false,false,false,true,false,Monoclinic,0.000e0,0.000e0,0.000e0,7.386e-14,,
2102282,B,PASS,inorganic,52,9512,0.1278,0.5992,15,15,15,false,false,false,true,false,Monoclinic,0.000e0,0.000e0,0.000e0,7.386e-14,,
2102401,A,PASS,organic_or_metalorganic,160,3601,0.1774,0.7118,1,1,43,false,false,false,true,false,Triclinic,0.000e0,0.000e0,0.000e0,1.156e-14,,
2102401,B,PASS,organic_or_metalorganic,160,3601,0.1774,1.3830,1,1,43,false,false,false,true,false,Triclinic,0.000e0,0.000e0,0.000e0,1.156e-14,,
2102438,A,PASS,inorganic,52,2676,0.0810,0.2756,1,1,43,false,false,false,true,false,Triclinic,0.000e0,0.000e0,0.000e0,5.098e-15,,
2102438,B,PASS,inorganic,52,2676,0.0810,0.4670,1,1,43,false,false,false,true,false,Triclinic,0.000e0,0.000e0,0.000e0,5.098e-15,,
2102586,A,PASS,organic_or_metalorganic,116,11656,0.1291,0.5353,14,14,14,true,false,true,true,false,Monoclinic,0.000e0,0.000e0,0.000e0,3.734e-15,,
2102586,B,LOSS_OCCUPANCY_EXPECTED,organic_or_metalorganic,116,11656,0.1291,1.3119,14,14,14,true,false,true,true,false,Monoclinic,0.000e0,0.000e0,0.000e0,3.734e-15,LOSS_OCCUPANCY_EXPECTED,
2102677,A,PASS,organic_or_metalorganic,68,9266,0.0916,0.2971,14,14,14,false,false,true,true,false,Monoclinic,0.000e0,0.000e0,0.000e0,2.637e-15,,
2102677,B,PASS,organic_or_metalorganic,68,9266,0.0916,0.5931,14,14,14,false,false,true,true,false,Monoclinic,0.000e0,0.000e0,0.000e0,2.637e-15,,
2102760,A,PASS,organic_or_metalorganic,116,13784,0.3369,0.5062,9,9,9,false,false,true,true,false,Monoclinic,0.000e0,0.000e0,0.000e0,4.268e-15,,
2102760,B,PASS,organic_or_metalorganic,116,13784,0.3369,0.9949,9,9,9,false,false,true,true,false,Monoclinic,0.000e0,0.000e0,0.000e0,4.268e-15,,
2103092,A,PASS,inorganic,62,6068,0.1220,0.2842,176,176,176,true,false,true,true,false,Hexagonal,0.000e0,0.000e0,0.000e0,6.218e-6,,
2103092,B,LOSS_OCCUPANCY_EXPECTED,inorganic,62,6068,0.1220,0.5777,176,176,176,true,false,true,true,false,Hexagonal,0.000e0,0.000e0,0.000e0,6.218e-6,LOSS_OCCUPANCY_EXPECTED,
2103485,A,PASS,organic_or_metalorganic,232,15081,0.2284,0.9705,14,14,14,true,false,true,true,false,Monoclinic,0.000e0,0.000e0,0.000e0,4.574e-15,,
2103485,B,LOSS_OCCUPANCY_EXPECTED,organic_or_metalorganic,232,15081,0.2284,1.9369,14,14,14,true,false,true,true,false,Monoclinic,0.000e0,0.000e0,0.000e0,4.574e-15,LOSS_OCCUPANCY_EXPECTED,
2103620,A,PASS,organic_or_metalorganic,252,25108,0.3538,1.0538,4,4,4,true,false,true,true,false,Monoclinic,0.000e0,0.000e0,0.000e0,3.821e-15,,
2103620,B,LOSS_OCCUPANCY_EXPECTED,organic_or_metalorganic,252,25108,0.3538,2.1134,4,4,4,true,false,true,true,false,Monoclinic,0.000e0,0.000e0,0.000e0,3.821e-15,LOSS_OCCUPANCY_EXPECTED,
2103655,A,PASS,organic_or_metalorganic,274,111077,1.0545,1.1589,2,2,2,false,false,false,true,false,Triclinic,0.000e0,0.000e0,0.000e0,1.063e-14,,
2103655,B,PASS,organic_or_metalorganic,274,111077,1.0545,2.2852,2,2,2,false,false,false,true,false,Triclinic,0.000e0,0.000e0,0.000e0,1.063e-14,,
2103696,A,PASS,organic_or_metalorganic,360,23048,0.4706,1.5341,14,14,14,false,false,true,true,false,Monoclinic,0.000e0,0.000e0,0.000e0,3.600e-15,,
2103696,B,PASS,organic_or_metalorganic,360,23048,0.4706,3.0814,14,14,14,false,false,true,true,false,Monoclinic,0.000e0,0.000e0,0.000e0,3.600e-15,,
2103788,A,PASS,inorganic,120,8329,0.2113,0.5234,19,19,19,false,false,true,true,false,Orthorhombic,0.000e0,0.000e0,0.000e0,2.736e-15,,
2103788,B,PASS,inorganic,120,8329,0.2113,1.0346,19,19,19,false,false,true,true,false,Orthorhombic,0.000e0,0.000e0,0.000e0,2.736e-15,,
2103872,A,PASS,organic_or_metalorganic,39,13418,0.2091,0.2426,1,1,1,false,false,true,true,false,Triclinic,0.000e0,0.000e0,0.000e0,1.886e-15,,
2103872,B,PASS,organic_or_metalorganic,39,13418,0.2091,0.5776,1,1,1,false,false,true,true,false,Triclinic,0.000e0,0.000e0,0.000e0,1.886e-15,,
2103963,A,PASS,organic_or_metalorganic,348,20648,0.2847,1.4837,15,15,15,true,false,true,true,false,Monoclinic,0.000e0,0.000e0,0.000e0,4.387e-15,,
2103963,B,LOSS_OCCUPANCY_EXPECTED,organic_or_metalorganic,348,20648,0.2847,2.9510,15,15,15,true,false,true,true,false,Monoclinic,0.000e0,0.000e0,0.000e0,4.387e-15,LOSS_OCCUPANCY_EXPECTED,
2103974,A,PASS,organic_or_metalorganic,152,23088,0.5547,0.8364,64,64,64,true,false,true,true,false,Orthorhombic,0.000e0,0.000e0,0.000e0,2.218e-15,,
2103974,B,LOSS_OCCUPANCY_EXPECTED,organic_or_metalorganic,152,23088,0.5547,1.4456,64,64,64,true,false,true,true,false,Orthorhombic,0.000e0,0.000e0,0.000e0,2.218e-15,LOSS_OCCUPANCY_EXPECTED,
2104056,A,PASS,inorganic,16,10236,0.1066,0.1098,55,55,55,false,false,true,true,false,Orthorhombic,0.000e0,0.000e0,0.000e0,8.568e-16,,
2104056,B,PASS,inorganic,16,10236,0.1066,0.2316,55,55,55,false,false,true,true,false,Orthorhombic,0.000e0,0.000e0,0.000e0,8.568e-16,,
2104186,A,PASS,organic_or_metalorganic,344,24765,0.4493,1.4653,14,14,14,false,false,true,true,false,Monoclinic,0.000e0,0.000e0,0.000e0,7.725e-15,,
2104186,B,PASS,organic_or_metalorganic,344,24765,0.4493,2.9591,14,14,14,false,false,true,true,false,Monoclinic,0.000e0,0.000e0,0.000e0,7.725e-15,,
2104278,A,PASS,organic_or_metalorganic,96,11619,0.3193,0.4184,14,14,14,false,false,true,true,false,Monoclinic,0.000e0,0.000e0,0.000e0,3.087e-15,,
2104278,B,PASS,organic_or_metalorganic,96,11619,0.3193,0.8502,14,14,14,false,false,true,true,false,Monoclinic,0.000e0,0.000e0,0.000e0,3.087e-15,,
2104303,A,PASS,inorganic,26,16267,0.2922,0.1288,4,4,173,true,false,true,true,false,Monoclinic,0.000e0,0.000e0,0.000e0,2.600e-15,,
2104303,B,LOSS_OCCUPANCY_EXPECTED,inorganic,26,16267,0.2922,0.2574,4,4,173,true,false,true,true,false,Monoclinic,0.000e0,0.000e0,0.000e0,2.600e-15,LOSS_OCCUPANCY_EXPECTED,
2104333,A,PASS,organic_or_metalorganic,101,26973,0.6803,0.4562,1,1,1,true,false,true,true,false,Triclinic,0.000e0,0.000e0,0.000e0,1.472e-15,,
2104333,B,LOSS_OCCUPANCY_EXPECTED,organic_or_metalorganic,101,26973,0.6803,0.8791,1,1,1,true,false,true,true,false,Triclinic,0.000e0,0.000e0,0.000e0,1.472e-15,LOSS_OCCUPANCY_EXPECTED,
2104419,A,PASS,inorganic,4,9598,0.0747,0.0388,6,6,,false,false,true,true,false,Monoclinic,0.000e0,0.000e0,0.000e0,0.000e0,,
2104419,B,PASS,inorganic,4,9598,0.0747,0.0797,6,6,,false,false,true,true,false,Monoclinic,0.000e0,0.000e0,0.000e0,0.000e0,,
2104456,A,PASS,inorganic,24,14450,0.1783,0.1190,36,36,36,false,false,true,true,false,Orthorhombic,0.000e0,0.000e0,0.000e0,1.615e-15,,
2104456,B,PASS,inorganic,24,14450,0.1783,0.2380,36,36,36,false,false,true,true,false,Orthorhombic,0.000e0,0.000e0,0.000e0,1.615e-15,,
2104529,A,SYMMETRY_UNDETERMINED_BOTH,organic_or_metalorganic,936,17654,1.1842,4.1806,NA,NA,15,true,false,false,true,true,Undetermined,0.000e0,0.000e0,0.000e0,7.723e-15,SYMMETRY_UNDETERMINED_BOTH,
2104529,B,LOSS_OCCUPANCY_EXPECTED,organic_or_metalorganic,936,17654,1.1842,8.9714,NA,NA,15,true,false,false,true,true,Undetermined,0.000e0,0.000e0,0.000e0,7.723e-15,LOSS_OCCUPANCY_EXPECTED; SYMMETRY_UNDETERMINED_BOTH,
2105078,A,PASS,organic_or_metalorganic,100,17556,0.2917,0.6085,14,14,14,false,false,true,true,false,Monoclinic,0.000e0,0.000e0,0.000e0,5.385e-15,,
2105078,B,PASS,organic_or_metalorganic,100,17556,0.2917,0.8874,14,14,14,false,false,true,true,false,Monoclinic,0.000e0,0.000e0,0.000e0,5.385e-15,,
2105319,A,PASS,organic_or_metalorganic,372,69688,0.8281,1.5857,2,2,2,false,false,true,true,false,Triclinic,0.000e0,0.000e0,0.000e0,4.308e-15,,
2105319,B,PASS,organic_or_metalorganic,372,69688,0.8281,3.1083,2,2,2,false,false,true,true,false,Triclinic,0.000e0,0.000e0,0.000e0,4.308e-15,,
2105392,A,PASS,inorganic,40,2869,0.1840,0.2445,220,220,220,false,true,false,true,false,Cubic,0.000e0,0.000e0,0.000e0,1.448e-15,,
2105392,B,LOSS_OXIDATION_EXPECTED,inorganic,40,2869,0.1840,0.4837,220,220,220,false,true,false,true,false,Cubic,0.000e0,0.000e0,0.000e0,1.448e-15,LOSS_OXIDATION_EXPECTED,
2105452,A,PASS,organic_or_metalorganic,96,15395,0.2817,0.5607,14,14,14,false,false,true,true,false,Monoclinic,0.000e0,0.000e0,0.000e0,3.084e-15,,
2105452,B,PASS,organic_or_metalorganic,96,15395,0.2817,1.0661,14,14,14,false,false,true,true,false,Monoclinic,0.000e0,0.000e0,0.000e0,3.084e-15,,
2105558,A,PASS,organic_or_metalorganic,96,7393,0.1109,0.5482,2,2,2,false,false,false,true,false,Triclinic,0.000e0,0.000e0,0.000e0,3.775e-15,,
2105558,B,PASS,organic_or_metalorganic,96,7393,0.1109,1.0779,2,2,2,false,false,false,true,false,Triclinic,0.000e0,0.000e0,0.000e0,3.775e-15,,
2105643,A,PASS,inorganic,64,18146,0.1637,0.3224,33,33,33,false,false,true,true,false,Orthorhombic,0.000e0,0.000e0,0.000e0,3.285e-15,,
2105643,B,PASS,inorganic,64,18146,0.1637,0.5791,33,33,33,false,false,true,true,false,Orthorhombic,0.000e0,0.000e0,0.000e0,3.285e-15,,
2106044,A,PASS,inorganic,40,2434,0.0534,0.2437,14,14,14,false,true,false,true,false,Monoclinic,0.000e0,0.000e0,0.000e0,2.427e-15,,
2106044,B,LOSS_OXIDATION_EXPECTED,inorganic,40,2434,0.0534,0.4713,14,14,14,false,true,false,true,false,Monoclinic,0.000e0,0.000e0,0.000e0,2.427e-15,LOSS_OXIDATION_EXPECTED,
2106045,A,PASS,inorganic,48,2298,0.0657,0.2200,64,64,64,false,false,false,true,false,Orthorhombic,0.000e0,0.000e0,0.000e0,5.138e-16,,
2106045,B,PASS,inorganic,48,2298,0.0657,0.4350,64,64,64,false,false,false,true,false,Orthorhombic,0.000e0,0.000e0,0.000e0,5.138e-16,,
2106060,A,SYMMETRY_UNDETERMINED_BOTH,inorganic,126,3248,0.2762,0.5348,NA,NA,38,true,true,false,true,true,Undetermined,0.000e0,0.000e0,0.000e0,1.052e-14,SYMMETRY_UNDETERMINED_BOTH,
2106060,B,LOSS_OCCUPANCY_EXPECTED,inorganic,126,3248,0.2762,1.0704,NA,NA,38,true,true,false,true,true,Undetermined,0.000e0,0.000e0,0.000e0,1.052e-14,LOSS_OCCUPANCY_EXPECTED; LOSS_OXIDATION_EXPECTED; SYMMETRY_UNDETERMINED_BOTH,
2106132,A,PASS,inorganic,54,2360,0.0876,0.4897,215,215,215,true,false,false,true,false,Cubic,0.000e0,0.000e0,0.000e0,1.168e-15,,
2106132,B,LOSS_OCCUPANCY_EXPECTED,inorganic,54,2360,0.0876,0.4944,215,215,215,true,false,false,true,false,Cubic,0.000e0,0.000e0,0.000e0,1.168e-15,LOSS_OCCUPANCY_EXPECTED,
2106568,A,PASS,inorganic,11,2387,0.0449,0.0985,123,123,123,true,false,false,true,false,Tetragonal,0.000e0,0.000e0,0.000e0,1.359e-15,,
2106568,B,LOSS_OCCUPANCY_EXPECTED,inorganic,11,2387,0.0449,0.1754,123,123,123,true,false,false,true,false,Tetragonal,0.000e0,0.000e0,0.000e0,1.359e-15,LOSS_OCCUPANCY_EXPECTED,
2106576,A,PASS,inorganic,100,2511,0.1200,0.6930,15,15,193,false,true,false,true,false,Monoclinic,0.000e0,0.000e0,0.000e0,1.148e-15,,
2106576,B,LOSS_OXIDATION_EXPECTED,inorganic,100,2511,0.1200,0.8847,15,15,193,false,true,false,true,false,Monoclinic,0.000e0,0.000e0,0.000e0,1.148e-15,LOSS_OXIDATION_EXPECTED,
2106635,A,SYMMETRY_UNDETERMINED_BOTH,inorganic,28,3568,0.0500,0.3001,NA,NA,62,true,false,false,true,true,Undetermined,0.000e0,0.000e0,0.000e0,1.864e-15,SYMMETRY_UNDETERMINED_BOTH,
2106635,B,LOSS_OCCUPANCY_EXPECTED,inorganic,28,3568,0.0500,0.4117,NA,NA,62,true,false,false,true,true,Undetermined,0.000e0,0.000e0,0.000e0,1.864e-15,LOSS_OCCUPANCY_EXPECTED; SYMMETRY_UNDETERMINED_BOTH,
2106670,A,PASS,inorganic,64,2536,0.1906,0.3024,12,12,12,true,true,false,true,false,Monoclinic,0.000e0,0.000e0,0.000e0,1.308e-15,,
2106670,B,LOSS_OCCUPANCY_EXPECTED,inorganic,64,2536,0.1906,0.5652,12,12,12,true,true,false,true,false,Monoclinic,0.000e0,0.000e0,0.000e0,1.308e-15,LOSS_OCCUPANCY_EXPECTED; LOSS_OXIDATION_EXPECTED,
2106722,A,PASS,organic_or_metalorganic,112,2595,0.1153,0.6231,15,15,15,false,true,false,true,false,Monoclinic,0.000e0,0.000e0,0.000e0,3.254e-15,,
2106722,B,LOSS_OXIDATION_EXPECTED,organic_or_metalorganic,112,2595,0.1153,0.9871,15,15,15,false,true,false,true,false,Monoclinic,0.000e0,0.000e0,0.000e0,3.254e-15,LOSS_OXIDATION_EXPECTED,
2106816,A,PASS,inorganic,28,2288,0.0290,0.1768,14,14,14,false,true,false,true,false,Monoclinic,0.000e0,0.000e0,0.000e0,1.099e-15,,
2106816,B,LOSS_OXIDATION_EXPECTED,inorganic,28,2288,0.0290,0.5972,14,14,14,false,true,false,true,false,Monoclinic,0.000e0,0.000e0,0.000e0,1.099e-15,LOSS_OXIDATION_EXPECTED,
2106910,A,PASS,inorganic,22,2250,0.0274,0.1514,55,55,55,false,false,false,true,false,Orthorhombic,0.000e0,0.000e0,0.000e0,3.226e-15,,
2106910,B,PASS,inorganic,22,2250,0.0274,0.2771,55,55,55,false,false,false,true,false,Orthorhombic,0.000e0,0.000e0,0.000e0,3.226e-15,,
2106915,A,PASS,inorganic,24,2525,0.1174,0.1198,9,9,186,false,true,false,true,false,Monoclinic,0.000e0,0.000e0,0.000e0,4.707e-16,,
2106915,B,LOSS_OXIDATION_EXPECTED,inorganic,24,2525,0.1174,0.2347,9,9,186,false,true,false,true,false,Monoclinic,0.000e0,0.000e0,0.000e0,4.707e-16,LOSS_OXIDATION_EXPECTED,
2107037,A,PASS,inorganic,20,2251,0.0612,0.1340,62,62,62,false,true,false,true,false,Orthorhombic,0.000e0,0.000e0,0.000e0,1.546e-15,,
2107037,B,LOSS_OXIDATION_EXPECTED,inorganic,20,2251,0.0612,0.2655,62,62,62,false,true,false,true,false,Orthorhombic,0.000e0,0.000e0,0.000e0,1.546e-15,LOSS_OXIDATION_EXPECTED,
2107058,A,PASS,inorganic,36,4670,0.3668,0.3915,225,225,225,false,true,false,true,false,Cubic,0.000e0,0.000e0,0.000e0,0.000e0,,
2107058,B,LOSS_OXIDATION_EXPECTED,inorganic,36,4670,0.3668,0.3389,225,225,225,false,true,false,true,false,Cubic,0.000e0,0.000e0,0.000e0,0.000e0,LOSS_OXIDATION_EXPECTED,
2107227,A,SYMMETRY_UNDETERMINED_BOTH,inorganic,36,2576,0.0717,0.3590,NA,NA,12,true,true,false,true,true,Undetermined,0.000e0,0.000e0,0.000e0,1.696e-15,SYMMETRY_UNDETERMINED_BOTH,
2107227,B,LOSS_OCCUPANCY_EXPECTED,inorganic,36,2576,0.0717,0.3376,NA,NA,12,true,true,false,true,true,Undetermined,0.000e0,0.000e0,0.000e0,1.696e-15,LOSS_OCCUPANCY_EXPECTED; LOSS_OXIDATION_EXPECTED; SYMMETRY_UNDETERMINED_BOTH,
2107283,A,SYMMETRY_UNDETERMINED_BOTH,inorganic,84,8096,0.1181,0.3920,NA,NA,141,true,false,true,true,true,Undetermined,0.000e0,0.000e0,0.000e0,2.422e-16,SYMMETRY_UNDETERMINED_BOTH,
2107283,B,LOSS_OCCUPANCY_EXPECTED,inorganic,84,8096,0.1181,1.6019,NA,NA,141,true,false,true,true,true,Undetermined,0.000e0,0.000e0,0.000e0,2.422e-16,LOSS_OCCUPANCY_EXPECTED; SYMMETRY_UNDETERMINED_BOTH,
2107452,A,SYMMETRY_UNDETERMINED_BOTH,inorganic,8,4570,0.0615,0.0683,NA,NA,137,true,false,false,true,true,Undetermined,0.000e0,0.000e0,0.000e0,0.000e0,SYMMETRY_UNDETERMINED_BOTH,
2107452,B,LOSS_OCCUPANCY_EXPECTED,inorganic,8,4570,0.0615,0.1079,NA,NA,137,true,false,false,true,true,Undetermined,0.000e0,0.000e0,0.000e0,0.000e0,LOSS_OCCUPANCY_EXPECTED; SYMMETRY_UNDETERMINED_BOTH,
2107615,A,PASS,organic_or_metalorganic,96,176406,0.3547,0.5287,14,14,14,false,false,true,true,false,Monoclinic,0.000e0,0.000e0,0.000e0,2.752e-15,,
2107615,B,PASS,organic_or_metalorganic,96,176406,0.3547,0.9317,14,14,14,false,false,true,true,false,Monoclinic,0.000e0,0.000e0,0.000e0,2.752e-15,,
2107748,A,PASS,inorganic,60,7647,0.0923,0.3366,19,19,19,false,false,true,true,false,Orthorhombic,0.000e0,0.000e0,0.000e0,2.430e-15,,
2107748,B,PASS,inorganic,60,7647,0.0923,0.6848,19,19,19,false,false,true,true,false,Orthorhombic,0.000e0,0.000e0,0.000e0,2.430e-15,,
2107757,A,PASS,inorganic,60,7635,0.0899,0.2683,33,33,33,false,false,true,true,false,Orthorhombic,0.000e0,0.000e0,0.000e0,2.121e-15,,
2107757,B,PASS,inorganic,60,7635,0.0899,0.5343,33,33,33,false,false,true,true,false,Orthorhombic,0.000e0,0.000e0,0.000e0,2.121e-15,,
2107832,A,PASS,inorganic,60,7631,0.0877,0.2668,14,14,14,false,false,true,true,false,Monoclinic,0.000e0,0.000e0,0.000e0,1.336e-15,,
2107832,B,PASS,inorganic,60,7631,0.0877,0.5297,14,14,14,false,false,true,true,false,Monoclinic,0.000e0,0.000e0,0.000e0,1.336e-15,,
2107990,A,PASS,organic_or_metalorganic,416,34567,0.4948,2.0479,14,14,14,false,false,true,true,false,Monoclinic,0.000e0,0.000e0,0.000e0,4.215e-15,,
2107990,B,PASS,organic_or_metalorganic,416,34567,0.4948,3.4691,14,14,14,false,false,true,true,false,Monoclinic,0.000e0,0.000e0,0.000e0,4.215e-15,,
2107993,A,SYMMETRY_UNDETERMINED_BOTH,inorganic,312,75077,1.0460,1.3398,NA,NA,126,true,false,true,true,true,Undetermined,0.000e0,0.000e0,0.000e0,2.727e-15,SYMMETRY_UNDETERMINED_BOTH,
2107993,B,LOSS_OCCUPANCY_EXPECTED,inorganic,312,75077,1.0460,2.6255,NA,NA,126,true,false,true,true,true,Undetermined,0.000e0,0.000e0,0.000e0,2.727e-15,LOSS_OCCUPANCY_EXPECTED; SYMMETRY_UNDETERMINED_BOTH,
2108124,A,PASS,organic_or_metalorganic,108,9969,0.2838,0.6022,15,15,15,false,false,true,true,false,Monoclinic,0.000e0,0.000e0,0.000e0,1.984e-15,,
2108124,B,PASS,organic_or_metalorganic,108,9969,0.2838,1.7722,15,15,15,false,false,true,true,false,Monoclinic,0.000e0,0.000e0,0.000e0,1.984e-15,,
2108133,A,PASS,organic_or_metalorganic,41,9539,0.0933,0.2411,2,2,2,false,false,true,true,false,Triclinic,0.000e0,0.000e0,0.000e0,1.884e-15,,
2108133,B,PASS,organic_or_metalorganic,41,9539,0.0933,0.4901,2,2,2,false,false,true,true,false,Triclinic,0.000e0,0.000e0,0.000e0,1.884e-15,,
2108275,A,PASS,organic_or_metalorganic,208,14885,0.2197,0.8922,15,15,15,false,false,true,true,false,Monoclinic,0.000e0,0.000e0,0.000e0,3.890e-15,,
2108275,B,PASS,organic_or_metalorganic,208,14885,0.2197,1.7461,15,15,15,false,false,true,true,false,Monoclinic,0.000e0,0.000e0,0.000e0,3.890e-15,,
2108639,A,PASS,organic_or_metalorganic,180,299848,0.6812,0.7421,14,14,14,false,false,true,true,false,Monoclinic,0.000e0,0.000e0,0.000e0,4.995e-15,,
2108639,B,PASS,organic_or_metalorganic,180,299848,0.6812,1.5154,14,14,14,false,false,true,true,false,Monoclinic,0.000e0,0.000e0,0.000e0,4.995e-15,,
2108891,A,PASS,organic_or_metalorganic,96,5794,0.1029,0.5451,40,40,40,false,true,false,true,false,Orthorhombic,0.000e0,0.000e0,0.000e0,5.421e-6,,
2108891,B,LOSS_OXIDATION_EXPECTED,organic_or_metalorganic,96,5794,0.1029,1.1361,40,40,40,false,true,false,true,false,Orthorhombic,0.000e0,0.000e0,0.000e0,5.421e-6,LOSS_OXIDATION_EXPECTED,
2200063,A,PASS,organic_or_metalorganic,268,15601,0.5393,1.0861,19,19,19,true,false,true,true,false,Orthorhombic,0.000e0,0.000e0,0.000e0,3.903e-15,,
2200063,B,LOSS_OCCUPANCY_EXPECTED,organic_or_metalorganic,268,15601,0.5393,2.1367,19,19,19,true,false,true,true,false,Orthorhombic,0.000e0,0.000e0,0.000e0,3.903e-15,LOSS_OCCUPANCY_EXPECTED,
2200064,A,PASS,organic_or_metalorganic,114,17870,0.4291,0.5223,2,2,2,false,false,true,true,false,Triclinic,0.000e0,0.000e0,0.000e0,2.642e-15,,
2200064,B,PASS,organic_or_metalorganic,114,17870,0.4291,0.9772,2,2,2,false,false,true,true,false,Triclinic,0.000e0,0.000e0,0.000e0,2.642e-15,,
2200196,A,PASS,organic_or_metalorganic,106,15213,0.2004,0.5889,2,2,2,false,false,true,true,false,Triclinic,0.000e0,0.000e0,0.000e0,2.297e-15,,
2200196,B,PASS,organic_or_metalorganic,106,15213,0.2004,1.1738,2,2,2,false,false,true,true,false,Triclinic,0.000e0,0.000e0,0.000e0,2.297e-15,,
2200203,A,PASS,organic_or_metalorganic,260,15124,0.3098,2.3321,14,14,14,false,false,true,true,false,Monoclinic,0.000e0,0.000e0,0.000e0,4.195e-15,,
2200203,B,PASS,organic_or_metalorganic,260,15124,0.3098,2.1771,14,14,14,false,false,true,true,false,Monoclinic,0.000e0,0.000e0,0.000e0,4.195e-15,,
2200268,A,PASS,organic_or_metalorganic,196,13686,0.2215,0.8458,19,19,19,false,false,true,true,false,Orthorhombic,0.000e0,0.000e0,0.000e0,2.695e-15,,
2200268,B,PASS,organic_or_metalorganic,196,13686,0.2215,1.5888,19,19,19,false,false,true,true,false,Orthorhombic,0.000e0,0.000e0,0.000e0,2.695e-15,,
2200269,A,PASS,organic_or_metalorganic,196,14827,0.2524,1.0706,14,14,14,false,false,true,true,false,Monoclinic,0.000e0,0.000e0,0.000e0,4.607e-15,,
2200269,B,PASS,organic_or_metalorganic,196,14827,0.2524,1.6721,14,14,14,false,false,true,true,false,Monoclinic,0.000e0,0.000e0,0.000e0,4.607e-15,,
2200292,A,PASS,organic_or_metalorganic,198,16787,0.4940,0.8423,14,14,14,false,false,true,true,false,Monoclinic,0.000e0,0.000e0,0.000e0,3.016e-15,,
2200292,B,PASS,organic_or_metalorganic,198,16787,0.4940,1.6716,14,14,14,false,false,true,true,false,Monoclinic,0.000e0,0.000e0,0.000e0,3.016e-15,,
2200308,A,PASS,organic_or_metalorganic,108,11727,0.1902,0.4622,19,19,19,false,false,true,true,false,Orthorhombic,0.000e0,0.000e0,0.000e0,4.510e-15,,
2200308,B,PASS,organic_or_metalorganic,108,11727,0.1902,0.9312,19,19,19,false,false,true,true,false,Orthorhombic,0.000e0,0.000e0,0.000e0,4.510e-15,,
2200466,A,PASS,organic_or_metalorganic,76,9967,0.1300,0.7101,14,14,14,false,false,true,true,false,Monoclinic,0.000e0,0.000e0,0.000e0,3.097e-15,,
2200466,B,PASS,organic_or_metalorganic,76,9967,0.1300,0.6744,14,14,14,false,false,true,true,false,Monoclinic,0.000e0,0.000e0,0.000e0,3.097e-15,,
2200499,A,PASS,organic_or_metalorganic,168,23316,0.3614,0.9693,2,2,2,false,false,true,true,false,Triclinic,0.000e0,0.000e0,0.000e0,3.395e-15,,
2200499,B,PASS,organic_or_metalorganic,168,23316,0.3614,2.0356,2,2,2,false,false,true,true,false,Triclinic,0.000e0,0.000e0,0.000e0,3.395e-15,,
2200605,A,PASS,organic_or_metalorganic,84,11965,0.1577,0.4707,2,2,2,false,false,true,true,false,Triclinic,0.000e0,0.000e0,0.000e0,2.892e-15,,
2200605,B,PASS,organic_or_metalorganic,84,11965,0.1577,0.9426,2,2,2,false,false,true,true,false,Triclinic,0.000e0,0.000e0,0.000e0,2.892e-15,,
2200634,A,PASS,organic_or_metalorganic,524,21534,0.6534,2.2503,14,14,14,true,false,true,true,false,Monoclinic,0.000e0,0.000e0,0.000e0,4.721e-15,,
2200634,B,LOSS_OCCUPANCY_EXPECTED,organic_or_metalorganic,524,21534,0.6534,4.3824,14,14,14,true,false,true,true,false,Monoclinic,0.000e0,0.000e0,0.000e0,4.721e-15,LOSS_OCCUPANCY_EXPECTED,
2200675,A,PASS,organic_or_metalorganic,98,16384,0.2217,0.5360,2,2,2,false,false,true,true,false,Triclinic,0.000e0,0.000e0,0.000e0,2.811e-15,,
2200675,B,PASS,organic_or_metalorganic,98,16384,0.2217,1.0830,2,2,2,false,false,true,true,false,Triclinic,0.000e0,0.000e0,0.000e0,2.811e-15,,
2200787,A,PASS,organic_or_metalorganic,120,14672,0.2066,1.1051,2,2,147,false,false,true,true,false,Triclinic,0.000e0,0.000e0,0.000e0,2.993e-15,,
2200787,B,PASS,organic_or_metalorganic,120,14672,0.2066,1.0212,2,2,147,false,false,true,true,false,Triclinic,0.000e0,0.000e0,0.000e0,2.993e-15,,
2200877,A,PASS,organic_or_metalorganic,76,15253,0.1833,0.4255,2,2,2,false,false,true,true,false,Triclinic,0.000e0,0.000e0,0.000e0,2.756e-15,,
2200877,B,PASS,organic_or_metalorganic,76,15253,0.1833,0.8544,2,2,2,false,false,true,true,false,Triclinic,0.000e0,0.000e0,0.000e0,2.756e-15,,
2200935,A,PASS,organic_or_metalorganic,136,10471,0.3080,0.5803,15,15,15,true,false,true,true,false,Monoclinic,0.000e0,0.000e0,0.000e0,1.896e-15,,
2200935,B,LOSS_OCCUPANCY_EXPECTED,organic_or_metalorganic,136,10471,0.3080,1.1592,15,15,15,true,false,true,true,false,Monoclinic,0.000e0,0.000e0,0.000e0,1.896e-15,LOSS_OCCUPANCY_EXPECTED,
2200939,A,PASS,organic_or_metalorganic,282,18013,0.3697,1.2123,14,14,14,false,false,true,true,false,Monoclinic,0.000e0,0.000e0,0.000e0,4.781e-15,,
2200939,B,PASS,organic_or_metalorganic,282,18013,0.3697,2.3763,14,14,14,false,false,true,true,false,Monoclinic,0.000e0,0.000e0,0.000e0,4.781e-15,,
2201018,A,PASS,organic_or_metalorganic,100,12324,0.2903,0.4265,14,14,14,true,false,true,true,false,Monoclinic,0.000e0,0.000e0,0.000e0,4.651e-15,,
2201018,B,LOSS_OCCUPANCY_EXPECTED,organic_or_metalorganic,100,12324,0.2903,0.8636,14,14,14,true,false,true,true,false,Monoclinic,0.000e0,0.000e0,0.000e0,4.651e-15,LOSS_OCCUPANCY_EXPECTED,
2201203,A,PASS,organic_or_metalorganic,556,19595,0.6357,2.3840,15,15,15,false,false,true,true,false,Monoclinic,0.000e0,0.000e0,0.000e0,4.712e-15,,
2201203,B,PASS,organic_or_metalorganic,556,19595,0.6357,4.6456,15,15,15,false,false,true,true,false,Monoclinic,0.000e0,0.000e0,0.000e0,4.712e-15,,
2201363,A,PASS,organic_or_metalorganic,276,17322,0.5527,1.1718,14,14,14,false,false,true,true,false,Monoclinic,0.000e0,0.000e0,0.000e0,5.294e-15,,
2201363,B,PASS,organic_or_metalorganic,276,17322,0.5527,2.3234,14,14,14,false,false,true,true,false,Monoclinic,0.000e0,0.000e0,0.000e0,5.294e-15,,
2201611,A,PASS,organic_or_metalorganic,388,24570,0.6133,1.7988,14,14,14,false,false,true,true,false,Monoclinic,0.000e0,0.000e0,0.000e0,4.477e-15,,
2201611,B,PASS,organic_or_metalorganic,388,24570,0.6133,3.5474,14,14,14,false,false,true,true,false,Monoclinic,0.000e0,0.000e0,0.000e0,4.477e-15,,
2201637,A,PASS,inorganic,52,5283,0.1306,0.2301,14,14,14,false,false,false,true,false,Monoclinic,0.000e0,0.000e0,0.000e0,1.976e-15,,
2201637,B,PASS,inorganic,52,5283,0.1306,0.4661,14,14,14,false,false,false,true,false,Monoclinic,0.000e0,0.000e0,0.000e0,1.976e-15,,
2201683,A,PASS,organic_or_metalorganic,200,14810,0.4583,1.0442,14,14,14,false,false,true,true,false,Monoclinic,0.000e0,0.000e0,0.000e0,5.056e-15,,
2201683,B,PASS,organic_or_metalorganic,200,14810,0.4583,1.7587,14,14,14,false,false,true,true,false,Monoclinic,0.000e0,0.000e0,0.000e0,5.056e-15,,
2201919,A,PASS,organic_or_metalorganic,64,12507,0.1352,0.3600,2,2,2,false,false,true,true,false,Triclinic,0.000e0,0.000e0,0.000e0,2.106e-15,,
2201919,B,PASS,organic_or_metalorganic,64,12507,0.1352,0.6794,2,2,2,false,false,true,true,false,Triclinic,0.000e0,0.000e0,0.000e0,2.106e-15,,
2202019,A,PASS,organic_or_metalorganic,333,10385,0.5258,1.4024,2,2,148,false,false,true,true,false,Triclinic,0.000e0,0.000e0,0.000e0,1.046e-5,,
2202019,B,PASS,organic_or_metalorganic,333,10385,0.5258,2.7778,2,2,148,false,false,true,true,false,Triclinic,0.000e0,0.000e0,0.000e0,1.046e-5,,
2202095,A,PASS,organic_or_metalorganic,84,12723,0.1509,0.3636,29,29,29,false,false,true,true,false,Orthorhombic,0.000e0,0.000e0,0.000e0,2.212e-15,,
2202095,B,PASS,organic_or_metalorganic,84,12723,0.1509,0.7406,29,29,29,false,false,true,true,false,Orthorhombic,0.000e0,0.000e0,0.000e0,2.212e-15,,
2202104,A,PASS,organic_or_metalorganic,84,11908,0.2664,0.4633,33,33,33,false,false,true,true,false,Orthorhombic,0.000e0,0.000e0,0.000e0,3.318e-15,,
2202104,B,PASS,organic_or_metalorganic,84,11908,0.2664,0.9389,33,33,33,false,false,true,true,false,Orthorhombic,0.000e0,0.000e0,0.000e0,3.318e-15,,
2202232,A,PASS,organic_or_metalorganic,50,10877,0.1224,0.3165,2,2,2,false,false,true,true,false,Triclinic,0.000e0,0.000e0,0.000e0,1.900e-15,,
2202232,B,PASS,organic_or_metalorganic,50,10877,0.1224,0.4480,2,2,2,false,false,true,true,false,Triclinic,0.000e0,0.000e0,0.000e0,1.900e-15,,
2202294,A,PASS,inorganic,152,21031,0.3061,0.8239,2,2,2,true,false,true,true,false,Triclinic,0.000e0,0.000e0,0.000e0,5.621e-15,,
2202294,B,LOSS_OCCUPANCY_EXPECTED,inorganic,152,21031,0.3061,1.6433,2,2,2,true,false,true,true,false,Triclinic,0.000e0,0.000e0,0.000e0,5.621e-15,LOSS_OCCUPANCY_EXPECTED,
2202402,A,PASS,organic_or_metalorganic,176,16807,0.2263,0.7551,29,29,29,false,false,true,true,false,Orthorhombic,0.000e0,0.000e0,0.000e0,3.502e-15,,
2202402,B,PASS,organic_or_metalorganic,176,16807,0.2263,1.4837,29,29,29,false,false,true,true,false,Orthorhombic,0.000e0,0.000e0,0.000e0,3.502e-15,,
2202715,A,PASS,organic_or_metalorganic,232,19461,0.5391,0.9773,14,14,14,true,false,true,true,false,Monoclinic,0.000e0,0.000e0,0.000e0,4.861e-15,,
2202715,B,LOSS_OCCUPANCY_EXPECTED,organic_or_metalorganic,232,19461,0.5391,1.9550,14,14,14,true,false,true,true,false,Monoclinic,0.000e0,0.000e0,0.000e0,4.861e-15,LOSS_OCCUPANCY_EXPECTED,
2203103,A,PASS,organic_or_metalorganic,57,11632,0.2110,0.5166,2,2,2,false,false,true,true,false,Triclinic,0.000e0,0.000e0,0.000e0,2.824e-15,,
2203103,B,PASS,organic_or_metalorganic,57,11632,0.2110,0.6558,2,2,2,false,false,true,true,false,Triclinic,0.000e0,0.000e0,0.000e0,2.824e-15,,
2203126,A,PASS,organic_or_metalorganic,60,10874,0.2101,0.3452,4,4,4,false,false,true,true,false,Monoclinic,0.000e0,0.000e0,0.000e0,2.459e-15,,
2203126,B,PASS,organic_or_metalorganic,60,10874,0.2101,0.6772,4,4,4,false,false,true,true,false,Monoclinic,0.000e0,0.000e0,0.000e0,2.459e-15,,
2203319,A,PASS,organic_or_metalorganic,112,10883,0.1456,0.4819,14,14,14,false,false,true,true,false,Monoclinic,0.000e0,0.000e0,0.000e0,3.066e-15,,
2203319,B,PASS,organic_or_metalorganic,112,10883,0.1456,0.9647,14,14,14,false,false,true,true,false,Monoclinic,0.000e0,0.000e0,0.000e0,3.066e-15,,
2203589,A,PASS,organic_or_metalorganic,54,11466,0.2290,0.3423,2,2,2,false,false,true,true,false,Triclinic,0.000e0,0.000e0,0.000e0,2.956e-15,,
2203589,B,PASS,organic_or_metalorganic,54,11466,0.2290,0.6210,2,2,2,false,false,true,true,false,Triclinic,0.000e0,0.000e0,0.000e0,2.956e-15,,
2203601,A,PASS,organic_or_metalorganic,102,11757,0.2683,0.7386,14,14,14,false,false,true,true,false,Monoclinic,0.000e0,0.000e0,0.000e0,2.020e-15,,
2203601,B,PASS,organic_or_metalorganic,102,11757,0.2683,1.9029,14,14,14,false,false,true,true,false,Monoclinic,0.000e0,0.000e0,0.000e0,2.020e-15,,
2203715,A,PASS,organic_or_metalorganic,66,13526,0.1816,0.3475,11,11,11,false,false,true,true,false,Monoclinic,0.000e0,0.000e0,0.000e0,2.226e-15,,
2203715,B,PASS,organic_or_metalorganic,66,13526,0.1816,0.6643,11,11,11,false,false,true,true,false,Monoclinic,0.000e0,0.000e0,0.000e0,2.226e-15,,
2203810,A,PASS,organic_or_metalorganic,244,15719,0.4656,1.0392,19,19,19,false,false,true,true,false,Orthorhombic,0.000e0,0.000e0,0.000e0,3.580e-15,,
2203810,B,PASS,organic_or_metalorganic,244,15719,0.4656,2.0437,19,19,19,false,false,true,true,false,Orthorhombic,0.000e0,0.000e0,0.000e0,3.580e-15,,
2203819,A,PASS,organic_or_metalorganic,124,10490,0.1066,0.5251,14,14,14,false,false,true,true,false,Monoclinic,0.000e0,0.000e0,0.000e0,2.942e-15,,
2203819,B,PASS,organic_or_metalorganic,124,10490,0.1066,1.0744,14,14,14,false,false,true,true,false,Monoclinic,0.000e0,0.000e0,0.000e0,2.942e-15,,
2203842,A,PASS,organic_or_metalorganic,84,14336,0.2940,0.5257,2,2,2,false,false,true,true,false,Triclinic,0.000e0,0.000e0,0.000e0,3.101e-15,,
2203842,B,PASS,organic_or_metalorganic,84,14336,0.2940,0.7319,2,2,2,false,false,true,true,false,Triclinic,0.000e0,0.000e0,0.000e0,3.101e-15,,
2203935,A,PASS,organic_or_metalorganic,44,11287,0.0799,0.1993,2,2,2,false,false,true,true,false,Triclinic,0.000e0,0.000e0,0.000e0,2.042e-15,,
2203935,B,PASS,organic_or_metalorganic,44,11287,0.0799,0.4077,2,2,2,false,false,true,true,false,Triclinic,0.000e0,0.000e0,0.000e0,2.042e-15,,
2204078,A,PASS,organic_or_metalorganic,124,12437,0.1317,0.5320,14,14,14,false,false,true,true,false,Monoclinic,0.000e0,0.000e0,0.000e0,2.733e-15,,
2204078,B,PASS,organic_or_metalorganic,124,12437,0.1317,1.0709,14,14,14,false,false,true,true,false,Monoclinic,0.000e0,0.000e0,0.000e0,2.733e-15,,
2204156,A,PASS,organic_or_metalorganic,200,12068,0.1503,0.8545,61,61,61,false,false,true,true,false,Orthorhombic,0.000e0,0.000e0,0.000e0,2.980e-15,,
2204156,B,PASS,organic_or_metalorganic,200,12068,0.1503,1.6773,61,61,61,false,false,true,true,false,Orthorhombic,0.000e0,0.000e0,0.000e0,2.980e-15,,
2204285,A,PASS,organic_or_metalorganic,132,18062,0.3779,0.6704,4,4,4,true,false,true,true,false,Monoclinic,0.000e0,0.000e0,0.000e0,3.178e-15,,
2204285,B,LOSS_OCCUPANCY_EXPECTED,organic_or_metalorganic,132,18062,0.3779,1.1584,4,4,4,true,false,true,true,false,Monoclinic,0.000e0,0.000e0,0.000e0,3.178e-15,LOSS_OCCUPANCY_EXPECTED,
2204589,A,PASS,organic_or_metalorganic,152,13029,0.2832,0.9826,14,14,14,false,false,true,true,false,Monoclinic,0.000e0,0.000e0,0.000e0,2.809e-15,,
2204589,B,PASS,organic_or_metalorganic,152,13029,0.2832,1.7501,14,14,14,false,false,true,true,false,Monoclinic,0.000e0,0.000e0,0.000e0,2.809e-15,,
2204606,A,PASS,organic_or_metalorganic,212,14458,0.2310,0.9222,14,14,14,false,false,true,true,false,Monoclinic,0.000e0,0.000e0,0.000e0,3.145e-15,,
2204606,B,PASS,organic_or_metalorganic,212,14458,0.2310,1.8470,14,14,14,false,false,true,true,false,Monoclinic,0.000e0,0.000e0,0.000e0,3.145e-15,,
2204683,A,PASS,organic_or_metalorganic,144,13299,0.2320,0.6234,14,14,14,false,false,true,true,false,Monoclinic,0.000e0,0.000e0,0.000e0,2.666e-15,,
2204683,B,PASS,organic_or_metalorganic,144,13299,0.2320,1.2527,14,14,14,false,false,true,true,false,Monoclinic,0.000e0,0.000e0,0.000e0,2.666e-15,,
2204686,A,PASS,organic_or_metalorganic,44,10077,0.1846,0.2528,2,2,2,false,false,true,true,false,Triclinic,0.000e0,0.000e0,0.000e0,1.397e-15,,
2204686,B,PASS,organic_or_metalorganic,44,10077,0.1846,0.5158,2,2,2,false,false,true,true,false,Triclinic,0.000e0,0.000e0,0.000e0,1.397e-15,,
2204794,A,PASS,organic_or_metalorganic,300,21399,0.2888,1.2905,14,14,14,false,false,true,true,false,Monoclinic,0.000e0,0.000e0,0.000e0,4.566e-15,,
2204794,B,PASS,organic_or_metalorganic,300,21399,0.2888,2.5225,14,14,14,false,false,true,true,false,Monoclinic,0.000e0,0.000e0,0.000e0,4.566e-15,,
2204863,A,PASS,organic_or_metalorganic,212,27116,0.7739,1.0964,19,19,19,false,false,true,true,false,Orthorhombic,0.000e0,0.000e0,0.000e0,3.121e-15,,
2204863,B,PASS,organic_or_metalorganic,212,27116,0.7739,1.9159,19,19,19,false,false,true,true,false,Orthorhombic,0.000e0,0.000e0,0.000e0,3.121e-15,,
2204886,A,PASS,organic_or_metalorganic,64,12724,0.1500,0.3708,2,2,2,false,false,true,true,false,Triclinic,0.000e0,0.000e0,0.000e0,2.418e-15,,
2204886,B,PASS,organic_or_metalorganic,64,12724,0.1500,0.5684,2,2,2,false,false,true,true,false,Triclinic,0.000e0,0.000e0,0.000e0,2.418e-15,,
2204946,A,PASS,organic_or_metalorganic,172,17019,0.4039,0.7334,14,14,14,false,false,true,true,false,Monoclinic,0.000e0,0.000e0,0.000e0,3.996e-15,,
2204946,B,PASS,organic_or_metalorganic,172,17019,0.4039,1.4622,14,14,14,false,false,true,true,false,Monoclinic,0.000e0,0.000e0,0.000e0,3.996e-15,,
2205124,A,PASS,organic_or_metalorganic,192,11019,0.1400,0.8104,114,114,114,false,false,true,true,false,Tetragonal,0.000e0,0.000e0,0.000e0,2.437e-15,,
2205124,B,PASS,organic_or_metalorganic,192,11019,0.1400,1.6200,114,114,114,false,false,true,true,false,Tetragonal,0.000e0,0.000e0,0.000e0,2.437e-15,,
2205188,A,PASS,organic_or_metalorganic,118,15952,0.3233,0.6412,2,2,2,true,false,true,true,false,Triclinic,0.000e0,0.000e0,0.000e0,2.514e-15,,
2205188,B,LOSS_OCCUPANCY_EXPECTED,organic_or_metalorganic,118,15952,0.3233,1.4691,2,2,2,true,false,true,true,false,Triclinic,0.000e0,0.000e0,0.000e0,2.514e-15,LOSS_OCCUPANCY_EXPECTED,
2205244,A,PASS,organic_or_metalorganic,108,11007,0.1693,0.6098,14,14,14,false,false,true,true,false,Monoclinic,0.000e0,0.000e0,0.000e0,2.701e-15,,
2205244,B,PASS,organic_or_metalorganic,108,11007,0.1693,1.2055,14,14,14,false,false,true,true,false,Monoclinic,0.000e0,0.000e0,0.000e0,2.701e-15,,
2205383,A,PASS,organic_or_metalorganic,92,11109,0.2457,0.5299,19,19,19,false,false,true,true,false,Orthorhombic,0.000e0,0.000e0,0.000e0,2.742e-15,,
2205383,B,PASS,organic_or_metalorganic,92,11109,0.2457,0.7993,19,19,19,false,false,true,true,false,Orthorhombic,0.000e0,0.000e0,0.000e0,2.742e-15,,
2205682,A,PASS,organic_or_metalorganic,108,11966,0.2342,0.6059,14,14,14,false,false,true,true,false,Monoclinic,0.000e0,0.000e0,0.000e0,3.002e-15,,
2205682,B,PASS,organic_or_metalorganic,108,11966,0.2342,0.9417,14,14,14,false,false,true,true,false,Monoclinic,0.000e0,0.000e0,0.000e0,3.002e-15,,
2205691,A,PASS,organic_or_metalorganic,140,13028,0.3196,0.7737,14,14,14,false,false,true,true,false,Monoclinic,0.000e0,0.000e0,0.000e0,3.042e-15,,
2205691,B,PASS,organic_or_metalorganic,140,13028,0.3196,2.3606,14,14,14,false,false,true,true,false,Monoclinic,0.000e0,0.000e0,0.000e0,3.042e-15,,
2205817,A,PASS,organic_or_metalorganic,155,18289,0.5175,0.8509,2,2,2,false,false,true,true,false,Triclinic,0.000e0,0.000e0,0.000e0,2.715e-15,,
2205817,B,PASS,organic_or_metalorganic,155,18289,0.5175,1.5576,2,2,2,false,false,true,true,false,Triclinic,0.000e0,0.000e0,0.000e0,2.715e-15,,
2205827,A,PASS,inorganic,88,23894,0.2370,0.3808,76,76,76,false,false,true,true,false,Tetragonal,0.000e0,0.000e0,0.000e0,5.491e-15,,
2205827,B,PASS,inorganic,88,23894,0.2370,0.7729,76,76,76,false,false,true,true,false,Tetragonal,0.000e0,0.000e0,0.000e0,5.491e-15,,
2206059,A,PASS,organic_or_metalorganic,44,11047,0.1160,0.2620,2,2,2,false,false,true,true,false,Triclinic,0.000e0,0.000e0,0.000e0,2.215e-15,,
2206059,B,PASS,organic_or_metalorganic,44,11047,0.1160,0.5206,2,2,2,false,false,true,true,false,Triclinic,0.000e0,0.000e0,0.000e0,2.215e-15,,
2206064,A,PASS,organic_or_metalorganic,172,13395,0.2035,0.7375,14,14,14,false,false,true,true,false,Monoclinic,0.000e0,0.000e0,0.000e0,2.637e-15,,
2206064,B,PASS,organic_or_metalorganic,172,13395,0.2035,1.4536,14,14,14,false,false,true,true,false,Monoclinic,0.000e0,0.000e0,0.000e0,2.637e-15,,
2206175,A,PASS,organic_or_metalorganic,168,24164,0.3519,1.1010,2,2,2,false,false,true,true,false,Triclinic,0.000e0,0.000e0,0.000e0,2.472e-15,,
2206175,B,PASS,organic_or_metalorganic,168,24164,0.3519,1.6988,2,2,2,false,false,true,true,false,Triclinic,0.000e0,0.000e0,0.000e0,2.472e-15,,
2206217,A,PASS,organic_or_metalorganic,92,14640,0.2937,0.4935,2,2,2,false,false,true,true,false,Triclinic,0.000e0,0.000e0,0.000e0,2.790e-15,,
2206217,B,PASS,organic_or_metalorganic,92,14640,0.2937,0.7967,2,2,2,false,false,true,true,false,Triclinic,0.000e0,0.000e0,0.000e0,2.790e-15,,
2206277,A,PASS,organic_or_metalorganic,148,14705,0.2212,0.6279,14,14,14,false,false,true,true,false,Monoclinic,0.000e0,0.000e0,0.000e0,3.529e-15,,
2206277,B,PASS,organic_or_metalorganic,148,14705,0.2212,1.2574,14,14,14,false,false,true,true,false,Monoclinic,0.000e0,0.000e0,0.000e0,3.529e-15,,
2206382,A,PASS,organic_or_metalorganic,316,22241,0.4808,1.3472,14,14,14,false,false,true,true,false,Monoclinic,0.000e0,0.000e0,0.000e0,4.736e-15,,
2206382,B,PASS,organic_or_metalorganic,316,22241,0.4808,2.6355,14,14,14,false,false,true,true,false,Monoclinic,0.000e0,0.000e0,0.000e0,4.736e-15,,
2206641,A,PASS,organic_or_metalorganic,144,13172,0.3505,1.3165,14,14,14,false,false,true,true,false,Monoclinic,0.000e0,0.000e0,0.000e0,4.647e-15,,
2206641,B,PASS,organic_or_metalorganic,144,13172,0.3505,1.2270,14,14,14,false,false,true,true,false,Monoclinic,0.000e0,0.000e0,0.000e0,4.647e-15,,
2206694,A,PASS,organic_or_metalorganic,124,12690,0.2983,0.6850,14,14,14,false,false,true,true,false,Monoclinic,0.000e0,0.000e0,0.000e0,4.211e-15,,
2206694,B,PASS,organic_or_metalorganic,124,12690,0.2983,1.0587,14,14,14,false,false,true,true,false,Monoclinic,0.000e0,0.000e0,0.000e0,4.211e-15,,
2206957,A,PASS,organic_or_metalorganic,188,15109,0.1926,0.8051,14,14,14,false,false,true,true,false,Monoclinic,0.000e0,0.000e0,0.000e0,6.008e-15,,
2206957,B,PASS,organic_or_metalorganic,188,15109,0.1926,1.5899,14,14,14,false,false,true,true,false,Monoclinic,0.000e0,0.000e0,0.000e0,6.008e-15,,
2207013,A,PASS,organic_or_metalorganic,128,13536,0.1287,0.6632,29,29,29,false,false,true,true,false,Orthorhombic,0.000e0,0.000e0,0.000e0,6.819e-15,,
2207013,B,PASS,organic_or_metalorganic,128,13536,0.1287,1.0932,29,29,29,false,false,true,true,false,Orthorhombic,0.000e0,0.000e0,0.000e0,6.819e-15,,
2207224,A,PASS,organic_or_metalorganic,152,21230,0.2312,0.6613,2,2,2,false,false,true,true,false,Triclinic,0.000e0,0.000e0,0.000e0,4.040e-15,,
2207224,B,PASS,organic_or_metalorganic,152,21230,0.2312,1.9491,2,2,2,false,false,true,true,false,Triclinic,0.000e0,0.000e0,0.000e0,4.040e-15,,
2207263,A,PASS,organic_or_metalorganic,80,15887,0.4045,0.5915,2,2,2,false,false,true,true,false,Triclinic,0.000e0,0.000e0,0.000e0,2.622e-15,,
2207263,B,PASS,organic_or_metalorganic,80,15887,0.4045,0.8006,2,2,2,false,false,true,true,false,Triclinic,0.000e0,0.000e0,0.000e0,2.622e-15,,
2207812,A,PASS,organic_or_metalorganic,260,16395,0.3892,1.8588,14,14,14,false,false,true,true,false,Monoclinic,0.000e0,0.000e0,0.000e0,3.997e-15,,
2207812,B,PASS,organic_or_metalorganic,260,16395,0.3892,2.7161,14,14,14,false,false,true,true,false,Monoclinic,0.000e0,0.000e0,0.000e0,3.997e-15,,
2208198,A,PASS,organic_or_metalorganic,84,11911,0.1745,0.3743,14,14,14,false,false,true,true,false,Monoclinic,0.000e0,0.000e0,0.000e0,3.069e-15,,
2208198,B,PASS,organic_or_metalorganic,84,11911,0.1745,0.7426,14,14,14,false,false,true,true,false,Monoclinic,0.000e0,0.000e0,0.000e0,3.069e-15,,
2208271,A,PASS,organic_or_metalorganic,216,23874,0.3692,1.3933,2,2,2,false,false,true,true,false,Triclinic,0.000e0,0.000e0,0.000e0,4.244e-15,,
2208271,B,PASS,organic_or_metalorganic,216,23874,0.3692,2.7829,2,2,2,false,false,true,true,false,Triclinic,0.000e0,0.000e0,0.000e0,4.244e-15,,
2208365,A,PASS,organic_or_metalorganic,122,16212,0.2281,0.8039,2,2,2,true,false,true,true,false,Triclinic,0.000e0,0.000e0,0.000e0,3.235e-15,,
2208365,B,LOSS_OCCUPANCY_EXPECTED,organic_or_metalorganic,122,16212,0.2281,1.5581,2,2,2,true,false,true,true,false,Triclinic,0.000e0,0.000e0,0.000e0,3.235e-15,LOSS_OCCUPANCY_EXPECTED,
2208388,A,PASS,organic_or_metalorganic,55,12806,0.1650,0.3305,2,2,2,false,false,true,true,false,Triclinic,0.000e0,0.000e0,0.000e0,1.759e-15,,
2208388,B,PASS,organic_or_metalorganic,55,12806,0.1650,0.4942,2,2,2,false,false,true,true,false,Triclinic,0.000e0,0.000e0,0.000e0,1.759e-15,,
2208590,A,PASS,organic_or_metalorganic,264,17200,0.3497,1.1490,14,14,14,false,false,true,true,false,Monoclinic,0.000e0,0.000e0,0.000e0,5.933e-15,,
2208590,B,PASS,organic_or_metalorganic,264,17200,0.3497,2.2210,14,14,14,false,false,true,true,false,Monoclinic,0.000e0,0.000e0,0.000e0,5.933e-15,,
2209024,A,PASS,organic_or_metalorganic,184,15642,0.3021,0.7808,14,14,14,false,false,true,true,false,Monoclinic,0.000e0,0.000e0,0.000e0,3.585e-15,,
2209024,B,PASS,organic_or_metalorganic,184,15642,0.3021,1.5489,14,14,14,false,false,true,true,false,Monoclinic,0.000e0,0.000e0,0.000e0,3.585e-15,,
2209530,A,PASS,organic_or_metalorganic,220,28819,0.5269,0.9486,2,2,2,true,false,true,true,false,Triclinic,0.000e0,0.000e0,0.000e0,2.946e-15,,
2209530,B,LOSS_OCCUPANCY_EXPECTED,organic_or_metalorganic,220,28819,0.5269,3.2201,2,2,2,true,false,true,true,false,Triclinic,0.000e0,0.000e0,0.000e0,2.946e-15,LOSS_OCCUPANCY_EXPECTED,
2209723,A,PASS,organic_or_metalorganic,156,16397,0.2938,0.6696,14,14,14,false,false,true,true,false,Monoclinic,0.000e0,0.000e0,0.000e0,3.293e-15,,
2209723,B,PASS,organic_or_metalorganic,156,16397,0.2938,1.3201,14,14,14,false,false,true,true,false,Monoclinic,0.000e0,0.000e0,0.000e0,3.293e-15,,
2209852,A,PASS,organic_or_metalorganic,200,15483,0.3030,1.2924,19,19,19,false,false,true,true,false,Orthorhombic,0.000e0,0.000e0,0.000e0,3.300e-15,,
2209852,B,PASS,organic_or_metalorganic,200,15483,0.3030,1.6948,19,19,19,false,false,true,true,false,Orthorhombic,0.000e0,0.000e0,0.000e0,3.300e-15,,
2209994,A,PASS,organic_or_metalorganic,280,15199,0.3642,1.2284,15,15,15,false,false,true,true,false,Monoclinic,0.000e0,0.000e0,0.000e0,6.975e-15,,
2209994,B,PASS,organic_or_metalorganic,280,15199,0.3642,2.3420,15,15,15,false,false,true,true,false,Monoclinic,0.000e0,0.000e0,0.000e0,6.975e-15,,
2210070,A,PASS,organic_or_metalorganic,124,12040,0.1635,0.6864,14,14,14,false,false,true,true,false,Monoclinic,0.000e0,0.000e0,0.000e0,2.449e-15,,
2210070,B,PASS,organic_or_metalorganic,124,12040,0.1635,1.3559,14,14,14,false,false,true,true,false,Monoclinic,0.000e0,0.000e0,0.000e0,2.449e-15,,
2210083,A,PASS,organic_or_metalorganic,84,14243,0.1747,0.4878,4,4,4,false,false,true,true,false,Monoclinic,0.000e0,0.000e0,0.000e0,2.023e-15,,
2210083,B,PASS,organic_or_metalorganic,84,14243,0.1747,0.7421,4,4,4,false,false,true,true,false,Monoclinic,0.000e0,0.000e0,0.000e0,2.023e-15,,
2210213,A,PASS,organic_or_metalorganic,132,12212,0.2780,0.5723,14,14,14,false,false,true,true,false,Monoclinic,0.000e0,0.000e0,0.000e0,2.605e-15,,
2210213,B,PASS,organic_or_metalorganic,132,12212,0.2780,1.1608,14,14,14,false,false,true,true,false,Monoclinic,0.000e0,0.000e0,0.000e0,2.605e-15,,
2210520,A,PASS,organic_or_metalorganic,372,17387,0.2986,1.5824,15,15,15,false,false,true,true,false,Monoclinic,0.000e0,0.000e0,0.000e0,7.696e-15,,
2210520,B,PASS,organic_or_metalorganic,372,17387,0.2986,3.4668,15,15,15,false,false,true,true,false,Monoclinic,0.000e0,0.000e0,0.000e0,7.696e-15,,
2210565,A,PASS,organic_or_metalorganic,120,11747,0.2117,0.5182,33,33,33,false,false,true,true,false,Orthorhombic,0.000e0,0.000e0,0.000e0,3.359e-15,,
2210565,B,PASS,organic_or_metalorganic,120,11747,0.2117,1.0265,33,33,33,false,false,true,true,false,Orthorhombic,0.000e0,0.000e0,0.000e0,3.359e-15,,
2210632,A,PASS,organic_or_metalorganic,96,15201,0.3056,0.9041,2,2,2,false,false,true,true,false,Triclinic,0.000e0,0.000e0,0.000e0,3.437e-15,,
2210632,B,PASS,organic_or_metalorganic,96,15201,0.3056,0.8292,2,2,2,false,false,true,true,false,Triclinic,0.000e0,0.000e0,0.000e0,3.437e-15,,
2210821,A,PASS,organic_or_metalorganic,88,15123,0.3270,0.5622,2,2,2,false,false,true,true,false,Triclinic,0.000e0,0.000e0,0.000e0,2.242e-15,,
2210821,B,PASS,organic_or_metalorganic,88,15123,0.3270,1.0420,2,2,2,false,false,true,true,false,Triclinic,0.000e0,0.000e0,0.000e0,2.242e-15,,
2210860,A,PASS,organic_or_metalorganic,240,17675,0.3185,1.3176,14,14,14,true,false,true,true,false,Monoclinic,0.000e0,0.000e0,0.000e0,4.363e-15,,
2210860,B,LOSS_OCCUPANCY_EXPECTED,organic_or_metalorganic,240,17675,0.3185,2.6254,14,14,14,true,false,true,true,false,Monoclinic,0.000e0,0.000e0,0.000e0,4.363e-15,LOSS_OCCUPANCY_EXPECTED,
2210912,A,PASS,organic_or_metalorganic,168,13739,0.2971,0.9187,14,14,14,false,false,true,true,false,Monoclinic,0.000e0,0.000e0,0.000e0,2.856e-15,,
2210912,B,PASS,organic_or_metalorganic,168,13739,0.2971,2.7611,14,14,14,false,false,true,true,false,Monoclinic,0.000e0,0.000e0,0.000e0,2.856e-15,,
2211053,A,PASS,organic_or_metalorganic,110,19326,0.2624,0.6095,2,2,2,false,false,true,true,false,Triclinic,0.000e0,0.000e0,0.000e0,2.782e-15,,
2211053,B,PASS,organic_or_metalorganic,110,19326,0.2624,1.2312,2,2,2,false,false,true,true,false,Triclinic,0.000e0,0.000e0,0.000e0,2.782e-15,,
2211097,A,PASS,organic_or_metalorganic,224,25956,0.4944,0.9487,4,4,4,true,false,true,true,false,Monoclinic,0.000e0,0.000e0,0.000e0,5.096e-15,,
2211097,B,LOSS_OCCUPANCY_EXPECTED,organic_or_metalorganic,224,25956,0.4944,1.8754,4,4,4,true,false,true,true,false,Monoclinic,0.000e0,0.000e0,0.000e0,5.096e-15,LOSS_OCCUPANCY_EXPECTED,
2211105,A,PASS,organic_or_metalorganic,224,18041,0.4982,0.9509,14,14,14,false,false,true,true,false,Monoclinic,0.000e0,0.000e0,0.000e0,5.102e-15,,
2211105,B,PASS,organic_or_metalorganic,224,18041,0.4982,1.8843,14,14,14,false,false,true,true,false,Monoclinic,0.000e0,0.000e0,0.000e0,5.102e-15,,
2211241,A,PASS,organic_or_metalorganic,76,10244,0.1020,0.3339,14,14,14,false,false,true,true,false,Monoclinic,0.000e0,0.000e0,0.000e0,3.581e-15,,
2211241,B,PASS,organic_or_metalorganic,76,10244,0.1020,0.6841,14,14,14,false,false,true,true,false,Monoclinic,0.000e0,0.000e0,0.000e0,3.581e-15,,
2211261,A,PASS,organic_or_metalorganic,132,17886,0.2754,0.7291,2,2,2,true,false,true,true,false,Triclinic,0.000e0,0.000e0,0.000e0,4.238e-15,,
2211261,B,LOSS_OCCUPANCY_EXPECTED,organic_or_metalorganic,132,17886,0.2754,1.4456,2,2,2,true,false,true,true,false,Triclinic,0.000e0,0.000e0,0.000e0,4.238e-15,LOSS_OCCUPANCY_EXPECTED,
2211370,A,PASS,organic_or_metalorganic,176,12756,0.3248,0.7551,19,19,19,false,false,true,true,false,Orthorhombic,0.000e0,0.000e0,0.000e0,5.306e-15,,
2211370,B,PASS,organic_or_metalorganic,176,12756,0.3248,1.4776,19,19,19,false,false,true,true,false,Orthorhombic,0.000e0,0.000e0,0.000e0,5.306e-15,,
2211421,A,PASS,organic_or_metalorganic,248,19085,0.3223,1.0579,14,14,14,false,false,true,true,false,Monoclinic,0.000e0,0.000e0,0.000e0,3.458e-15,,
2211421,B,PASS,organic_or_metalorganic,248,19085,0.3223,2.0821,14,14,14,false,false,true,true,false,Monoclinic,0.000e0,0.000e0,0.000e0,3.458e-15,,
2211445,A,PASS,organic_or_metalorganic,236,16798,0.2965,1.0486,14,14,14,false,false,true,true,false,Monoclinic,0.000e0,0.000e0,0.000e0,2.662e-15,,
2211445,B,PASS,organic_or_metalorganic,236,16798,0.2965,1.9807,14,14,14,false,false,true,true,false,Monoclinic,0.000e0,0.000e0,0.000e0,2.662e-15,,
2211487,A,PASS,organic_or_metalorganic,440,26509,0.5763,1.8856,14,14,14,false,false,true,true,false,Monoclinic,0.000e0,0.000e0,0.000e0,4.247e-15,,
2211487,B,PASS,organic_or_metalorganic,440,26509,0.5763,3.6710,14,14,14,false,false,true,true,false,Monoclinic,0.000e0,0.000e0,0.000e0,4.247e-15,,
2211834,A,PASS,organic_or_metalorganic,128,12140,0.2653,0.7091,14,14,14,false,false,true,true,false,Monoclinic,0.000e0,0.000e0,0.000e0,3.008e-15,,
2211834,B,PASS,organic_or_metalorganic,128,12140,0.2653,1.4059,14,14,14,false,false,true,true,false,Monoclinic,0.000e0,0.000e0,0.000e0,3.008e-15,,
2211926,A,PASS,organic_or_metalorganic,200,11953,0.3236,0.8503,61,61,61,false,false,true,true,false,Orthorhombic,0.000e0,0.000e0,0.000e0,5.217e-15,,
2211926,B,PASS,organic_or_metalorganic,200,11953,0.3236,1.6787,61,61,61,false,false,true,true,false,Orthorhombic,0.000e0,0.000e0,0.000e0,5.217e-15,,
2211986,A,PASS,organic_or_metalorganic,132,19760,0.2661,0.5661,2,2,2,false,false,true,true,false,Triclinic,0.000e0,0.000e0,0.000e0,2.992e-15,,
2211986,B,PASS,organic_or_metalorganic,132,19760,0.2661,1.1269,2,2,2,false,false,true,true,false,Triclinic,0.000e0,0.000e0,0.000e0,2.992e-15,,
2212108,A,PASS,organic_or_metalorganic,272,22994,0.3699,1.4185,33,33,33,false,false,true,true,false,Orthorhombic,0.000e0,0.000e0,0.000e0,5.655e-15,,
2212108,B,PASS,organic_or_metalorganic,272,22994,0.3699,2.6031,33,33,33,false,false,true,true,false,Orthorhombic,0.000e0,0.000e0,0.000e0,5.655e-15,,
2212564,A,PASS,organic_or_metalorganic,152,14234,0.2031,1.1182,14,14,14,false,false,true,true,false,Monoclinic,0.000e0,0.000e0,0.000e0,4.340e-15,,
2212564,B,PASS,organic_or_metalorganic,152,14234,0.2031,1.2942,14,14,14,false,false,true,true,false,Monoclinic,0.000e0,0.000e0,0.000e0,4.340e-15,,
2212637,A,PASS,organic_or_metalorganic,534,53805,1.0819,2.3234,4,4,4,true,false,true,true,false,Monoclinic,0.000e0,0.000e0,0.000e0,5.748e-15,,
2212637,B,LOSS_OCCUPANCY_EXPECTED,organic_or_metalorganic,534,53805,1.0819,4.8117,4,4,4,true,false,true,true,false,Monoclinic,0.000e0,0.000e0,0.000e0,5.748e-15,LOSS_OCCUPANCY_EXPECTED,
2212772,A,PASS,organic_or_metalorganic,120,11253,0.1476,0.5111,14,14,14,false,false,true,true,false,Monoclinic,0.000e0,0.000e0,0.000e0,2.932e-15,,
2212772,B,PASS,organic_or_metalorganic,120,11253,0.1476,1.0236,14,14,14,false,false,true,true,false,Monoclinic,0.000e0,0.000e0,0.000e0,2.932e-15,,
2212780,A,PASS,inorganic,8,14137,0.1331,0.0524,63,63,194,false,false,true,true,false,Orthorhombic,0.000e0,0.000e0,0.000e0,1.028e-15,,
2212780,B,PASS,inorganic,8,14137,0.1331,0.1019,63,63,194,false,false,true,true,false,Orthorhombic,0.000e0,0.000e0,0.000e0,1.028e-15,,
2212789,A,PASS,organic_or_metalorganic,220,20147,0.5427,0.9624,14,14,14,false,false,true,true,false,Monoclinic,0.000e0,0.000e0,0.000e0,3.810e-15,,
2212789,B,PASS,organic_or_metalorganic,220,20147,0.5427,1.8547,14,14,14,false,false,true,true,false,Monoclinic,0.000e0,0.000e0,0.000e0,3.810e-15,,
2212813,A,PASS,organic_or_metalorganic,164,13416,0.2163,0.7091,14,14,14,false,false,true,true,false,Monoclinic,0.000e0,0.000e0,0.000e0,4.998e-15,,
2212813,B,PASS,organic_or_metalorganic,164,13416,0.2163,1.3959,14,14,14,false,false,true,true,false,Monoclinic,0.000e0,0.000e0,0.000e0,4.998e-15,,
2212821,A,PASS,organic_or_metalorganic,296,15622,0.2372,1.2797,15,15,15,false,false,true,true,false,Monoclinic,0.000e0,0.000e0,0.000e0,5.757e-15,,
2212821,B,PASS,organic_or_metalorganic,296,15622,0.2372,2.6174,15,15,15,false,false,true,true,false,Monoclinic,0.000e0,0.000e0,0.000e0,5.757e-15,,
2212829,A,PASS,organic_or_metalorganic,344,14387,0.2529,1.4603,96,96,96,false,false,true,true,false,Tetragonal,0.000e0,0.000e0,0.000e0,6.797e-15,,
2212829,B,PASS,organic_or_metalorganic,344,14387,0.2529,2.9250,96,96,96,false,false,true,true,false,Tetragonal,0.000e0,0.000e0,0.000e0,6.797e-15,,
2212939,A,PASS,organic_or_metalorganic,240,11612,0.3739,1.0339,60,60,60,false,false,true,true,false,Orthorhombic,0.000e0,0.000e0,0.000e0,5.510e-15,,
2212939,B,PASS,organic_or_metalorganic,240,11612,0.3739,2.0794,60,60,60,false,false,true,true,false,Orthorhombic,0.000e0,0.000e0,0.000e0,5.510e-15,,
2212975,A,PASS,organic_or_metalorganic,61,13811,0.1736,0.2718,2,2,2,true,false,true,true,false,Triclinic,0.000e0,0.000e0,0.000e0,2.574e-15,,
2212975,B,LOSS_OCCUPANCY_EXPECTED,organic_or_metalorganic,61,13811,0.1736,0.5434,2,2,2,true,false,true,true,false,Triclinic,0.000e0,0.000e0,0.000e0,2.574e-15,LOSS_OCCUPANCY_EXPECTED,
2213009,A,PASS,organic_or_metalorganic,136,12801,0.1907,0.5913,14,14,14,false,false,true,true,false,Monoclinic,0.000e0,0.000e0,0.000e0,5.620e-15,,
2213009,B,PASS,organic_or_metalorganic,136,12801,0.1907,1.1881,14,14,14,false,false,true,true,false,Monoclinic,0.000e0,0.000e0,0.000e0,5.620e-15,,
2213135,A,PASS,organic_or_metalorganic,98,11002,0.1097,0.4209,14,14,14,false,false,true,true,false,Monoclinic,0.000e0,0.000e0,0.000e0,2.880e-15,,
2213135,B,PASS,organic_or_metalorganic,98,11002,0.1097,0.8478,14,14,14,false,false,true,true,false,Monoclinic,0.000e0,0.000e0,0.000e0,2.880e-15,,
2213177,A,PASS,organic_or_metalorganic,136,15901,0.2760,0.6160,14,14,14,false,false,true,true,false,Monoclinic,0.000e0,0.000e0,0.000e0,4.796e-15,,
2213177,B,PASS,organic_or_metalorganic,136,15901,0.2760,1.1679,14,14,14,false,false,true,true,false,Monoclinic,0.000e0,0.000e0,0.000e0,4.796e-15,,
2213261,A,PASS,organic_or_metalorganic,184,14580,0.2294,0.8751,14,14,14,false,false,true,true,false,Monoclinic,0.000e0,0.000e0,0.000e0,2.996e-15,,
2213261,B,PASS,organic_or_metalorganic,184,14580,0.2294,1.6369,14,14,14,false,false,true,true,false,Monoclinic,0.000e0,0.000e0,0.000e0,2.996e-15,,
2213289,A,PASS,organic_or_metalorganic,132,18185,0.2631,0.5811,2,2,2,false,false,true,true,false,Triclinic,0.000e0,0.000e0,0.000e0,3.510e-15,,
2213289,B,PASS,organic_or_metalorganic,132,18185,0.2631,1.2336,2,2,2,false,false,true,true,false,Triclinic,0.000e0,0.000e0,0.000e0,3.510e-15,,
2213294,A,PASS,organic_or_metalorganic,148,14507,0.2142,0.6339,19,19,19,false,false,true,true,false,Orthorhombic,0.000e0,0.000e0,0.000e0,2.276e-15,,
2213294,B,PASS,organic_or_metalorganic,148,14507,0.2142,1.2529,19,19,19,false,false,true,true,false,Orthorhombic,0.000e0,0.000e0,0.000e0,2.276e-15,,
2213332,A,PASS,organic_or_metalorganic,120,11281,0.2675,0.5679,29,29,29,false,false,true,true,false,Orthorhombic,0.000e0,0.000e0,0.000e0,2.208e-15,,
2213332,B,PASS,organic_or_metalorganic,120,11281,0.2675,1.0872,29,29,29,false,false,true,true,false,Orthorhombic,0.000e0,0.000e0,0.000e0,2.208e-15,,
2213551,A,PASS,organic_or_metalorganic,62,11669,0.1607,0.4096,2,2,2,false,false,true,true,false,Triclinic,0.000e0,0.000e0,0.000e0,3.360e-15,,
2213551,B,PASS,organic_or_metalorganic,62,11669,0.1607,0.7126,2,2,2,false,false,true,true,false,Triclinic,0.000e0,0.000e0,0.000e0,3.360e-15,,
2213580,A,PASS,organic_or_metalorganic,53,11986,0.1668,0.3335,2,2,2,false,false,true,true,false,Triclinic,0.000e0,0.000e0,0.000e0,2.126e-15,,
2213580,B,PASS,organic_or_metalorganic,53,11986,0.1668,0.7180,2,2,2,false,false,true,true,false,Triclinic,0.000e0,0.000e0,0.000e0,2.126e-15,,
2213708,A,PASS,organic_or_metalorganic,248,12389,0.2693,1.1255,15,15,15,true,false,true,true,false,Monoclinic,0.000e0,0.000e0,0.000e0,5.747e-15,,
2213708,B,LOSS_OCCUPANCY_EXPECTED,organic_or_metalorganic,248,12389,0.2693,2.1321,15,15,15,true,false,true,true,false,Monoclinic,0.000e0,0.000e0,0.000e0,5.747e-15,LOSS_OCCUPANCY_EXPECTED,
2213918,A,PASS,organic_or_metalorganic,200,30485,0.4357,0.8590,2,2,2,false,false,true,true,false,Triclinic,0.000e0,0.000e0,0.000e0,5.165e-15,,
2213918,B,PASS,organic_or_metalorganic,200,30485,0.4357,1.6996,2,2,2,false,false,true,true,false,Triclinic,0.000e0,0.000e0,0.000e0,5.165e-15,,
2214006,A,PASS,organic_or_metalorganic,184,13514,0.2179,0.7904,14,14,14,false,false,true,true,false,Monoclinic,0.000e0,0.000e0,0.000e0,3.121e-15,,
2214006,B,PASS,organic_or_metalorganic,184,13514,0.2179,1.5614,14,14,14,false,false,true,true,false,Monoclinic,0.000e0,0.000e0,0.000e0,3.121e-15,,
2214110,A,PASS,organic_or_metalorganic,176,23731,0.3559,0.9006,2,2,2,true,false,true,true,false,Triclinic,0.000e0,0.000e0,0.000e0,4.633e-15,,
2214110,B,LOSS_OCCUPANCY_EXPECTED,organic_or_metalorganic,176,23731,0.3559,1.5216,2,2,2,true,false,true,true,false,Triclinic,0.000e0,0.000e0,0.000e0,4.633e-15,LOSS_OCCUPANCY_EXPECTED,
2214175,A,PASS,organic_or_metalorganic,176,13459,0.2030,0.9611,14,14,14,false,false,true,true,false,Monoclinic,0.000e0,0.000e0,0.000e0,5.088e-15,,
2214175,B,PASS,organic_or_metalorganic,176,13459,0.2030,1.5156,14,14,14,false,false,true,true,false,Monoclinic,0.000e0,0.000e0,0.000e0,5.088e-15,,
2214233,A,PASS,organic_or_metalorganic,110,13504,0.2060,0.4762,14,14,14,false,false,true,true,false,Monoclinic,0.000e0,0.000e0,0.000e0,2.842e-15,,
2214233,B,PASS,organic_or_metalorganic,110,13504,0.2060,0.9418,14,14,14,false,false,true,true,false,Monoclinic,0.000e0,0.000e0,0.000e0,2.842e-15,,
2214372,A,PASS,organic_or_metalorganic,296,20653,0.3017,1.2474,14,14,14,true,false,true,true,false,Monoclinic,0.000e0,0.000e0,0.000e0,4.777e-15,,
2214372,B,LOSS_OCCUPANCY_EXPECTED,organic_or_metalorganic,296,20653,0.3017,2.4630,14,14,14,true,false,true,true,false,Monoclinic,0.000e0,0.000e0,0.000e0,4.777e-15,LOSS_OCCUPANCY_EXPECTED,
2214408,A,PASS,organic_or_metalorganic,128,12150,0.1253,0.5587,14,14,14,false,false,true,true,false,Monoclinic,0.000e0,0.000e0,0.000e0,5.736e-15,,
2214408,B,PASS,organic_or_metalorganic,128,12150,0.1253,1.0964,14,14,14,false,false,true,true,false,Monoclinic,0.000e0,0.000e0,0.000e0,5.736e-15,,
2214436,A,PASS,organic_or_metalorganic,352,37293,0.6668,1.5022,7,7,7,false,false,true,true,false,Monoclinic,0.000e0,0.000e0,0.000e0,7.262e-15,,
2214436,B,PASS,organic_or_metalorganic,352,37293,0.6668,2.9434,7,7,7,false,false,true,true,false,Monoclinic,0.000e0,0.000e0,0.000e0,7.262e-15,,
2214485,A,PASS,organic_or_metalorganic,116,12506,0.1243,0.5041,14,14,14,false,false,true,true,false,Monoclinic,0.000e0,0.000e0,0.000e0,4.766e-15,,
2214485,B,PASS,organic_or_metalorganic,116,12506,0.1243,1.0132,14,14,14,false,false,true,true,false,Monoclinic,0.000e0,0.000e0,0.000e0,4.766e-15,,
2214587,A,PASS,organic_or_metalorganic,152,12292,0.3791,0.6599,61,61,61,false,false,true,true,false,Orthorhombic,0.000e0,0.000e0,0.000e0,3.646e-15,,
2214587,B,PASS,organic_or_metalorganic,152,12292,0.3791,1.2961,61,61,61,false,false,true,true,false,Orthorhombic,0.000e0,0.000e0,0.000e0,3.646e-15,,
2214626,A,PASS,organic_or_metalorganic,164,11417,0.1315,0.7040,61,61,61,false,false,true,true,false,Orthorhombic,0.000e0,0.000e0,0.000e0,3.146e-15,,
2214626,B,PASS,organic_or_metalorganic,164,11417,0.1315,1.3946,61,61,61,false,false,true,true,false,Orthorhombic,0.000e0,0.000e0,0.000e0,3.146e-15,,
2214655,A,PASS,organic_or_metalorganic,444,30138,0.4968,1.9007,14,14,14,false,false,true,true,false,Monoclinic,0.000e0,0.000e0,0.000e0,7.797e-15,,
2214655,B,PASS,organic_or_metalorganic,444,30138,0.4968,3.8361,14,14,14,false,false,true,true,false,Monoclinic,0.000e0,0.000e0,0.000e0,7.797e-15,,
2214964,A,PASS,organic_or_metalorganic,204,15599,0.4577,0.8598,14,14,14,true,false,true,true,false,Monoclinic,0.000e0,0.000e0,0.000e0,4.721e-15,,
2214964,B,LOSS_OCCUPANCY_EXPECTED,organic_or_metalorganic,204,15599,0.4577,1.7195,14,14,14,true,false,true,true,false,Monoclinic,0.000e0,0.000e0,0.000e0,4.721e-15,LOSS_OCCUPANCY_EXPECTED,
2215016,A,PASS,organic_or_metalorganic,86,13963,0.2123,0.3860,2,2,2,false,false,true,true,false,Triclinic,0.000e0,0.000e0,0.000e0,3.316e-15,,
2215016,B,PASS,organic_or_metalorganic,86,13963,0.2123,0.7583,2,2,2,false,false,true,true,false,Triclinic,0.000e0,0.000e0,0.000e0,3.316e-15,,
2215228,A,PASS,organic_or_metalorganic,106,17099,0.1660,0.4553,2,2,2,false,false,true,true,false,Triclinic,0.000e0,0.000e0,0.000e0,3.174e-15,,
2215228,B,PASS,organic_or_metalorganic,106,17099,0.1660,0.9522,2,2,2,false,false,true,true,false,Triclinic,0.000e0,0.000e0,0.000e0,3.174e-15,,
2215285,A,PASS,organic_or_metalorganic,70,12853,0.1060,0.3084,2,2,2,false,false,true,true,false,Triclinic,0.000e0,0.000e0,0.000e0,4.081e-15,,
2215285,B,PASS,organic_or_metalorganic,70,12853,0.1060,0.6115,2,2,2,false,false,true,true,false,Triclinic,0.000e0,0.000e0,0.000e0,4.081e-15,,
2215395,A,PASS,organic_or_metalorganic,124,11778,0.2771,0.6841,14,14,14,false,false,true,true,false,Monoclinic,0.000e0,0.000e0,0.000e0,3.659e-15,,
2215395,B,PASS,organic_or_metalorganic,124,11778,0.2771,1.3711,14,14,14,false,false,true,true,false,Monoclinic,0.000e0,0.000e0,0.000e0,3.659e-15,,
2215706,A,PASS,organic_or_metalorganic,124,16491,0.3478,0.5545,2,2,2,false,false,true,true,false,Triclinic,0.000e0,0.000e0,0.000e0,3.639e-15,,
2215706,B,PASS,organic_or_metalorganic,124,16491,0.3478,1.0566,2,2,2,false,false,true,true,false,Triclinic,0.000e0,0.000e0,0.000e0,3.639e-15,,
2215729,A,PASS,organic_or_metalorganic,42,11475,0.1183,0.2472,2,2,2,false,false,true,true,false,Triclinic,0.000e0,0.000e0,0.000e0,2.582e-15,,
2215729,B,PASS,organic_or_metalorganic,42,11475,0.1183,0.4975,2,2,2,false,false,true,true,false,Triclinic,0.000e0,0.000e0,0.000e0,2.582e-15,,
2215925,A,PASS,organic_or_metalorganic,148,14687,0.2605,0.6341,33,33,33,false,false,true,true,false,Orthorhombic,0.000e0,0.000e0,0.000e0,3.395e-15,,
2215925,B,PASS,organic_or_metalorganic,148,14687,0.2605,1.2492,33,33,33,false,false,true,true,false,Orthorhombic,0.000e0,0.000e0,0.000e0,3.395e-15,,
2216039,A,PASS,organic_or_metalorganic,204,14787,0.2539,1.7250,19,19,19,false,false,true,true,false,Orthorhombic,0.000e0,0.000e0,0.000e0,3.895e-15,,
2216039,B,PASS,organic_or_metalorganic,204,14787,0.2539,1.7423,19,19,19,false,false,true,true,false,Orthorhombic,0.000e0,0.000e0,0.000e0,3.895e-15,,
2216225,A,PASS,organic_or_metalorganic,164,16101,0.4517,0.7047,14,14,14,false,false,true,true,false,Monoclinic,0.000e0,0.000e0,0.000e0,3.959e-15,,
2216225,B,PASS,organic_or_metalorganic,164,16101,0.4517,1.4036,14,14,14,false,false,true,true,false,Monoclinic,0.000e0,0.000e0,0.000e0,3.959e-15,,
2216291,A,PASS,organic_or_metalorganic,152,13646,0.3627,0.6690,14,14,14,false,false,true,true,false,Monoclinic,0.000e0,0.000e0,0.000e0,3.958e-15,,
2216291,B,PASS,organic_or_metalorganic,152,13646,0.3627,1.3065,14,14,14,false,false,true,true,false,Monoclinic,0.000e0,0.000e0,0.000e0,3.958e-15,,
2216372,A,PASS,organic_or_metalorganic,56,11457,0.1233,0.3234,4,4,4,false,false,true,true,false,Monoclinic,0.000e0,0.000e0,0.000e0,1.879e-15,,
2216372,B,PASS,organic_or_metalorganic,56,11457,0.1233,1.1911,4,4,4,false,false,true,true,false,Monoclinic,0.000e0,0.000e0,0.000e0,1.879e-15,,
2216448,A,PASS,organic_or_metalorganic,88,11937,0.1395,0.4906,14,14,14,false,false,true,true,false,Monoclinic,0.000e0,0.000e0,0.000e0,2.632e-15,,
2216448,B,PASS,organic_or_metalorganic,88,11937,0.1395,0.9755,14,14,14,false,false,true,true,false,Monoclinic,0.000e0,0.000e0,0.000e0,2.632e-15,,
2216626,A,PASS,organic_or_metalorganic,216,12236,0.2277,1.1873,15,15,15,false,false,true,true,false,Monoclinic,0.000e0,0.000e0,0.000e0,4.221e-15,,
2216626,B,PASS,organic_or_metalorganic,216,12236,0.2277,2.3514,15,15,15,false,false,true,true,false,Monoclinic,0.000e0,0.000e0,0.000e0,4.221e-15,,
2216748,A,PASS,organic_or_metalorganic,140,11878,0.1901,0.6822,14,14,14,false,false,true,true,false,Monoclinic,0.000e0,0.000e0,0.000e0,4.733e-15,,
2216748,B,PASS,organic_or_metalorganic,140,11878,0.1901,1.1966,14,14,14,false,false,true,true,false,Monoclinic,0.000e0,0.000e0,0.000e0,4.733e-15,,
2216760,A,PASS,organic_or_metalorganic,58,13574,0.1538,0.3271,2,2,2,false,false,true,true,false,Triclinic,0.000e0,0.000e0,0.000e0,2.165e-15,,
2216760,B,PASS,organic_or_metalorganic,58,13574,0.1538,0.6632,2,2,2,false,false,true,true,false,Triclinic,0.000e0,0.000e0,0.000e0,2.165e-15,,
2216801,A,PASS,organic_or_metalorganic,64,9233,0.1061,0.3709,19,19,19,false,false,true,true,false,Orthorhombic,0.000e0,0.000e0,0.000e0,1.833e-15,,
2216801,B,PASS,organic_or_metalorganic,64,9233,0.1061,0.7206,19,19,19,false,false,true,true,false,Orthorhombic,0.000e0,0.000e0,0.000e0,1.833e-15,,
2216807,A,PASS,organic_or_metalorganic,704,13832,0.8629,4.0216,88,88,88,true,false,true,true,false,Tetragonal,0.000e0,0.000e0,0.000e0,5.778e-15,,
2216807,B,LOSS_OCCUPANCY_EXPECTED,organic_or_metalorganic,704,13832,0.8629,6.2071,88,88,88,true,false,true,true,false,Tetragonal,0.000e0,0.000e0,0.000e0,5.778e-15,LOSS_OCCUPANCY_EXPECTED,
2216923,A,PASS,organic_or_metalorganic,148,14150,0.3755,0.6307,14,14,14,false,false,true,true,false,Monoclinic,0.000e0,0.000e0,0.000e0,3.720e-15,,
2216923,B,PASS,organic_or_metalorganic,148,14150,0.3755,1.2455,14,14,14,false,false,true,true,false,Monoclinic,0.000e0,0.000e0,0.000e0,3.720e-15,,
2216947,A,PASS,organic_or_metalorganic,96,9172,0.2247,0.5402,62,62,62,false,false,true,true,false,Orthorhombic,0.000e0,0.000e0,0.000e0,3.096e-15,,
2216947,B,PASS,organic_or_metalorganic,96,9172,0.2247,1.0864,62,62,62,false,false,true,true,false,Orthorhombic,0.000e0,0.000e0,0.000e0,3.096e-15,,
2216995,A,PASS,organic_or_metalorganic,276,18568,0.3212,1.1708,19,19,19,false,false,true,true,false,Orthorhombic,0.000e0,0.000e0,0.000e0,3.898e-15,,
2216995,B,PASS,organic_or_metalorganic,276,18568,0.3212,2.4797,19,19,19,false,false,true,true,false,Orthorhombic,0.000e0,0.000e0,0.000e0,3.898e-15,,
2217437,A,PASS,organic_or_metalorganic,256,20147,0.3728,1.0816,14,14,14,false,false,true,true,false,Monoclinic,0.000e0,0.000e0,0.000e0,3.688e-15,,
2217437,B,PASS,organic_or_metalorganic,256,20147,0.3728,2.2599,14,14,14,false,false,true,true,false,Monoclinic,0.000e0,0.000e0,0.000e0,3.688e-15,,
2217475,A,PASS,organic_or_metalorganic,40,9755,0.1628,0.2531,2,2,2,false,false,true,true,false,Triclinic,0.000e0,0.000e0,0.000e0,2.157e-15,,
2217475,B,PASS,organic_or_metalorganic,40,9755,0.1628,0.3883,2,2,2,false,false,true,true,false,Triclinic,0.000e0,0.000e0,0.000e0,2.157e-15,,
2217598,A,PASS,organic_or_metalorganic,144,19530,0.3812,0.7850,2,2,2,false,false,true,true,false,Triclinic,0.000e0,0.000e0,0.000e0,3.032e-15,,
2217598,B,PASS,organic_or_metalorganic,144,19530,0.3812,1.2960,2,2,2,false,false,true,true,false,Triclinic,0.000e0,0.000e0,0.000e0,3.032e-15,,
2217694,A,PASS,organic_or_metalorganic,232,12282,0.2639,0.9926,61,61,61,false,false,true,true,false,Orthorhombic,0.000e0,0.000e0,0.000e0,6.106e-15,,
2217694,B,PASS,organic_or_metalorganic,232,12282,0.2639,2.2694,61,61,61,false,false,true,true,false,Orthorhombic,0.000e0,0.000e0,0.000e0,6.106e-15,,
2217910,A,PASS,organic_or_metalorganic,188,10995,0.1820,0.7996,60,60,60,false,false,true,true,false,Orthorhombic,0.000e0,0.000e0,0.000e0,3.387e-15,,
2217910,B,PASS,organic_or_metalorganic,188,10995,0.1820,1.8252,60,60,60,false,false,true,true,false,Orthorhombic,0.000e0,0.000e0,0.000e0,3.387e-15,,
2217991,A,PASS,organic_or_metalorganic,62,12909,0.2018,0.2699,2,2,2,false,false,true,true,false,Triclinic,0.000e0,0.000e0,0.000e0,2.131e-15,,
2217991,B,PASS,organic_or_metalorganic,62,12909,0.2018,0.5541,2,2,2,false,false,true,true,false,Triclinic,0.000e0,0.000e0,0.000e0,2.131e-15,,
2218005,A,PASS,organic_or_metalorganic,304,17951,0.3462,1.7293,14,14,14,false,false,true,true,false,Monoclinic,0.000e0,0.000e0,0.000e0,3.358e-15,,
2218005,B,PASS,organic_or_metalorganic,304,17951,0.3462,2.5360,14,14,14,false,false,true,true,false,Monoclinic,0.000e0,0.000e0,0.000e0,3.358e-15,,
2218032,A,PASS,organic_or_metalorganic,66,12739,0.2762,0.3661,2,2,2,false,false,true,true,false,Triclinic,0.000e0,0.000e0,0.000e0,4.288e-15,,
2218032,B,PASS,organic_or_metalorganic,66,12739,0.2762,0.5903,2,2,2,false,false,true,true,false,Triclinic,0.000e0,0.000e0,0.000e0,4.288e-15,,
2218567,A,PASS,organic_or_metalorganic,112,12614,0.1603,0.6261,14,14,14,false,false,true,true,false,Monoclinic,0.000e0,0.000e0,0.000e0,2.895e-15,,
2218567,B,PASS,organic_or_metalorganic,112,12614,0.1603,1.2327,14,14,14,false,false,true,true,false,Monoclinic,0.000e0,0.000e0,0.000e0,2.895e-15,,
2218624,A,PASS,organic_or_metalorganic,176,14534,0.2904,0.7495,29,29,29,false,false,true,true,false,Orthorhombic,0.000e0,0.000e0,0.000e0,4.332e-15,,
2218624,B,PASS,organic_or_metalorganic,176,14534,0.2904,1.5343,29,29,29,false,false,true,true,false,Orthorhombic,0.000e0,0.000e0,0.000e0,4.332e-15,,
2218745,A,PASS,organic_or_metalorganic,200,14221,0.2283,1.1082,29,29,29,false,false,true,true,false,Orthorhombic,0.000e0,0.000e0,0.000e0,5.049e-15,,
2218745,B,PASS,organic_or_metalorganic,200,14221,0.2283,2.1857,29,29,29,false,false,true,true,false,Orthorhombic,0.000e0,0.000e0,0.000e0,5.049e-15,,
2219023,A,PASS,organic_or_metalorganic,208,15197,0.2158,0.8817,14,14,14,false,false,true,true,false,Monoclinic,0.000e0,0.000e0,0.000e0,4.090e-15,,
2219023,B,PASS,organic_or_metalorganic,208,15197,0.2158,1.7429,14,14,14,false,false,true,true,false,Monoclinic,0.000e0,0.000e0,0.000e0,4.090e-15,,
2219061,A,PASS,organic_or_metalorganic,276,17089,0.5493,1.5411,15,15,15,false,false,true,true,false,Monoclinic,0.000e0,0.000e0,0.000e0,6.449e-15,,
2219061,B,PASS,organic_or_metalorganic,276,17089,0.5493,2.4991,15,15,15,false,false,true,true,false,Monoclinic,0.000e0,0.000e0,0.000e0,6.449e-15,,
2219194,A,PASS,organic_or_metalorganic,240,16790,0.4866,1.0291,14,14,14,false,false,true,true,false,Monoclinic,0.000e0,0.000e0,0.000e0,4.886e-15,,
2219194,B,PASS,organic_or_metalorganic,240,16790,0.4866,2.0877,14,14,14,false,false,true,true,false,Monoclinic,0.000e0,0.000e0,0.000e0,4.886e-15,,
2219370,A,PASS,organic_or_metalorganic,154,25390,0.2875,0.6545,2,2,2,false,false,true,true,false,Triclinic,0.000e0,0.000e0,0.000e0,5.124e-15,,
2219370,B,PASS,organic_or_metalorganic,154,25390,0.2875,1.3076,2,2,2,false,false,true,true,false,Triclinic,0.000e0,0.000e0,0.000e0,5.124e-15,,
2219384,A,PASS,organic_or_metalorganic,184,15203,0.2804,0.7926,14,14,14,false,false,true,true,false,Monoclinic,0.000e0,0.000e0,0.000e0,4.498e-15,,
2219384,B,PASS,organic_or_metalorganic,184,15203,0.2804,1.5552,14,14,14,false,false,true,true,false,Monoclinic,0.000e0,0.000e0,0.000e0,4.498e-15,,
2219540,A,PASS,organic_or_metalorganic,544,11720,0.3712,2.3354,88,88,88,false,false,true,true,false,Tetragonal,0.000e0,0.000e0,0.000e0,6.593e-15,,
2219540,B,PASS,organic_or_metalorganic,544,11720,0.3712,4.6265,88,88,88,false,false,true,true,false,Tetragonal,0.000e0,0.000e0,0.000e0,6.593e-15,,
2219560,A,PASS,organic_or_metalorganic,328,14022,0.3091,2.5120,61,61,61,false,false,true,true,false,Orthorhombic,0.000e0,0.000e0,0.000e0,5.455e-15,,
2219560,B,PASS,organic_or_metalorganic,328,14022,0.3091,2.7561,61,61,61,false,false,true,true,false,Orthorhombic,0.000e0,0.000e0,0.000e0,5.455e-15,,
2219688,A,PASS,organic_or_metalorganic,206,25850,0.4983,1.1619,2,2,2,true,false,true,true,false,Triclinic,0.000e0,0.000e0,0.000e0,4.870e-15,,
2219688,B,LOSS_OCCUPANCY_EXPECTED,organic_or_metalorganic,206,25850,0.4983,1.7815,2,2,2,true,false,true,true,false,Triclinic,0.000e0,0.000e0,0.000e0,4.870e-15,LOSS_OCCUPANCY_EXPECTED,
2219810,A,PASS,organic_or_metalorganic,312,29392,0.5249,1.4169,14,14,14,false,false,true,true,false,Monoclinic,0.000e0,0.000e0,0.000e0,5.311e-15,,
2219810,B,PASS,organic_or_metalorganic,312,29392,0.5249,2.6297,14,14,14,false,false,true,true,false,Monoclinic,0.000e0,0.000e0,0.000e0,5.311e-15,,
2219917,A,PASS,organic_or_metalorganic,255,16588,0.3002,1.1273,144,144,152,false,false,true,true,false,Trigonal,0.000e0,0.000e0,0.000e0,6.023e-6,,
2219917,B,PASS,organic_or_metalorganic,255,16588,0.3002,2.1700,144,144,152,false,false,true,true,false,Trigonal,0.000e0,0.000e0,0.000e0,6.023e-6,,
2220169,A,PASS,organic_or_metalorganic,116,17031,0.2141,0.6484,2,2,2,false,false,true,true,false,Triclinic,0.000e0,0.000e0,0.000e0,3.789e-15,,
2220169,B,PASS,organic_or_metalorganic,116,17031,0.2141,1.6503,2,2,2,false,false,true,true,false,Triclinic,0.000e0,0.000e0,0.000e0,3.789e-15,,
2220176,A,PASS,organic_or_metalorganic,88,15560,0.3250,0.4215,2,2,2,false,false,true,true,false,Triclinic,0.000e0,0.000e0,0.000e0,4.552e-15,,
2220176,B,PASS,organic_or_metalorganic,88,15560,0.3250,0.7659,2,2,2,false,false,true,true,false,Triclinic,0.000e0,0.000e0,0.000e0,4.552e-15,,
2220213,A,PASS,organic_or_metalorganic,312,32813,0.4475,1.3206,2,2,2,true,false,true,true,false,Triclinic,0.000e0,0.000e0,0.000e0,5.213e-15,,
2220213,B,LOSS_OCCUPANCY_EXPECTED,organic_or_metalorganic,312,32813,0.4475,2.6011,2,2,2,true,false,true,true,false,Triclinic,0.000e0,0.000e0,0.000e0,5.213e-15,LOSS_OCCUPANCY_EXPECTED,
2220421,A,PASS,organic_or_metalorganic,108,12836,0.2248,0.4723,14,14,14,false,false,true,true,false,Monoclinic,0.000e0,0.000e0,0.000e0,4.804e-15,,
2220421,B,PASS,organic_or_metalorganic,108,12836,0.2248,0.9240,14,14,14,false,false,true,true,false,Monoclinic,0.000e0,0.000e0,0.000e0,4.804e-15,,
2220461,A,PASS,organic_or_metalorganic,224,18698,0.2539,1.8018,14,14,14,false,false,true,true,false,Monoclinic,0.000e0,0.000e0,0.000e0,3.236e-15,,
2220461,B,PASS,organic_or_metalorganic,224,18698,0.2539,1.8866,14,14,14,false,false,true,true,false,Monoclinic,0.000e0,0.000e0,0.000e0,3.236e-15,,
2220560,A,PASS,organic_or_metalorganic,132,12867,0.1514,0.5694,19,19,19,false,false,true,true,false,Orthorhombic,0.000e0,0.000e0,0.000e0,5.569e-15,,
2220560,B,PASS,organic_or_metalorganic,132,12867,0.1514,1.1644,19,19,19,false,false,true,true,false,Orthorhombic,0.000e0,0.000e0,0.000e0,5.569e-15,,
2220581,A,PASS,organic_or_metalorganic,59,13935,0.2441,0.3775,2,2,2,false,false,true,true,false,Triclinic,0.000e0,0.000e0,0.000e0,1.491e-15,,
2220581,B,PASS,organic_or_metalorganic,59,13935,0.2441,0.6716,2,2,2,false,false,true,true,false,Triclinic,0.000e0,0.000e0,0.000e0,1.491e-15,,
2220677,A,PASS,organic_or_metalorganic,112,13400,0.1611,0.4793,14,14,14,true,false,true,true,false,Monoclinic,0.000e0,0.000e0,0.000e0,3.840e-15,,
2220677,B,LOSS_OCCUPANCY_EXPECTED,organic_or_metalorganic,112,13400,0.1611,1.7325,14,14,14,true,false,true,true,false,Monoclinic,0.000e0,0.000e0,0.000e0,3.840e-15,LOSS_OCCUPANCY_EXPECTED,
2220736,A,PASS,organic_or_metalorganic,66,16859,0.2360,0.3722,2,2,2,false,false,true,true,false,Triclinic,0.000e0,0.000e0,0.000e0,2.635e-15,,
2220736,B,PASS,organic_or_metalorganic,66,16859,0.2360,0.7554,2,2,2,false,false,true,true,false,Triclinic,0.000e0,0.000e0,0.000e0,2.635e-15,,
2220745,A,PASS,organic_or_metalorganic,142,15109,0.2560,0.6159,14,14,14,false,false,true,true,false,Monoclinic,0.000e0,0.000e0,0.000e0,4.348e-15,,
2220745,B,PASS,organic_or_metalorganic,142,15109,0.2560,1.2180,14,14,14,false,false,true,true,false,Monoclinic,0.000e0,0.000e0,0.000e0,4.348e-15,,
2220895,A,PASS,organic_or_metalorganic,45,11028,0.2321,0.3285,2,2,2,false,false,true,true,false,Triclinic,0.000e0,0.000e0,0.000e0,2.153e-15,,
2220895,B,PASS,organic_or_metalorganic,45,11028,0.2321,0.4064,2,2,2,false,false,true,true,false,Triclinic,0.000e0,0.000e0,0.000e0,2.153e-15,,
2221075,A,PASS,organic_or_metalorganic,66,17291,0.2456,0.2925,2,2,2,false,false,true,true,false,Triclinic,0.000e0,0.000e0,0.000e0,3.044e-15,,
2221075,B,PASS,organic_or_metalorganic,66,17291,0.2456,0.5864,2,2,2,false,false,true,true,false,Triclinic,0.000e0,0.000e0,0.000e0,3.044e-15,,
2221127,A,PASS,organic_or_metalorganic,81,13540,0.1871,0.4450,2,2,2,false,false,true,true,false,Triclinic,0.000e0,0.000e0,0.000e0,4.171e-15,,
2221127,B,PASS,organic_or_metalorganic,81,13540,0.1871,0.9001,2,2,2,false,false,true,true,false,Triclinic,0.000e0,0.000e0,0.000e0,4.171e-15,,
2221511,A,PASS,organic_or_metalorganic,128,13547,0.2238,0.5492,14,14,14,true,false,true,true,false,Monoclinic,0.000e0,0.000e0,0.000e0,4.927e-15,,
2221511,B,LOSS_OCCUPANCY_EXPECTED,organic_or_metalorganic,128,13547,0.2238,1.0971,14,14,14,true,false,true,true,false,Monoclinic,0.000e0,0.000e0,0.000e0,4.927e-15,LOSS_OCCUPANCY_EXPECTED,
2221539,A,PASS,organic_or_metalorganic,200,14999,0.2682,0.8491,14,14,14,false,false,true,true,false,Monoclinic,0.000e0,0.000e0,0.000e0,3.755e-15,,
2221539,B,PASS,organic_or_metalorganic,200,14999,0.2682,1.6875,14,14,14,false,false,true,true,false,Monoclinic,0.000e0,0.000e0,0.000e0,3.755e-15,,
2221666,A,PASS,organic_or_metalorganic,120,12669,0.3012,0.5183,14,14,14,false,false,true,true,false,Monoclinic,0.000e0,0.000e0,0.000e0,3.649e-15,,
2221666,B,PASS,organic_or_metalorganic,120,12669,0.3012,1.1020,14,14,14,false,false,true,true,false,Monoclinic,0.000e0,0.000e0,0.000e0,3.649e-15,,
2221838,A,PASS,organic_or_metalorganic,356,17871,0.4193,1.5103,15,15,15,false,false,true,true,false,Monoclinic,0.000e0,0.000e0,0.000e0,6.100e-15,,
2221838,B,PASS,organic_or_metalorganic,356,17871,0.4193,2.9688,15,15,15,false,false,true,true,false,Monoclinic,0.000e0,0.000e0,0.000e0,6.100e-15,,
2221876,A,PASS,organic_or_metalorganic,84,11929,0.2502,0.4687,14,14,14,false,false,true,true,false,Monoclinic,0.000e0,0.000e0,0.000e0,2.503e-15,,
2221876,B,PASS,organic_or_metalorganic,84,11929,0.2502,1.4855,14,14,14,false,false,true,true,false,Monoclinic,0.000e0,0.000e0,0.000e0,2.503e-15,,
2221930,A,PASS,organic_or_metalorganic,48,12004,0.1084,0.2192,2,2,2,false,false,true,true,false,Triclinic,0.000e0,0.000e0,0.000e0,1.619e-15,,
2221930,B,PASS,organic_or_metalorganic,48,12004,0.1084,0.4399,2,2,2,false,false,true,true,false,Triclinic,0.000e0,0.000e0,0.000e0,1.619e-15,,
2222291,A,PASS,organic_or_metalorganic,140,14738,0.2430,0.6040,33,33,33,false,false,true,true,false,Orthorhombic,0.000e0,0.000e0,0.000e0,2.476e-15,,
2222291,B,PASS,organic_or_metalorganic,140,14738,0.2430,1.1932,33,33,33,false,false,true,true,false,Orthorhombic,0.000e0,0.000e0,0.000e0,2.476e-15,,
2222313,A,PASS,organic_or_metalorganic,372,16091,0.2931,1.5953,15,15,15,false,false,true,true,false,Monoclinic,0.000e0,0.000e0,0.000e0,5.573e-15,,
2222313,B,PASS,organic_or_metalorganic,372,16091,0.2931,3.1293,15,15,15,false,false,true,true,false,Monoclinic,0.000e0,0.000e0,0.000e0,5.573e-15,,
2222505,A,PASS,organic_or_metalorganic,136,21591,0.5278,0.5840,4,4,4,false,false,true,true,false,Monoclinic,0.000e0,0.000e0,0.000e0,3.465e-15,,
2222505,B,PASS,organic_or_metalorganic,136,21591,0.5278,1.1556,4,4,4,false,false,true,true,false,Monoclinic,0.000e0,0.000e0,0.000e0,3.465e-15,,
2222554,A,PASS,organic_or_metalorganic,138,14713,0.3502,0.5940,14,14,14,false,false,true,true,false,Monoclinic,0.000e0,0.000e0,0.000e0,3.189e-15,,
2222554,B,PASS,organic_or_metalorganic,138,14713,0.3502,1.2064,14,14,14,false,false,true,true,false,Monoclinic,0.000e0,0.000e0,0.000e0,3.189e-15,,
2222643,A,PASS,organic_or_metalorganic,144,14892,0.3904,0.6225,14,14,14,true,false,true,true,false,Monoclinic,0.000e0,0.000e0,0.000e0,4.132e-15,,
2222643,B,LOSS_OCCUPANCY_EXPECTED,organic_or_metalorganic,144,14892,0.3904,1.2408,14,14,14,true,false,true,true,false,Monoclinic,0.000e0,0.000e0,0.000e0,4.132e-15,LOSS_OCCUPANCY_EXPECTED,
2222727,A,PASS,organic_or_metalorganic,46,11874,0.2239,0.4402,2,2,2,false,false,true,true,false,Triclinic,0.000e0,0.000e0,0.000e0,2.509e-15,,
2222727,B,PASS,organic_or_metalorganic,46,11874,0.2239,0.5852,2,2,2,false,false,true,true,false,Triclinic,0.000e0,0.000e0,0.000e0,2.509e-15,,
2222865,A,PASS,organic_or_metalorganic,100,17717,0.4600,0.5539,2,2,2,false,false,true,true,false,Triclinic,0.000e0,0.000e0,0.000e0,2.688e-15,,
2222865,B,PASS,organic_or_metalorganic,100,17717,0.4600,1.1032,2,2,2,false,false,true,true,false,Triclinic,0.000e0,0.000e0,0.000e0,2.688e-15,,
2222913,A,PASS,inorganic,152,18562,0.4260,0.6484,29,29,29,false,false,true,true,false,Orthorhombic,0.000e0,0.000e0,0.000e0,3.104e-15,,
2222913,B,PASS,inorganic,152,18562,0.4260,1.2818,29,29,29,false,false,true,true,false,Orthorhombic,0.000e0,0.000e0,0.000e0,3.104e-15,,
2222917,A,PASS,organic_or_metalorganic,240,20658,0.3776,1.0089,14,14,14,false,false,true,true,false,Monoclinic,0.000e0,0.000e0,0.000e0,3.727e-15,,
2222917,B,PASS,organic_or_metalorganic,240,20658,0.3776,2.0209,14,14,14,false,false,true,true,false,Monoclinic,0.000e0,0.000e0,0.000e0,3.727e-15,,
2223239,A,PASS,organic_or_metalorganic,132,14144,0.2261,0.5678,14,14,14,false,false,true,true,false,Monoclinic,0.000e0,0.000e0,0.000e0,4.546e-15,,
2223239,B,PASS,organic_or_metalorganic,132,14144,0.2261,1.1200,14,14,14,false,false,true,true,false,Monoclinic,0.000e0,0.000e0,0.000e0,4.546e-15,,
2223261,A,PASS,organic_or_metalorganic,248,16055,0.5114,1.0546,14,14,14,false,false,true,true,false,Monoclinic,0.000e0,0.000e0,0.000e0,4.979e-15,,
2223261,B,PASS,organic_or_metalorganic,248,16055,0.5114,2.0834,14,14,14,false,false,true,true,false,Monoclinic,0.000e0,0.000e0,0.000e0,4.979e-15,,
2223768,A,PASS,organic_or_metalorganic,116,12089,0.1268,0.5207,14,14,14,false,false,true,true,false,Monoclinic,0.000e0,0.000e0,0.000e0,2.342e-15,,
2223768,B,PASS,organic_or_metalorganic,116,12089,0.1268,1.0247,14,14,14,false,false,true,true,false,Monoclinic,0.000e0,0.000e0,0.000e0,2.342e-15,,
2224018,A,PASS,organic_or_metalorganic,228,11845,0.2336,0.9668,15,15,15,false,false,true,true,false,Monoclinic,0.000e0,0.000e0,0.000e0,2.849e-15,,
2224018,B,PASS,organic_or_metalorganic,228,11845,0.2336,1.9250,15,15,15,false,false,true,true,false,Monoclinic,0.000e0,0.000e0,0.000e0,2.849e-15,,
2224054,A,PASS,inorganic,72,18152,0.4010,0.3971,62,62,62,false,false,true,true,false,Orthorhombic,0.000e0,0.000e0,0.000e0,4.564e-15,,
2224054,B,PASS,inorganic,72,18152,0.4010,0.6358,62,62,62,false,false,true,true,false,Orthorhombic,0.000e0,0.000e0,0.000e0,4.564e-15,,
2224290,A,PASS,organic_or_metalorganic,94,17226,0.4447,0.9607,2,2,2,false,false,true,true,false,Triclinic,0.000e0,0.000e0,0.000e0,2.916e-15,,
2224290,B,PASS,organic_or_metalorganic,94,17226,0.4447,0.9965,2,2,2,false,false,true,true,false,Triclinic,0.000e0,0.000e0,0.000e0,2.916e-15,,
2224789,A,PASS,organic_or_metalorganic,300,23266,0.3368,1.2664,14,14,14,false,false,true,true,false,Monoclinic,0.000e0,0.000e0,0.000e0,3.597e-15,,
2224789,B,PASS,organic_or_metalorganic,300,23266,0.3368,2.5108,14,14,14,false,false,true,true,false,Monoclinic,0.000e0,0.000e0,0.000e0,3.597e-15,,
2224815,A,PASS,organic_or_metalorganic,140,14654,0.4179,0.6006,14,14,14,false,false,true,true,false,Monoclinic,0.000e0,0.000e0,0.000e0,2.953e-15,,
2224815,B,PASS,organic_or_metalorganic,140,14654,0.4179,1.2037,14,14,14,false,false,true,true,false,Monoclinic,0.000e0,0.000e0,0.000e0,2.953e-15,,
2224884,A,PASS,organic_or_metalorganic,92,17078,0.4077,0.6608,2,2,2,false,false,true,true,false,Triclinic,0.000e0,0.000e0,0.000e0,2.569e-15,,
2224884,B,PASS,organic_or_metalorganic,92,17078,0.4077,0.8018,2,2,2,false,false,true,true,false,Triclinic,0.000e0,0.000e0,0.000e0,2.569e-15,,
2224987,A,PASS,organic_or_metalorganic,56,10576,0.0868,0.2474,33,33,33,false,false,true,true,false,Orthorhombic,0.000e0,0.000e0,0.000e0,3.032e-15,,
2224987,B,PASS,organic_or_metalorganic,56,10576,0.0868,0.4994,33,33,33,false,false,true,true,false,Orthorhombic,0.000e0,0.000e0,0.000e0,3.032e-15,,
2225176,A,PASS,organic_or_metalorganic,158,28755,0.6890,0.7055,2,2,2,false,false,true,true,false,Triclinic,0.000e0,0.000e0,0.000e0,3.726e-15,,
2225176,B,PASS,organic_or_metalorganic,158,28755,0.6890,1.3430,2,2,2,false,false,true,true,false,Triclinic,0.000e0,0.000e0,0.000e0,3.726e-15,,
2225243,A,PASS,organic_or_metalorganic,110,16502,0.1716,0.4740,2,2,2,false,false,true,true,false,Triclinic,0.000e0,0.000e0,0.000e0,2.942e-15,,
2225243,B,PASS,organic_or_metalorganic,110,16502,0.1716,0.9466,2,2,2,false,false,true,true,false,Triclinic,0.000e0,0.000e0,0.000e0,2.942e-15,,
2225265,A,PASS,organic_or_metalorganic,236,20976,0.2808,1.0047,14,14,14,false,false,true,true,false,Monoclinic,0.000e0,0.000e0,0.000e0,3.584e-15,,
2225265,B,PASS,organic_or_metalorganic,236,20976,0.2808,1.9998,14,14,14,false,false,true,true,false,Monoclinic,0.000e0,0.000e0,0.000e0,3.584e-15,,
2225392,A,PASS,organic_or_metalorganic,116,13123,0.1378,0.5107,14,14,14,false,false,true,true,false,Monoclinic,0.000e0,0.000e0,0.000e0,2.976e-15,,
2225392,B,PASS,organic_or_metalorganic,116,13123,0.1378,0.9935,14,14,14,false,false,true,true,false,Monoclinic,0.000e0,0.000e0,0.000e0,2.976e-15,,
2225546,A,PASS,organic_or_metalorganic,132,18605,0.4148,0.9644,4,4,4,false,false,true,true,false,Monoclinic,0.000e0,0.000e0,0.000e0,4.338e-15,,
2225546,B,PASS,organic_or_metalorganic,132,18605,0.4148,1.1264,4,4,4,false,false,true,true,false,Monoclinic,0.000e0,0.000e0,0.000e0,4.338e-15,,
2225606,A,PASS,organic_or_metalorganic,256,21333,0.3993,1.0984,14,14,14,false,false,true,true,false,Monoclinic,0.000e0,0.000e0,0.000e0,5.719e-15,,
2225606,B,PASS,organic_or_metalorganic,256,21333,0.3993,2.2811,14,14,14,false,false,true,true,false,Monoclinic,0.000e0,0.000e0,0.000e0,5.719e-15,,
2225721,A,PASS,organic_or_metalorganic,336,34761,0.6784,1.4654,2,2,2,true,false,true,true,false,Triclinic,0.000e0,0.000e0,0.000e0,5.871e-15,,
2225721,B,LOSS_OCCUPANCY_EXPECTED,organic_or_metalorganic,336,34761,0.6784,2.8787,2,2,2,true,false,true,true,false,Triclinic,0.000e0,0.000e0,0.000e0,5.871e-15,LOSS_OCCUPANCY_EXPECTED,
2225798,A,PASS,organic_or_metalorganic,108,12471,0.1851,0.4752,14,14,14,false,false,true,true,false,Monoclinic,0.000e0,0.000e0,0.000e0,2.517e-15,,
2225798,B,PASS,organic_or_metalorganic,108,12471,0.1851,0.9284,14,14,14,false,false,true,true,false,Monoclinic,0.000e0,0.000e0,0.000e0,2.517e-15,,
2225870,A,PASS,organic_or_metalorganic,212,11026,0.4121,1.4968,60,60,60,false,false,true,true,false,Orthorhombic,0.000e0,0.000e0,0.000e0,5.588e-15,,
2225870,B,PASS,organic_or_metalorganic,212,11026,0.4121,1.7827,60,60,60,false,false,true,true,false,Orthorhombic,0.000e0,0.000e0,0.000e0,5.588e-15,,
2226105,A,PASS,organic_or_metalorganic,80,10581,0.2362,0.4486,19,19,19,false,false,true,true,false,Orthorhombic,0.000e0,0.000e0,0.000e0,5.225e-15,,
2226105,B,PASS,organic_or_metalorganic,80,10581,0.2362,0.7689,19,19,19,false,false,true,true,false,Orthorhombic,0.000e0,0.000e0,0.000e0,5.225e-15,,
2226168,A,PASS,organic_or_metalorganic,204,11770,0.2456,1.1570,60,60,60,false,false,true,true,false,Orthorhombic,0.000e0,0.000e0,0.000e0,3.753e-15,,
2226168,B,PASS,organic_or_metalorganic,204,11770,0.2456,1.7231,60,60,60,false,false,true,true,false,Orthorhombic,0.000e0,0.000e0,0.000e0,3.753e-15,,
2226218,A,PASS,organic_or_metalorganic,120,12212,0.3092,0.5444,14,14,14,false,false,true,true,false,Monoclinic,0.000e0,0.000e0,0.000e0,2.424e-15,,
2226218,B,PASS,organic_or_metalorganic,120,12212,0.3092,1.0337,14,14,14,false,false,true,true,false,Monoclinic,0.000e0,0.000e0,0.000e0,2.424e-15,,
2226264,A,PASS,organic_or_metalorganic,304,16123,0.2723,1.3142,15,15,15,false,false,true,true,false,Monoclinic,0.000e0,0.000e0,0.000e0,6.306e-15,,
2226264,B,PASS,organic_or_metalorganic,304,16123,0.2723,2.6054,15,15,15,false,false,true,true,false,Monoclinic,0.000e0,0.000e0,0.000e0,6.306e-15,,
2226336,A,PASS,organic_or_metalorganic,88,16373,0.1607,0.3804,2,2,2,false,false,true,true,false,Triclinic,0.000e0,0.000e0,0.000e0,3.080e-15,,
2226336,B,PASS,organic_or_metalorganic,88,16373,0.1607,0.7635,2,2,2,false,false,true,true,false,Triclinic,0.000e0,0.000e0,0.000e0,3.080e-15,,
2226466,A,PASS,organic_or_metalorganic,96,12200,0.2314,0.4200,14,14,14,false,false,true,true,false,Monoclinic,0.000e0,0.000e0,0.000e0,3.213e-15,,
2226466,B,PASS,organic_or_metalorganic,96,12200,0.2314,0.8600,14,14,14,false,false,true,true,false,Monoclinic,0.000e0,0.000e0,0.000e0,3.213e-15,,
2226542,A,PASS,organic_or_metalorganic,144,20433,0.4832,0.7835,4,4,4,false,false,true,true,false,Monoclinic,0.000e0,0.000e0,0.000e0,2.594e-15,,
2226542,B,PASS,organic_or_metalorganic,144,20433,0.4832,1.2324,4,4,4,false,false,true,true,false,Monoclinic,0.000e0,0.000e0,0.000e0,2.594e-15,,
2226644,A,PASS,organic_or_metalorganic,106,11914,0.2157,0.6279,14,14,14,false,false,true,true,false,Monoclinic,0.000e0,0.000e0,0.000e0,2.541e-15,,
2226644,B,PASS,organic_or_metalorganic,106,11914,0.2157,1.2043,14,14,14,false,false,true,true,false,Monoclinic,0.000e0,0.000e0,0.000e0,2.541e-15,,
2227043,A,PASS,organic_or_metalorganic,210,25524,0.4505,1.2762,2,2,2,true,false,true,true,false,Triclinic,0.000e0,0.000e0,0.000e0,3.911e-15,,
2227043,B,LOSS_OCCUPANCY_EXPECTED,organic_or_metalorganic,210,25524,0.4505,1.9855,2,2,2,true,false,true,true,false,Triclinic,0.000e0,0.000e0,0.000e0,3.911e-15,LOSS_OCCUPANCY_EXPECTED,
2227229,A,PASS,organic_or_metalorganic,344,26407,0.9252,1.4954,14,14,14,false,false,true,true,false,Monoclinic,0.000e0,0.000e0,0.000e0,5.049e-15,,
2227229,B,PASS,organic_or_metalorganic,344,26407,0.9252,3.0132,14,14,14,false,false,true,true,false,Monoclinic,0.000e0,0.000e0,0.000e0,5.049e-15,,
2227252,A,PASS,organic_or_metalorganic,192,28552,0.5270,0.8110,2,2,2,false,false,true,true,false,Triclinic,0.000e0,0.000e0,0.000e0,4.468e-15,,
2227252,B,PASS,organic_or_metalorganic,192,28552,0.5270,1.7459,2,2,2,false,false,true,true,false,Triclinic,0.000e0,0.000e0,0.000e0,4.468e-15,,
2227398,A,PASS,organic_or_metalorganic,220,15709,0.2769,0.9318,14,14,14,false,false,true,true,false,Monoclinic,0.000e0,0.000e0,0.000e0,5.648e-15,,
2227398,B,PASS,organic_or_metalorganic,220,15709,0.2769,1.9879,14,14,14,false,false,true,true,false,Monoclinic,0.000e0,0.000e0,0.000e0,5.648e-15,,
2227652,A,PASS,organic_or_metalorganic,124,12606,0.2165,0.7931,14,14,14,false,false,true,true,false,Monoclinic,0.000e0,0.000e0,0.000e0,3.184e-15,,
2227652,B,PASS,organic_or_metalorganic,124,12606,0.2165,1.5772,14,14,14,false,false,true,true,false,Monoclinic,0.000e0,0.000e0,0.000e0,3.184e-15,,
2227815,A,PASS,organic_or_metalorganic,272,18403,0.4026,1.1709,14,14,14,false,false,true,true,false,Monoclinic,0.000e0,0.000e0,0.000e0,4.697e-15,,
2227815,B,PASS,organic_or_metalorganic,272,18403,0.4026,2.2745,14,14,14,false,false,true,true,false,Monoclinic,0.000e0,0.000e0,0.000e0,4.697e-15,,
2227820,A,PASS,organic_or_metalorganic,132,14116,0.3179,0.5827,14,14,14,false,false,true,true,false,Monoclinic,0.000e0,0.000e0,0.000e0,2.524e-15,,
2227820,B,PASS,organic_or_metalorganic,132,14116,0.3179,1.1391,14,14,14,false,false,true,true,false,Monoclinic,0.000e0,0.000e0,0.000e0,2.524e-15,,
2228128,A,PASS,organic_or_metalorganic,244,20364,0.4414,1.0431,14,14,14,false,false,true,true,false,Monoclinic,0.000e0,0.000e0,0.000e0,4.153e-15,,
2228128,B,PASS,organic_or_metalorganic,244,20364,0.4414,2.0570,14,14,14,false,false,true,true,false,Monoclinic,0.000e0,0.000e0,0.000e0,4.153e-15,,
2228404,A,PASS,organic_or_metalorganic,111,19052,0.4463,0.4934,2,2,2,false,false,true,true,false,Triclinic,0.000e0,0.000e0,0.000e0,2.987e-15,,
2228404,B,PASS,organic_or_metalorganic,111,19052,0.4463,0.9528,2,2,2,false,false,true,true,false,Triclinic,0.000e0,0.000e0,0.000e0,2.987e-15,,
2228416,A,PASS,organic_or_metalorganic,140,21879,0.2938,0.5936,2,2,2,false,false,true,true,false,Triclinic,0.000e0,0.000e0,0.000e0,2.768e-15,,
2228416,B,PASS,organic_or_metalorganic,140,21879,0.2938,1.1916,2,2,2,false,false,true,true,false,Triclinic,0.000e0,0.000e0,0.000e0,2.768e-15,,
2228508,A,PASS,organic_or_metalorganic,220,17575,0.6020,1.6695,9,9,9,true,false,true,true,false,Monoclinic,0.000e0,0.000e0,0.000e0,5.469e-15,,
2228508,B,LOSS_OCCUPANCY_EXPECTED,organic_or_metalorganic,220,17575,0.6020,1.8535,9,9,9,true,false,true,true,false,Monoclinic,0.000e0,0.000e0,0.000e0,5.469e-15,LOSS_OCCUPANCY_EXPECTED,
2228672,A,PASS,organic_or_metalorganic,168,16409,0.2721,0.7269,14,14,14,false,false,true,true,false,Monoclinic,0.000e0,0.000e0,0.000e0,3.470e-15,,
2228672,B,PASS,organic_or_metalorganic,168,16409,0.2721,1.4260,14,14,14,false,false,true,true,false,Monoclinic,0.000e0,0.000e0,0.000e0,3.470e-15,,
2228732,A,PASS,organic_or_metalorganic,132,13561,0.3652,0.5926,14,14,14,true,false,true,true,false,Monoclinic,0.000e0,0.000e0,0.000e0,4.108e-15,,
2228732,B,LOSS_OCCUPANCY_EXPECTED,organic_or_metalorganic,132,13561,0.3652,1.1247,14,14,14,true,false,true,true,false,Monoclinic,0.000e0,0.000e0,0.000e0,4.108e-15,LOSS_OCCUPANCY_EXPECTED,
2229051,A,PASS,organic_or_metalorganic,82,15425,0.3571,0.4745,2,2,2,false,false,true,true,false,Triclinic,0.000e0,0.000e0,0.000e0,2.170e-15,,
2229051,B,PASS,organic_or_metalorganic,82,15425,0.3571,0.9167,2,2,2,false,false,true,true,false,Triclinic,0.000e0,0.000e0,0.000e0,2.170e-15,,
2229202,A,PASS,organic_or_metalorganic,496,18615,0.4423,2.1208,15,15,15,false,false,true,true,false,Monoclinic,0.000e0,0.000e0,0.000e0,6.898e-15,,
2229202,B,PASS,organic_or_metalorganic,496,18615,0.4423,4.3345,15,15,15,false,false,true,true,false,Monoclinic,0.000e0,0.000e0,0.000e0,6.898e-15,,
2229305,A,PASS,organic_or_metalorganic,66,14262,0.3271,0.3806,2,2,2,false,false,true,true,false,Triclinic,0.000e0,0.000e0,0.000e0,2.772e-15,,
2229305,B,PASS,organic_or_metalorganic,66,14262,0.3271,0.7529,2,2,2,false,false,true,true,false,Triclinic,0.000e0,0.000e0,0.000e0,2.772e-15,,
2229307,A,PASS,organic_or_metalorganic,102,18718,0.3314,0.4361,2,2,2,true,false,true,true,false,Triclinic,0.000e0,0.000e0,0.000e0,4.151e-15,,
2229307,B,LOSS_OCCUPANCY_EXPECTED,organic_or_metalorganic,102,18718,0.3314,0.8884,2,2,2,true,false,true,true,false,Triclinic,0.000e0,0.000e0,0.000e0,4.151e-15,LOSS_OCCUPANCY_EXPECTED,
2229334,A,PASS,organic_or_metalorganic,172,25594,0.4404,0.7417,4,4,4,false,false,true,true,false,Monoclinic,0.000e0,0.000e0,0.000e0,2.341e-15,,
2229334,B,PASS,organic_or_metalorganic,172,25594,0.4404,1.4496,4,4,4,false,false,true,true,false,Monoclinic,0.000e0,0.000e0,0.000e0,2.341e-15,,
2229418,A,PASS,organic_or_metalorganic,168,14215,0.2373,0.7098,14,14,14,false,false,true,true,false,Monoclinic,0.000e0,0.000e0,0.000e0,5.182e-15,,
2229418,B,PASS,organic_or_metalorganic,168,14215,0.2373,1.4278,14,14,14,false,false,true,true,false,Monoclinic,0.000e0,0.000e0,0.000e0,5.182e-15,,
2229552,A,PASS,organic_or_metalorganic,140,14331,0.4496,0.6116,14,14,14,false,false,true,true,false,Monoclinic,0.000e0,0.000e0,0.000e0,3.146e-15,,
2229552,B,PASS,organic_or_metalorganic,140,14331,0.4496,1.2019,14,14,14,false,false,true,true,false,Monoclinic,0.000e0,0.000e0,0.000e0,3.146e-15,,
2229741,A,PASS,organic_or_metalorganic,64,10169,0.0885,0.2862,14,14,14,false,false,true,true,false,Monoclinic,0.000e0,0.000e0,0.000e0,2.163e-15,,
2229741,B,PASS,organic_or_metalorganic,64,10169,0.0885,0.5658,14,14,14,false,false,true,true,false,Monoclinic,0.000e0,0.000e0,0.000e0,2.163e-15,,
2229751,A,PASS,organic_or_metalorganic,132,13828,0.3615,0.5869,14,14,14,false,false,true,true,false,Monoclinic,0.000e0,0.000e0,0.000e0,3.445e-15,,
2229751,B,PASS,organic_or_metalorganic,132,13828,0.3615,1.1194,14,14,14,false,false,true,true,false,Monoclinic,0.000e0,0.000e0,0.000e0,3.445e-15,,
2229786,A,PASS,organic_or_metalorganic,860,49815,1.1473,3.7818,14,14,14,false,false,true,true,false,Monoclinic,0.000e0,0.000e0,0.000e0,8.338e-15,,
2229786,B,PASS,organic_or_metalorganic,860,49815,1.1473,7.2606,14,14,14,false,false,true,true,false,Monoclinic,0.000e0,0.000e0,0.000e0,8.338e-15,,
2229859,A,PASS,organic_or_metalorganic,368,35278,0.7274,2.0157,4,4,4,false,false,true,true,false,Monoclinic,0.000e0,0.000e0,0.000e0,4.610e-15,,
2229859,B,PASS,organic_or_metalorganic,368,35278,0.7274,3.9787,4,4,4,false,false,true,true,false,Monoclinic,0.000e0,0.000e0,0.000e0,4.610e-15,,
2229875,A,PASS,organic_or_metalorganic,184,23720,0.4066,1.6677,2,2,2,false,false,true,true,false,Triclinic,0.000e0,0.000e0,0.000e0,6.966e-15,,
2229875,B,PASS,organic_or_metalorganic,184,23720,0.4066,1.5548,2,2,2,false,false,true,true,false,Triclinic,0.000e0,0.000e0,0.000e0,6.966e-15,,
2229882,A,PASS,organic_or_metalorganic,296,14767,0.4961,1.7001,41,41,41,false,false,true,true,false,Orthorhombic,0.000e0,0.000e0,0.000e0,4.630e-15,,
2229882,B,PASS,organic_or_metalorganic,296,14767,0.4961,2.4958,41,41,41,false,false,true,true,false,Orthorhombic,0.000e0,0.000e0,0.000e0,4.630e-15,,
2229962,A,PASS,organic_or_metalorganic,125,25674,0.4774,0.7719,2,2,2,false,false,true,true,false,Triclinic,0.000e0,0.000e0,0.000e0,4.007e-15,,
2229962,B,PASS,organic_or_metalorganic,125,25674,0.4774,1.0706,2,2,2,false,false,true,true,false,Triclinic,0.000e0,0.000e0,0.000e0,4.007e-15,,
2230087,A,PASS,organic_or_metalorganic,148,13664,0.2409,0.8297,13,13,13,false,false,true,true,false,Monoclinic,0.000e0,0.000e0,0.000e0,3.365e-15,,
2230087,B,PASS,organic_or_metalorganic,148,13664,0.2409,1.9527,13,13,13,false,false,true,true,false,Monoclinic,0.000e0,0.000e0,0.000e0,3.365e-15,,
2230247,A,PASS,organic_or_metalorganic,88,15572,0.3203,0.4903,2,2,2,false,false,true,true,false,Triclinic,0.000e0,0.000e0,0.000e0,2.563e-15,,
2230247,B,PASS,organic_or_metalorganic,88,15572,0.3203,0.9858,2,2,2,false,false,true,true,false,Triclinic,0.000e0,0.000e0,0.000e0,2.563e-15,,
2230290,A,PASS,organic_or_metalorganic,240,17112,0.2603,1.7978,15,15,15,false,false,true,true,false,Monoclinic,0.000e0,0.000e0,0.000e0,5.619e-15,,
2230290,B,PASS,organic_or_metalorganic,240,17112,0.2603,2.0087,15,15,15,false,false,true,true,false,Monoclinic,0.000e0,0.000e0,0.000e0,5.619e-15,,
2230355,A,PASS,organic_or_metalorganic,264,22109,0.6356,1.1365,19,19,19,false,false,true,true,false,Orthorhombic,0.000e0,0.000e0,0.000e0,3.602e-15,,
2230355,B,PASS,organic_or_metalorganic,264,22109,0.6356,2.5066,19,19,19,false,false,true,true,false,Orthorhombic,0.000e0,0.000e0,0.000e0,3.602e-15,,
2230359,A,PASS,organic_or_metalorganic,188,13727,0.3066,1.2178,15,15,15,false,false,true,true,false,Monoclinic,0.000e0,0.000e0,0.000e0,3.714e-15,,
2230359,B,PASS,organic_or_metalorganic,188,13727,0.3066,2.3998,15,15,15,false,false,true,true,false,Monoclinic,0.000e0,0.000e0,0.000e0,3.714e-15,,
2230523,A,PASS,organic_or_metalorganic,136,12472,0.2208,0.8632,14,14,14,false,false,true,true,false,Monoclinic,0.000e0,0.000e0,0.000e0,2.256e-15,,
2230523,B,PASS,organic_or_metalorganic,136,12472,0.2208,1.6789,14,14,14,false,false,true,true,false,Monoclinic,0.000e0,0.000e0,0.000e0,2.256e-15,,
2230591,A,PASS,organic_or_metalorganic,136,14169,0.2648,0.5884,14,14,14,false,false,true,true,false,Monoclinic,0.000e0,0.000e0,0.000e0,3.817e-15,,
2230591,B,PASS,organic_or_metalorganic,136,14169,0.2648,1.1720,14,14,14,false,false,true,true,false,Monoclinic,0.000e0,0.000e0,0.000e0,3.817e-15,,
2231180,A,PASS,organic_or_metalorganic,248,11041,0.2789,1.1241,15,15,15,false,false,true,true,false,Monoclinic,0.000e0,0.000e0,0.000e0,5.891e-15,,
2231180,B,PASS,organic_or_metalorganic,248,11041,0.2789,2.1469,15,15,15,false,false,true,true,false,Monoclinic,0.000e0,0.000e0,0.000e0,5.891e-15,,
2231438,A,PASS,organic_or_metalorganic,312,20069,0.4948,1.4162,15,15,15,false,false,true,true,false,Monoclinic,0.000e0,0.000e0,0.000e0,5.865e-15,,
2231438,B,PASS,organic_or_metalorganic,312,20069,0.4948,2.6393,15,15,15,false,false,true,true,false,Monoclinic,0.000e0,0.000e0,0.000e0,5.865e-15,,
2231450,A,PASS,organic_or_metalorganic,256,16520,0.3943,1.6434,14,14,14,false,false,true,true,false,Monoclinic,0.000e0,0.000e0,0.000e0,3.499e-15,,
2231450,B,PASS,organic_or_metalorganic,256,16520,0.3943,3.2546,14,14,14,false,false,true,true,false,Monoclinic,0.000e0,0.000e0,0.000e0,3.499e-15,,
2231532,A,PASS,organic_or_metalorganic,212,15804,0.3250,1.3417,19,19,19,false,false,true,true,false,Orthorhombic,0.000e0,0.000e0,0.000e0,3.999e-15,,
2231532,B,PASS,organic_or_metalorganic,212,15804,0.3250,1.8240,19,19,19,false,false,true,true,false,Orthorhombic,0.000e0,0.000e0,0.000e0,3.999e-15,,
2231854,A,PASS,organic_or_metalorganic,68,19719,0.1919,0.4422,2,2,2,false,false,true,true,false,Triclinic,0.000e0,0.000e0,0.000e0,2.649e-15,,
2231854,B,PASS,organic_or_metalorganic,68,19719,0.1919,0.6342,2,2,2,false,false,true,true,false,Triclinic,0.000e0,0.000e0,0.000e0,2.649e-15,,
2231859,A,PASS,organic_or_metalorganic,132,12608,0.1922,0.5858,19,19,19,false,false,true,true,false,Orthorhombic,0.000e0,0.000e0,0.000e0,3.139e-15,,
2231859,B,PASS,organic_or_metalorganic,132,12608,0.1922,1.1215,19,19,19,false,false,true,true,false,Orthorhombic,0.000e0,0.000e0,0.000e0,3.139e-15,,
2231948,A,PASS,organic_or_metalorganic,220,16710,0.2948,0.9390,19,19,19,false,false,true,true,false,Orthorhombic,0.000e0,0.000e0,0.000e0,5.075e-15,,
2231948,B,PASS,organic_or_metalorganic,220,16710,0.2948,1.8673,19,19,19,false,false,true,true,false,Orthorhombic,0.000e0,0.000e0,0.000e0,5.075e-15,,
2232088,A,PASS,organic_or_metalorganic,134,16282,0.4117,0.5865,2,2,2,false,false,true,true,false,Triclinic,0.000e0,0.000e0,0.000e0,3.801e-15,,
2232088,B,PASS,organic_or_metalorganic,134,16282,0.4117,1.1510,2,2,2,false,false,true,true,false,Triclinic,0.000e0,0.000e0,0.000e0,3.801e-15,,
2232475,A,PASS,organic_or_metalorganic,120,12500,0.1772,0.5124,14,14,14,false,false,true,true,false,Monoclinic,0.000e0,0.000e0,0.000e0,3.234e-15,,
2232475,B,PASS,organic_or_metalorganic,120,12500,0.1772,1.1428,14,14,14,false,false,true,true,false,Monoclinic,0.000e0,0.000e0,0.000e0,3.234e-15,,
2232609,A,PASS,organic_or_metalorganic,124,12502,0.1477,0.6209,14,14,14,false,false,true,true,false,Monoclinic,0.000e0,0.000e0,0.000e0,2.827e-15,,
2232609,B,PASS,organic_or_metalorganic,124,12502,0.1477,1.0614,14,14,14,false,false,true,true,false,Monoclinic,0.000e0,0.000e0,0.000e0,2.827e-15,,
2232957,A,PASS,organic_or_metalorganic,80,14117,0.1709,0.5025,2,2,2,false,false,true,true,false,Triclinic,0.000e0,0.000e0,0.000e0,2.686e-15,,
2232957,B,PASS,organic_or_metalorganic,80,14117,0.1709,0.9018,2,2,2,false,false,true,true,false,Triclinic,0.000e0,0.000e0,0.000e0,2.686e-15,,
2233198,A,PASS,organic_or_metalorganic,131,17425,0.2089,0.7693,2,2,2,false,false,true,true,false,Triclinic,0.000e0,0.000e0,0.000e0,3.545e-15,,
2233198,B,PASS,organic_or_metalorganic,131,17425,0.2089,1.1369,2,2,2,false,false,true,true,false,Triclinic,0.000e0,0.000e0,0.000e0,3.545e-15,,
2233207,A,PASS,organic_or_metalorganic,124,12683,0.1732,0.5294,14,14,14,false,false,true,true,false,Monoclinic,0.000e0,0.000e0,0.000e0,2.925e-15,,
2233207,B,PASS,organic_or_metalorganic,124,12683,0.1732,1.0573,14,14,14,false,false,true,true,false,Monoclinic,0.000e0,0.000e0,0.000e0,2.925e-15,,
2233276,A,PASS,organic_or_metalorganic,224,26994,0.4235,1.3977,2,2,2,false,false,true,true,false,Triclinic,0.000e0,0.000e0,0.000e0,5.349e-15,,
2233276,B,PASS,organic_or_metalorganic,224,26994,0.4235,2.0529,2,2,2,false,false,true,true,false,Triclinic,0.000e0,0.000e0,0.000e0,5.349e-15,,
2233388,A,PASS,organic_or_metalorganic,122,17902,0.4360,0.5334,2,2,2,true,false,true,true,false,Triclinic,0.000e0,0.000e0,0.000e0,3.404e-15,,
2233388,B,LOSS_OCCUPANCY_EXPECTED,organic_or_metalorganic,122,17902,0.4360,1.0422,2,2,2,true,false,true,true,false,Triclinic,0.000e0,0.000e0,0.000e0,3.404e-15,LOSS_OCCUPANCY_EXPECTED,
2233423,A,SYMMETRY_UNDETERMINED_BOTH,organic_or_metalorganic,204,25363,0.4820,0.8725,NA,NA,2,true,false,true,true,true,Undetermined,0.000e0,0.000e0,0.000e0,3.555e-15,SYMMETRY_UNDETERMINED_BOTH,
2233423,B,LOSS_OCCUPANCY_EXPECTED,organic_or_metalorganic,204,25363,0.4820,1.7049,NA,NA,2,true,false,true,true,true,Undetermined,0.000e0,0.000e0,0.000e0,3.555e-15,LOSS_OCCUPANCY_EXPECTED; SYMMETRY_UNDETERMINED_BOTH,
2233713,A,PASS,organic_or_metalorganic,188,13566,0.3729,0.8025,14,14,14,false,false,true,true,false,Monoclinic,0.000e0,0.000e0,0.000e0,5.448e-15,,
2233713,B,PASS,organic_or_metalorganic,188,13566,0.3729,1.6053,14,14,14,false,false,true,true,false,Monoclinic,0.000e0,0.000e0,0.000e0,5.448e-15,,
2233786,A,PASS,organic_or_metalorganic,38,14370,0.0875,0.1748,2,2,2,false,false,true,true,false,Triclinic,0.000e0,0.000e0,0.000e0,2.295e-15,,
2233786,B,PASS,organic_or_metalorganic,38,14370,0.0875,0.3518,2,2,2,false,false,true,true,false,Triclinic,0.000e0,0.000e0,0.000e0,2.295e-15,,
2233860,A,PASS,organic_or_metalorganic,244,18889,0.3414,1.2292,19,19,19,false,false,true,true,false,Orthorhombic,0.000e0,0.000e0,0.000e0,4.849e-15,,
2233860,B,PASS,organic_or_metalorganic,244,18889,0.3414,2.0413,19,19,19,false,false,true,true,false,Orthorhombic,0.000e0,0.000e0,0.000e0,4.849e-15,,
2234096,A,PASS,organic_or_metalorganic,94,10351,0.2475,0.4083,14,14,14,false,false,true,true,false,Monoclinic,0.000e0,0.000e0,0.000e0,3.219e-15,,
2234096,B,PASS,organic_or_metalorganic,94,10351,0.2475,0.8226,14,14,14,false,false,true,true,false,Monoclinic,0.000e0,0.000e0,0.000e0,3.219e-15,,
2234182,A,PASS,organic_or_metalorganic,74,13925,0.1727,0.4279,2,2,2,false,false,true,true,false,Triclinic,0.000e0,0.000e0,0.000e0,3.402e-15,,
2234182,B,PASS,organic_or_metalorganic,74,13925,0.1727,0.8359,2,2,2,false,false,true,true,false,Triclinic,0.000e0,0.000e0,0.000e0,3.402e-15,,
2234326,A,PASS,organic_or_metalorganic,136,13028,0.2003,0.6101,14,14,14,false,false,true,true,false,Monoclinic,0.000e0,0.000e0,0.000e0,2.842e-15,,
2234326,B,PASS,organic_or_metalorganic,136,13028,0.2003,1.1782,14,14,14,false,false,true,true,false,Monoclinic,0.000e0,0.000e0,0.000e0,2.842e-15,,
2234536,A,PASS,organic_or_metalorganic,126,27218,0.2725,1.0668,2,2,2,false,false,true,true,false,Triclinic,0.000e0,0.000e0,0.000e0,4.692e-15,,
2234536,B,PASS,organic_or_metalorganic,126,27218,0.2725,1.0383,2,2,2,false,false,true,true,false,Triclinic,0.000e0,0.000e0,0.000e0,4.692e-15,,
2234565,A,PASS,organic_or_metalorganic,196,12765,0.2977,1.0702,15,15,15,false,false,true,true,false,Monoclinic,0.000e0,0.000e0,0.000e0,3.417e-15,,
2234565,B,PASS,organic_or_metalorganic,196,12765,0.2977,1.6840,15,15,15,false,false,true,true,false,Monoclinic,0.000e0,0.000e0,0.000e0,3.417e-15,,
2234620,A,PASS,organic_or_metalorganic,416,24528,0.4265,1.7841,15,15,15,false,false,true,true,false,Monoclinic,0.000e0,0.000e0,0.000e0,7.528e-15,,
2234620,B,PASS,organic_or_metalorganic,416,24528,0.4265,3.7727,15,15,15,false,false,true,true,false,Monoclinic,0.000e0,0.000e0,0.000e0,7.528e-15,,
2234628,A,PASS,organic_or_metalorganic,212,17648,0.5269,0.9052,14,14,14,false,false,true,true,false,Monoclinic,0.000e0,0.000e0,0.000e0,5.376e-15,,
2234628,B,PASS,organic_or_metalorganic,212,17648,0.5269,1.8448,14,14,14,false,false,true,true,false,Monoclinic,0.000e0,0.000e0,0.000e0,5.376e-15,,
2234954,A,PASS,organic_or_metalorganic,108,15341,0.1478,0.5793,19,19,19,false,false,true,true,false,Orthorhombic,0.000e0,0.000e0,0.000e0,2.691e-15,,
2234954,B,PASS,organic_or_metalorganic,108,15341,0.1478,0.9265,19,19,19,false,false,true,true,false,Orthorhombic,0.000e0,0.000e0,0.000e0,2.691e-15,,
2235295,A,PASS,organic_or_metalorganic,220,24207,0.2982,0.9381,14,14,14,false,false,true,true,false,Monoclinic,0.000e0,0.000e0,0.000e0,3.841e-15,,
2235295,B,PASS,organic_or_metalorganic,220,24207,0.2982,1.8455,14,14,14,false,false,true,true,false,Monoclinic,0.000e0,0.000e0,0.000e0,3.841e-15,,
2235327,A,PASS,organic_or_metalorganic,66,10869,0.1215,0.3830,14,14,14,false,false,true,true,false,Monoclinic,0.000e0,0.000e0,0.000e0,3.045e-15,,
2235327,B,PASS,organic_or_metalorganic,66,10869,0.1215,0.8614,14,14,14,false,false,true,true,false,Monoclinic,0.000e0,0.000e0,0.000e0,3.045e-15,,
2235524,A,PASS,organic_or_metalorganic,248,26760,0.5317,1.0508,14,14,14,false,false,true,true,false,Monoclinic,0.000e0,0.000e0,0.000e0,3.605e-15,,
2235524,B,PASS,organic_or_metalorganic,248,26760,0.5317,2.0887,14,14,14,false,false,true,true,false,Monoclinic,0.000e0,0.000e0,0.000e0,3.605e-15,,
2235603,A,PASS,organic_or_metalorganic,196,15512,0.3656,0.8322,14,14,14,true,false,true,true,false,Monoclinic,0.000e0,0.000e0,0.000e0,4.268e-15,,
2235603,B,LOSS_OCCUPANCY_EXPECTED,organic_or_metalorganic,196,15512,0.3656,1.7299,14,14,14,true,false,true,true,false,Monoclinic,0.000e0,0.000e0,0.000e0,4.268e-15,LOSS_OCCUPANCY_EXPECTED,
2235618,A,PASS,organic_or_metalorganic,112,18752,0.1954,0.4824,2,2,2,false,false,true,true,false,Triclinic,0.000e0,0.000e0,0.000e0,2.863e-15,,
2235618,B,PASS,organic_or_metalorganic,112,18752,0.1954,0.9605,2,2,2,false,false,true,true,false,Triclinic,0.000e0,0.000e0,0.000e0,2.863e-15,,
2235814,A,PASS,organic_or_metalorganic,496,19737,0.5878,2.0831,114,114,114,true,false,true,true,false,Tetragonal,0.000e0,0.000e0,0.000e0,4.820e-15,,
2235814,B,LOSS_OCCUPANCY_EXPECTED,organic_or_metalorganic,496,19737,0.5878,4.1954,114,114,114,true,false,true,true,false,Tetragonal,0.000e0,0.000e0,0.000e0,4.820e-15,LOSS_OCCUPANCY_EXPECTED,
2235884,A,PASS,organic_or_metalorganic,128,11816,0.2524,0.7056,61,61,61,false,false,true,true,false,Orthorhombic,0.000e0,0.000e0,0.000e0,4.300e-15,,
2235884,B,PASS,organic_or_metalorganic,128,11816,0.2524,1.4001,61,61,61,false,false,true,true,false,Orthorhombic,0.000e0,0.000e0,0.000e0,4.300e-15,,
2235908,A,PASS,organic_or_metalorganic,768,36070,1.1269,3.3287,14,14,14,false,false,true,true,false,Monoclinic,0.000e0,0.000e0,0.000e0,1.074e-14,,
2235908,B,PASS,organic_or_metalorganic,768,36070,1.1269,6.2362,14,14,14,false,false,true,true,false,Monoclinic,0.000e0,0.000e0,0.000e0,1.074e-14,,
2236035,A,PASS,organic_or_metalorganic,216,24837,0.2661,1.0820,14,14,14,false,false,true,true,false,Monoclinic,0.000e0,0.000e0,0.000e0,3.478e-15,,
2236035,B,PASS,organic_or_metalorganic,216,24837,0.2661,1.7306,14,14,14,false,false,true,true,false,Monoclinic,0.000e0,0.000e0,0.000e0,3.478e-15,,
2236060,A,PASS,organic_or_metalorganic,200,15636,0.1945,0.9797,14,14,14,false,false,true,true,false,Monoclinic,0.000e0,0.000e0,0.000e0,2.635e-15,,
2236060,B,PASS,organic_or_metalorganic,200,15636,0.1945,1.6894,14,14,14,false,false,true,true,false,Monoclinic,0.000e0,0.000e0,0.000e0,2.635e-15,,
2236260,A,PASS,organic_or_metalorganic,140,18989,0.2070,0.6406,19,19,19,false,false,true,true,false,Orthorhombic,0.000e0,0.000e0,0.000e0,4.434e-15,,
2236260,B,PASS,organic_or_metalorganic,140,18989,0.2070,1.5389,19,19,19,false,false,true,true,false,Orthorhombic,0.000e0,0.000e0,0.000e0,4.434e-15,,
2236341,A,PASS,organic_or_metalorganic,54,14169,0.2580,0.3076,11,11,11,false,false,true,true,false,Monoclinic,0.000e0,0.000e0,0.000e0,1.607e-15,,
2236341,B,PASS,organic_or_metalorganic,54,14169,0.2580,0.6386,11,11,11,false,false,true,true,false,Monoclinic,0.000e0,0.000e0,0.000e0,1.607e-15,,
2236540,A,PASS,organic_or_metalorganic,468,28355,0.7315,1.9842,14,14,14,true,false,true,true,false,Monoclinic,0.000e0,0.000e0,0.000e0,5.737e-15,,
2236540,B,LOSS_OCCUPANCY_EXPECTED,organic_or_metalorganic,468,28355,0.7315,3.9526,14,14,14,true,false,true,true,false,Monoclinic,0.000e0,0.000e0,0.000e0,5.737e-15,LOSS_OCCUPANCY_EXPECTED,
2236636,A,PASS,organic_or_metalorganic,108,22669,0.3807,0.5978,4,4,4,false,false,true,true,false,Monoclinic,0.000e0,0.000e0,0.000e0,2.383e-15,,
2236636,B,PASS,organic_or_metalorganic,108,22669,0.3807,1.2004,4,4,4,false,false,true,true,false,Monoclinic,0.000e0,0.000e0,0.000e0,2.383e-15,,
2236678,A,PASS,organic_or_metalorganic,168,19256,0.3479,0.7327,14,14,14,false,false,true,true,false,Monoclinic,0.000e0,0.000e0,0.000e0,4.133e-15,,
2236678,B,PASS,organic_or_metalorganic,168,19256,0.3479,1.4267,14,14,14,false,false,true,true,false,Monoclinic,0.000e0,0.000e0,0.000e0,4.133e-15,,
2236762,A,PASS,organic_or_metalorganic,116,10865,0.3270,0.6150,19,19,19,false,false,true,true,false,Orthorhombic,0.000e0,0.000e0,0.000e0,3.015e-15,,
2236762,B,PASS,organic_or_metalorganic,116,10865,0.3270,1.0059,19,19,19,false,false,true,true,false,Orthorhombic,0.000e0,0.000e0,0.000e0,3.015e-15,,
2236766,A,PASS,organic_or_metalorganic,84,12822,0.1228,0.4641,29,29,29,false,false,true,true,false,Orthorhombic,0.000e0,0.000e0,0.000e0,2.462e-15,,
2236766,B,PASS,organic_or_metalorganic,84,12822,0.1228,0.9360,29,29,29,false,false,true,true,false,Orthorhombic,0.000e0,0.000e0,0.000e0,2.462e-15,,
2236925,A,PASS,organic_or_metalorganic,382,57503,0.5875,1.6006,2,2,2,true,false,true,true,false,Triclinic,0.000e0,0.000e0,0.000e0,6.282e-15,,
2236925,B,LOSS_OCCUPANCY_EXPECTED,organic_or_metalorganic,382,57503,0.5875,3.3980,2,2,2,true,false,true,true,false,Triclinic,0.000e0,0.000e0,0.000e0,6.282e-15,LOSS_OCCUPANCY_EXPECTED,
2236979,A,PASS,organic_or_metalorganic,154,30288,0.3234,0.8351,2,2,2,false,false,true,true,false,Triclinic,0.000e0,0.000e0,0.000e0,4.527e-15,,
2236979,B,PASS,organic_or_metalorganic,154,30288,0.3234,1.7013,2,2,2,false,false,true,true,false,Triclinic,0.000e0,0.000e0,0.000e0,4.527e-15,,
2237005,A,PASS,organic_or_metalorganic,416,16806,0.3605,1.7596,15,15,15,false,false,true,true,false,Monoclinic,0.000e0,0.000e0,0.000e0,4.625e-15,,
2237005,B,PASS,organic_or_metalorganic,416,16806,0.3605,3.6299,15,15,15,false,false,true,true,false,Monoclinic,0.000e0,0.000e0,0.000e0,4.625e-15,,
2237386,A,PASS,organic_or_metalorganic,264,30939,0.5884,2.5496,9,9,9,false,false,true,true,false,Monoclinic,0.000e0,0.000e0,0.000e0,4.107e-15,,
2237386,B,PASS,organic_or_metalorganic,264,30939,0.5884,2.2271,9,9,9,false,false,true,true,false,Monoclinic,0.000e0,0.000e0,0.000e0,4.107e-15,,
2237404,A,PASS,organic_or_metalorganic,276,20011,0.5899,1.1725,14,14,14,true,false,true,true,false,Monoclinic,0.000e0,0.000e0,0.000e0,5.410e-15,,
2237404,B,LOSS_OCCUPANCY_EXPECTED,organic_or_metalorganic,276,20011,0.5899,2.3055,14,14,14,true,false,true,true,false,Monoclinic,0.000e0,0.000e0,0.000e0,5.410e-15,LOSS_OCCUPANCY_EXPECTED,
2237629,A,PASS,organic_or_metalorganic,82,14965,0.2723,0.4647,2,2,2,false,false,true,true,false,Triclinic,0.000e0,0.000e0,0.000e0,3.191e-15,,
2237629,B,PASS,organic_or_metalorganic,82,14965,0.2723,1.1848,2,2,2,false,false,true,true,false,Triclinic,0.000e0,0.000e0,0.000e0,3.191e-15,,
2237720,A,PASS,organic_or_metalorganic,64,18631,0.1603,0.3592,2,2,2,false,false,true,true,false,Triclinic,0.000e0,0.000e0,0.000e0,2.441e-15,,
2237720,B,PASS,organic_or_metalorganic,64,18631,0.1603,0.7298,2,2,2,false,false,true,true,false,Triclinic,0.000e0,0.000e0,0.000e0,2.441e-15,,
2237761,A,PASS,organic_or_metalorganic,100,22171,0.2187,0.5538,2,2,2,false,false,true,true,false,Triclinic,0.000e0,0.000e0,0.000e0,4.721e-15,,
2237761,B,PASS,organic_or_metalorganic,100,22171,0.2187,1.1376,2,2,2,false,false,true,true,false,Triclinic,0.000e0,0.000e0,0.000e0,4.721e-15,,
2237771,A,PASS,organic_or_metalorganic,288,11680,0.2631,1.5041,61,61,61,false,false,true,true,false,Orthorhombic,0.000e0,0.000e0,0.000e0,7.232e-15,,
2237771,B,PASS,organic_or_metalorganic,288,11680,0.2631,2.4785,61,61,61,false,false,true,true,false,Orthorhombic,0.000e0,0.000e0,0.000e0,7.232e-15,,
2237892,A,PASS,organic_or_metalorganic,768,975725,2.0438,3.6128,4,4,4,false,false,true,true,false,Monoclinic,0.000e0,0.000e0,0.000e0,7.952e-15,,
2237892,B,PASS,organic_or_metalorganic,768,975725,2.0438,6.7814,4,4,4,false,false,true,true,false,Monoclinic,0.000e0,0.000e0,0.000e0,7.952e-15,,
2237962,A,PASS,organic_or_metalorganic,96,15199,0.4289,0.4173,2,2,2,false,false,true,true,false,Triclinic,0.000e0,0.000e0,0.000e0,2.974e-15,,
2237962,B,PASS,organic_or_metalorganic,96,15199,0.4289,0.8225,2,2,2,false,false,true,true,false,Triclinic,0.000e0,0.000e0,0.000e0,2.974e-15,,
2238027,A,PASS,organic_or_metalorganic,116,112325,1.2026,0.5000,19,19,19,false,false,true,true,false,Orthorhombic,0.000e0,0.000e0,0.000e0,7.090e-15,,
2238027,B,PASS,organic_or_metalorganic,116,112325,1.2026,1.1016,19,19,19,false,false,true,true,false,Orthorhombic,0.000e0,0.000e0,0.000e0,7.090e-15,,
2238046,A,PASS,organic_or_metalorganic,196,23742,0.3986,0.8315,14,14,14,false,false,true,true,false,Monoclinic,0.000e0,0.000e0,0.000e0,4.011e-15,,
2238046,B,PASS,organic_or_metalorganic,196,23742,0.3986,1.6475,14,14,14,false,false,true,true,false,Monoclinic,0.000e0,0.000e0,0.000e0,4.011e-15,,
2238079,A,PASS,organic_or_metalorganic,116,14493,0.1397,0.4939,58,58,58,true,false,true,true,false,Orthorhombic,0.000e0,0.000e0,0.000e0,4.696e-15,,
2238079,B,LOSS_OCCUPANCY_EXPECTED,organic_or_metalorganic,116,14493,0.1397,0.9964,58,58,58,true,false,true,true,false,Orthorhombic,0.000e0,0.000e0,0.000e0,4.696e-15,LOSS_OCCUPANCY_EXPECTED,
2238169,A,PASS,organic_or_metalorganic,172,22008,0.3326,0.7602,14,14,14,false,false,true,true,false,Monoclinic,0.000e0,0.000e0,0.000e0,4.290e-15,,
2238169,B,PASS,organic_or_metalorganic,172,22008,0.3326,1.4509,14,14,14,false,false,true,true,false,Monoclinic,0.000e0,0.000e0,0.000e0,4.290e-15,,
2238223,A,PASS,organic_or_metalorganic,348,19783,0.4313,1.5161,19,19,19,true,false,true,true,false,Orthorhombic,0.000e0,0.000e0,0.000e0,4.125e-15,,
2238223,B,LOSS_OCCUPANCY_EXPECTED,organic_or_metalorganic,348,19783,0.4313,3.0430,19,19,19,true,false,true,true,false,Orthorhombic,0.000e0,0.000e0,0.000e0,4.125e-15,LOSS_OCCUPANCY_EXPECTED,
2238225,A,PASS,organic_or_metalorganic,72,19260,0.1312,0.3124,2,2,2,false,false,true,true,false,Triclinic,0.000e0,0.000e0,0.000e0,3.931e-15,,
2238225,B,PASS,organic_or_metalorganic,72,19260,0.1312,0.6349,2,2,2,false,false,true,true,false,Triclinic,0.000e0,0.000e0,0.000e0,3.931e-15,,
2238263,A,PASS,organic_or_metalorganic,180,14946,0.3741,0.7598,33,33,33,true,false,true,true,false,Orthorhombic,0.000e0,0.000e0,0.000e0,4.911e-15,,
2238263,B,LOSS_OCCUPANCY_EXPECTED,organic_or_metalorganic,180,14946,0.3741,1.5089,33,33,33,true,false,true,true,false,Orthorhombic,0.000e0,0.000e0,0.000e0,4.911e-15,LOSS_OCCUPANCY_EXPECTED,
2238266,A,PASS,organic_or_metalorganic,122,21110,0.1637,0.5291,14,14,14,false,false,true,true,false,Monoclinic,0.000e0,0.000e0,0.000e0,3.164e-15,,
2238266,B,PASS,organic_or_metalorganic,122,21110,0.1637,1.0424,14,14,14,false,false,true,true,false,Monoclinic,0.000e0,0.000e0,0.000e0,3.164e-15,,
2238341,A,PASS,organic_or_metalorganic,432,23643,0.8606,1.8940,15,15,15,true,false,true,true,false,Monoclinic,0.000e0,0.000e0,0.000e0,4.976e-15,,
2238341,B,LOSS_OCCUPANCY_EXPECTED,organic_or_metalorganic,432,23643,0.8606,3.9328,15,15,15,true,false,true,true,false,Monoclinic,0.000e0,0.000e0,0.000e0,4.976e-15,LOSS_OCCUPANCY_EXPECTED,
2238426,A,PASS,organic_or_metalorganic,288,18456,0.6903,1.2418,15,15,15,false,false,true,true,false,Monoclinic,0.000e0,0.000e0,0.000e0,6.153e-15,,
2238426,B,PASS,organic_or_metalorganic,288,18456,0.6903,2.4096,15,15,15,false,false,true,true,false,Monoclinic,0.000e0,0.000e0,0.000e0,6.153e-15,,
2238779,A,PASS,organic_or_metalorganic,208,15226,0.4752,1.8688,14,14,14,false,false,true,true,false,Monoclinic,0.000e0,0.000e0,0.000e0,3.324e-15,,
2238779,B,PASS,organic_or_metalorganic,208,15226,0.4752,1.7613,14,14,14,false,false,true,true,false,Monoclinic,0.000e0,0.000e0,0.000e0,3.324e-15,,
2238880,A,PASS,organic_or_metalorganic,160,30992,0.2933,0.6826,2,2,2,false,false,true,true,false,Triclinic,0.000e0,0.000e0,0.000e0,3.521e-15,,
2238880,B,PASS,organic_or_metalorganic,160,30992,0.2933,1.3666,2,2,2,false,false,true,true,false,Triclinic,0.000e0,0.000e0,0.000e0,3.521e-15,,
2238976,A,PASS,organic_or_metalorganic,196,18037,0.2435,1.0877,15,15,15,false,false,true,true,false,Monoclinic,0.000e0,0.000e0,0.000e0,4.969e-15,,
2238976,B,PASS,organic_or_metalorganic,196,18037,0.2435,1.6708,15,15,15,false,false,true,true,false,Monoclinic,0.000e0,0.000e0,0.000e0,4.969e-15,,
2239121,A,PASS,organic_or_metalorganic,132,26165,0.2932,0.7250,2,2,2,false,false,true,true,false,Triclinic,0.000e0,0.000e0,0.000e0,3.232e-15,,
2239121,B,PASS,organic_or_metalorganic,132,26165,0.2932,1.4627,2,2,2,false,false,true,true,false,Triclinic,0.000e0,0.000e0,0.000e0,3.232e-15,,
2239138,A,PASS,organic_or_metalorganic,124,16912,0.1898,0.5729,14,14,14,false,false,true,true,false,Monoclinic,0.000e0,0.000e0,0.000e0,4.120e-15,,
2239138,B,PASS,organic_or_metalorganic,124,16912,0.1898,1.1907,14,14,14,false,false,true,true,false,Monoclinic,0.000e0,0.000e0,0.000e0,4.120e-15,,
2239449,A,PASS,organic_or_metalorganic,200,17110,0.5338,0.8608,14,14,14,false,false,true,true,false,Monoclinic,0.000e0,0.000e0,0.000e0,3.906e-15,,
2239449,B,PASS,organic_or_metalorganic,200,17110,0.5338,1.6840,14,14,14,false,false,true,true,false,Monoclinic,0.000e0,0.000e0,0.000e0,3.906e-15,,
2239495,A,PASS,organic_or_metalorganic,140,26520,0.3883,0.6106,2,2,2,false,false,true,true,false,Triclinic,0.000e0,0.000e0,0.000e0,3.353e-15,,
2239495,B,PASS,organic_or_metalorganic,140,26520,0.3883,1.2011,2,2,2,false,false,true,true,false,Triclinic,0.000e0,0.000e0,0.000e0,3.353e-15,,
2239643,A,PASS,organic_or_metalorganic,560,833676,1.3295,2.4124,15,15,15,false,false,true,true,false,Monoclinic,0.000e0,0.000e0,0.000e0,5.366e-15,,
2239643,B,PASS,organic_or_metalorganic,560,833676,1.3295,4.6589,15,15,15,false,false,true,true,false,Monoclinic,0.000e0,0.000e0,0.000e0,5.366e-15,,
2239670,A,PASS,organic_or_metalorganic,872,4206201,5.8384,3.8053,61,61,61,true,false,true,true,false,Orthorhombic,0.000e0,0.000e0,0.000e0,6.526e-15,,
2239670,B,LOSS_OCCUPANCY_EXPECTED,organic_or_metalorganic,872,4206201,5.8384,7.3566,61,61,61,true,false,true,true,false,Orthorhombic,0.000e0,0.000e0,0.000e0,6.526e-15,LOSS_OCCUPANCY_EXPECTED,
2239685,A,PASS,organic_or_metalorganic,76,19597,0.3723,0.5110,19,19,19,false,false,true,true,false,Orthorhombic,0.000e0,0.000e0,0.000e0,3.631e-15,,
2239685,B,PASS,organic_or_metalorganic,76,19597,0.3723,0.9537,19,19,19,false,false,true,true,false,Orthorhombic,0.000e0,0.000e0,0.000e0,3.631e-15,,
2239738,A,PASS,organic_or_metalorganic,312,21575,0.3584,1.9873,15,15,15,true,false,true,true,false,Monoclinic,0.000e0,0.000e0,0.000e0,7.225e-15,,
2239738,B,LOSS_OCCUPANCY_EXPECTED,organic_or_metalorganic,312,21575,0.3584,2.5285,15,15,15,true,false,true,true,false,Monoclinic,0.000e0,0.000e0,0.000e0,7.225e-15,LOSS_OCCUPANCY_EXPECTED,
2239746,A,PASS,organic_or_metalorganic,108,16446,0.2605,0.7081,2,2,2,false,false,true,true,false,Triclinic,0.000e0,0.000e0,0.000e0,2.872e-15,,
2239746,B,PASS,organic_or_metalorganic,108,16446,0.2605,1.4312,2,2,2,false,false,true,true,false,Triclinic,0.000e0,0.000e0,0.000e0,2.872e-15,,
2240015,A,PASS,organic_or_metalorganic,114,18807,0.2167,0.6513,14,14,14,false,false,true,true,false,Monoclinic,0.000e0,0.000e0,0.000e0,4.271e-15,,
2240015,B,PASS,organic_or_metalorganic,114,18807,0.2167,2.0794,14,14,14,false,false,true,true,false,Monoclinic,0.000e0,0.000e0,0.000e0,4.271e-15,,
2240024,A,PASS,organic_or_metalorganic,220,16343,0.2327,0.9352,15,15,15,false,false,true,true,false,Monoclinic,0.000e0,0.000e0,0.000e0,7.066e-15,,
2240024,B,PASS,organic_or_metalorganic,220,16343,0.2327,1.8692,15,15,15,false,false,true,true,false,Monoclinic,0.000e0,0.000e0,0.000e0,7.066e-15,,
2240091,A,PASS,organic_or_metalorganic,106,806157,0.9687,0.4624,2,2,2,false,false,true,true,false,Triclinic,0.000e0,0.000e0,0.000e0,1.965e-15,,
2240091,B,PASS,organic_or_metalorganic,106,806157,0.9687,0.9087,2,2,2,false,false,true,true,false,Triclinic,0.000e0,0.000e0,0.000e0,1.965e-15,,
2240168,A,PASS,organic_or_metalorganic,240,17254,0.3239,1.3324,14,14,14,true,false,true,true,false,Monoclinic,0.000e0,0.000e0,0.000e0,3.910e-15,,
2240168,B,LOSS_OCCUPANCY_EXPECTED,organic_or_metalorganic,240,17254,0.3239,2.0183,14,14,14,true,false,true,true,false,Monoclinic,0.000e0,0.000e0,0.000e0,3.910e-15,LOSS_OCCUPANCY_EXPECTED,
2240196,A,PASS,organic_or_metalorganic,44,19053,0.2017,0.2566,2,2,2,true,false,true,true,false,Triclinic,0.000e0,0.000e0,0.000e0,1.430e-15,,
2240196,B,LOSS_OCCUPANCY_EXPECTED,organic_or_metalorganic,44,19053,0.2017,0.5324,2,2,2,true,false,true,true,false,Triclinic,0.000e0,0.000e0,0.000e0,1.430e-15,LOSS_OCCUPANCY_EXPECTED,
2240214,A,PASS,organic_or_metalorganic,76,18373,0.1820,0.4350,2,2,2,true,false,true,true,false,Triclinic,0.000e0,0.000e0,0.000e0,2.233e-15,,
2240214,B,LOSS_OCCUPANCY_EXPECTED,organic_or_metalorganic,76,18373,0.1820,0.6744,2,2,2,true,false,true,true,false,Triclinic,0.000e0,0.000e0,0.000e0,2.233e-15,LOSS_OCCUPANCY_EXPECTED,
2240380,A,PASS,organic_or_metalorganic,616,31496,0.8517,2.6606,19,19,19,false,false,true,true,false,Orthorhombic,0.000e0,0.000e0,0.000e0,4.789e-15,,
2240380,B,PASS,organic_or_metalorganic,616,31496,0.8517,5.2126,19,19,19,false,false,true,true,false,Orthorhombic,0.000e0,0.000e0,0.000e0,4.789e-15,,
2240774,A,PASS,organic_or_metalorganic,86,21584,0.3348,0.4823,4,4,4,false,false,true,true,false,Monoclinic,0.000e0,0.000e0,0.000e0,2.191e-15,,
2240774,B,PASS,organic_or_metalorganic,86,21584,0.3348,0.9590,4,4,4,false,false,true,true,false,Monoclinic,0.000e0,0.000e0,0.000e0,2.191e-15,,
2240841,A,PASS,organic_or_metalorganic,60,413367,0.3864,0.2714,4,4,4,false,false,true,true,false,Monoclinic,0.000e0,0.000e0,0.000e0,1.922e-15,,
2240841,B,PASS,organic_or_metalorganic,60,413367,0.3864,0.5370,4,4,4,false,false,true,true,false,Monoclinic,0.000e0,0.000e0,0.000e0,1.922e-15,,
2240842,A,PASS,organic_or_metalorganic,72,565836,0.9470,0.6550,2,2,2,false,false,true,true,false,Triclinic,0.000e0,0.000e0,0.000e0,3.592e-15,,
2240842,B,PASS,organic_or_metalorganic,72,565836,0.9470,0.6446,2,2,2,false,false,true,true,false,Triclinic,0.000e0,0.000e0,0.000e0,3.592e-15,,
2240874,A,PASS,organic_or_metalorganic,376,367162,0.9086,2.0652,15,15,15,true,false,true,true,false,Monoclinic,0.000e0,0.000e0,0.000e0,8.705e-15,,
2240874,B,LOSS_OCCUPANCY_EXPECTED,organic_or_metalorganic,376,367162,0.9086,3.2773,15,15,15,true,false,true,true,false,Monoclinic,0.000e0,0.000e0,0.000e0,8.705e-15,LOSS_OCCUPANCY_EXPECTED,
2240952,A,PASS,organic_or_metalorganic,56,217339,0.4726,0.2927,2,2,2,false,false,true,true,false,Triclinic,0.000e0,0.000e0,0.000e0,1.928e-15,,
2240952,B,PASS,organic_or_metalorganic,56,217339,0.4726,0.5046,2,2,2,false,false,true,true,false,Triclinic,0.000e0,0.000e0,0.000e0,1.928e-15,,
2241066,A,PASS,organic_or_metalorganic,156,544322,0.7981,0.6652,19,19,19,true,false,true,true,false,Orthorhombic,0.000e0,0.000e0,0.000e0,2.993e-15,,
2241066,B,LOSS_OCCUPANCY_EXPECTED,organic_or_metalorganic,156,544322,0.7981,1.3311,19,19,19,true,false,true,true,false,Orthorhombic,0.000e0,0.000e0,0.000e0,2.993e-15,LOSS_OCCUPANCY_EXPECTED,
2241169,A,PASS,organic_or_metalorganic,228,24295,0.2440,0.9678,14,14,14,false,false,true,true,false,Monoclinic,0.000e0,0.000e0,0.000e0,2.649e-15,,
2241169,B,PASS,organic_or_metalorganic,228,24295,0.2440,1.9175,14,14,14,false,false,true,true,false,Monoclinic,0.000e0,0.000e0,0.000e0,2.649e-15,,
2241290,A,PASS,organic_or_metalorganic,170,719173,0.9102,0.7252,2,2,2,false,false,true,true,false,Triclinic,0.000e0,0.000e0,0.000e0,4.166e-15,,
2241290,B,PASS,organic_or_metalorganic,170,719173,0.9102,1.4454,2,2,2,false,false,true,true,false,Triclinic,0.000e0,0.000e0,0.000e0,4.166e-15,,
2241308,A,PASS,organic_or_metalorganic,104,215723,0.4261,0.4606,14,14,14,false,false,true,true,false,Monoclinic,0.000e0,0.000e0,0.000e0,3.450e-15,,
2241308,B,PASS,organic_or_metalorganic,104,215723,0.4261,0.9268,14,14,14,false,false,true,true,false,Monoclinic,0.000e0,0.000e0,0.000e0,3.450e-15,,
2241364,A,PASS,organic_or_metalorganic,92,351779,0.6752,0.5354,4,4,4,false,false,true,true,false,Monoclinic,0.000e0,0.000e0,0.000e0,2.528e-15,,
2241364,B,PASS,organic_or_metalorganic,92,351779,0.6752,1.3869,4,4,4,false,false,true,true,false,Monoclinic,0.000e0,0.000e0,0.000e0,2.528e-15,,
2241817,A,PASS,organic_or_metalorganic,152,456650,1.2636,0.6479,14,14,14,false,false,true,true,false,Monoclinic,0.000e0,0.000e0,0.000e0,3.267e-15,,
2241817,B,PASS,organic_or_metalorganic,152,456650,1.2636,1.2771,14,14,14,false,false,true,true,false,Monoclinic,0.000e0,0.000e0,0.000e0,3.267e-15,,
2241989,A,PASS,organic_or_metalorganic,194,1073142,1.1349,0.8289,5,5,5,false,false,true,true,false,Monoclinic,0.000e0,0.000e0,0.000e0,3.696e-15,,
2241989,B,PASS,organic_or_metalorganic,194,1073142,1.1349,1.6389,5,5,5,false,false,true,true,false,Monoclinic,0.000e0,0.000e0,0.000e0,3.696e-15,,
2242078,A,PASS,organic_or_metalorganic,96,1004941,1.2030,0.3973,14,14,14,false,false,true,true,false,Monoclinic,0.000e0,0.000e0,0.000e0,3.070e-15,,
2242078,B,PASS,organic_or_metalorganic,96,1004941,1.2030,0.7971,14,14,14,false,false,true,true,false,Monoclinic,0.000e0,0.000e0,0.000e0,3.070e-15,,
2242544,A,PASS,organic_or_metalorganic,100,302550,0.6138,0.4312,13,13,13,false,false,true,true,false,Monoclinic,0.000e0,0.000e0,0.000e0,3.113e-15,,
2242544,B,PASS,organic_or_metalorganic,100,302550,0.6138,0.8621,13,13,13,false,false,true,true,false,Monoclinic,0.000e0,0.000e0,0.000e0,3.113e-15,,
2242731,A,PASS,organic_or_metalorganic,336,645217,1.7076,1.4374,15,15,15,false,false,true,true,false,Monoclinic,0.000e0,0.000e0,0.000e0,5.589e-15,,
2242731,B,PASS,organic_or_metalorganic,336,645217,1.7076,2.7976,15,15,15,false,false,true,true,false,Monoclinic,0.000e0,0.000e0,0.000e0,5.589e-15,,
2242955,A,PASS,organic_or_metalorganic,144,581312,0.6853,0.6115,15,15,15,true,false,true,true,false,Monoclinic,0.000e0,0.000e0,0.000e0,3.759e-15,,
2242955,B,LOSS_OCCUPANCY_EXPECTED,organic_or_metalorganic,144,581312,0.6853,1.2194,15,15,15,true,false,true,true,false,Monoclinic,0.000e0,0.000e0,0.000e0,3.759e-15,LOSS_OCCUPANCY_EXPECTED,
2242988,A,PASS,organic_or_metalorganic,306,1169019,2.1767,2.5106,2,2,2,false,false,true,true,false,Triclinic,0.000e0,0.000e0,0.000e0,5.701e-15,,
2242988,B,PASS,organic_or_metalorganic,306,1169019,2.1767,2.5473,2,2,2,false,false,true,true,false,Triclinic,0.000e0,0.000e0,0.000e0,5.701e-15,,
2243059,A,PASS,organic_or_metalorganic,156,366590,0.8779,0.6539,14,14,14,false,false,true,true,false,Monoclinic,0.000e0,0.000e0,0.000e0,3.356e-15,,
2243059,B,PASS,organic_or_metalorganic,156,366590,0.8779,1.2929,14,14,14,false,false,true,true,false,Monoclinic,0.000e0,0.000e0,0.000e0,3.356e-15,,
2243149,A,PASS,organic_or_metalorganic,88,227973,0.3503,0.3740,2,2,2,false,false,true,true,false,Triclinic,0.000e0,0.000e0,0.000e0,3.117e-15,,
2243149,B,PASS,organic_or_metalorganic,88,227973,0.3503,0.7306,2,2,2,false,false,true,true,false,Triclinic,0.000e0,0.000e0,0.000e0,3.117e-15,,
2243233,A,PASS,organic_or_metalorganic,376,14573,0.3622,1.5305,61,61,61,false,false,true,true,false,Orthorhombic,0.000e0,0.000e0,0.000e0,6.577e-15,,
2243233,B,PASS,organic_or_metalorganic,376,14573,0.3622,2.9885,61,61,61,false,false,true,true,false,Orthorhombic,0.000e0,0.000e0,0.000e0,6.577e-15,,
2243408,A,PASS,organic_or_metalorganic,416,1051952,1.3774,1.6804,14,14,14,true,false,true,true,false,Monoclinic,0.000e0,0.000e0,0.000e0,5.808e-15,,
2243408,B,LOSS_OCCUPANCY_EXPECTED,organic_or_metalorganic,416,1051952,1.3774,3.3123,14,14,14,true,false,true,true,false,Monoclinic,0.000e0,0.000e0,0.000e0,5.808e-15,LOSS_OCCUPANCY_EXPECTED,
2243433,A,PASS,organic_or_metalorganic,268,587107,0.9144,1.1143,14,14,14,true,false,true,true,false,Monoclinic,0.000e0,0.000e0,0.000e0,4.462e-15,,
2243433,B,LOSS_OCCUPANCY_EXPECTED,organic_or_metalorganic,268,587107,0.9144,2.2323,14,14,14,true,false,true,true,false,Monoclinic,0.000e0,0.000e0,0.000e0,4.462e-15,LOSS_OCCUPANCY_EXPECTED,
2243483,A,PASS,organic_or_metalorganic,84,417907,0.7722,0.4699,2,2,2,false,false,true,true,false,Triclinic,0.000e0,0.000e0,0.000e0,3.079e-15,,
2243483,B,PASS,organic_or_metalorganic,84,417907,0.7722,0.9652,2,2,2,false,false,true,true,false,Triclinic,0.000e0,0.000e0,0.000e0,3.079e-15,,
2243492,A,PASS,organic_or_metalorganic,140,471671,3.0483,0.5981,14,14,14,false,false,true,true,false,Monoclinic,0.000e0,0.000e0,0.000e0,2.775e-15,,
2243492,B,PASS,organic_or_metalorganic,140,471671,3.0483,1.1890,14,14,14,false,false,true,true,false,Monoclinic,0.000e0,0.000e0,0.000e0,2.775e-15,,
2243973,A,PASS,organic_or_metalorganic,220,571224,1.1664,1.2339,14,14,14,true,false,true,true,false,Monoclinic,0.000e0,0.000e0,0.000e0,3.441e-15,,
2243973,B,LOSS_OCCUPANCY_EXPECTED,organic_or_metalorganic,220,571224,1.1664,1.7894,14,14,14,true,false,true,true,false,Monoclinic,0.000e0,0.000e0,0.000e0,3.441e-15,LOSS_OCCUPANCY_EXPECTED,
2244191,A,PASS,organic_or_metalorganic,268,1183826,2.0383,1.2721,14,14,14,false,false,true,true,false,Monoclinic,0.000e0,0.000e0,0.000e0,3.289e-15,,
2244191,B,PASS,organic_or_metalorganic,268,1183826,2.0383,2.1630,14,14,14,false,false,true,true,false,Monoclinic,0.000e0,0.000e0,0.000e0,3.289e-15,,
2300544,A,PASS,inorganic,12,2256,0.0472,0.0640,14,14,14,false,true,false,true,false,Monoclinic,0.000e0,0.000e0,0.000e0,1.134e-15,,
2300544,B,LOSS_OXIDATION_EXPECTED,inorganic,12,2256,0.0472,0.1265,14,14,14,false,true,false,true,false,Monoclinic,0.000e0,0.000e0,0.000e0,1.134e-15,LOSS_OXIDATION_EXPECTED,
2300615,A,SYMMETRY_UNDETERMINED_BOTH,inorganic,80,8501,0.6901,0.4795,NA,NA,227,true,false,false,true,true,Undetermined,0.000e0,0.000e0,0.000e0,1.614e-15,SYMMETRY_UNDETERMINED_BOTH,
2300615,B,LOSS_OCCUPANCY_EXPECTED,inorganic,80,8501,0.6901,0.7145,NA,NA,227,true,false,false,true,true,Undetermined,0.000e0,0.000e0,0.000e0,1.614e-15,LOSS_OCCUPANCY_EXPECTED; SYMMETRY_UNDETERMINED_BOTH,
2310217,A,PASS,inorganic,16,2255,0.0464,0.1121,15,15,193,false,false,false,true,false,Monoclinic,0.000e0,0.000e0,0.000e0,1.771e-15,,
2310217,B,PASS,inorganic,16,2255,0.0464,0.3790,15,15,193,false,false,false,true,false,Monoclinic,0.000e0,0.000e0,0.000e0,1.771e-15,,
2310219,A,PASS,inorganic,8,2244,0.0354,0.1269,63,63,63,false,false,false,true,false,Orthorhombic,0.000e0,0.000e0,0.000e0,0.000e0,,
2310219,B,PASS,inorganic,8,2244,0.0354,0.2016,63,63,63,false,false,false,true,false,Orthorhombic,0.000e0,0.000e0,0.000e0,0.000e0,,
2310419,A,PASS,inorganic,18,2295,0.0286,0.1230,2,2,2,false,true,false,true,false,Triclinic,0.000e0,0.000e0,0.000e0,1.708e-15,,
2310419,B,LOSS_OXIDATION_EXPECTED,inorganic,18,2295,0.0286,0.2651,2,2,2,false,true,false,true,false,Triclinic,0.000e0,0.000e0,0.000e0,1.708e-15,LOSS_OXIDATION_EXPECTED,
2310505,A,SYMMETRY_UNDETERMINED_BOTH,inorganic,78,2749,0.0948,0.3523,NA,NA,12,true,true,false,true,true,Undetermined,0.000e0,0.000e0,0.000e0,4.267e-15,SYMMETRY_UNDETERMINED_BOTH,
2310505,B,LOSS_OCCUPANCY_EXPECTED,inorganic,78,2749,0.0948,0.6777,NA,NA,12,true,true,false,true,true,Undetermined,0.000e0,0.000e0,0.000e0,4.267e-15,LOSS_OCCUPANCY_EXPECTED; LOSS_OXIDATION_EXPECTED; SYMMETRY_UNDETERMINED_BOTH,
2310921,A,PASS,inorganic,6,2167,0.0240,0.0724,25,25,25,false,true,false,true,false,Orthorhombic,0.000e0,0.000e0,0.000e0,0.000e0,,
2310921,B,LOSS_OXIDATION_EXPECTED,inorganic,6,2167,0.0240,0.1201,25,25,25,false,true,false,true,false,Orthorhombic,0.000e0,0.000e0,0.000e0,0.000e0,LOSS_OXIDATION_EXPECTED,
2311013,A,PASS,inorganic,84,2397,0.1436,0.5419,161,161,161,false,false,false,true,false,Trigonal,0.000e0,0.000e0,0.000e0,7.411e-6,,
2311013,B,PASS,inorganic,84,2397,0.1436,1.1020,161,161,161,false,false,false,true,false,Trigonal,0.000e0,0.000e0,0.000e0,7.411e-6,,
2311197,A,PASS,organic_or_metalorganic,180,21552,0.3292,0.8329,19,19,19,false,false,true,true,false,Orthorhombic,0.000e0,0.000e0,0.000e0,6.376e-15,,
2311197,B,PASS,organic_or_metalorganic,180,21552,0.3292,1.5152,19,19,19,false,false,true,true,false,Orthorhombic,0.000e0,0.000e0,0.000e0,6.376e-15,,
2311212,A,PASS,organic_or_metalorganic,164,227748,0.5220,1.4476,41,41,41,false,false,true,true,false,Orthorhombic,0.000e0,0.000e0,0.000e0,3.129e-15,,
2311212,B,PASS,organic_or_metalorganic,164,227748,0.5220,1.4364,41,41,41,false,false,true,true,false,Orthorhombic,0.000e0,0.000e0,0.000e0,3.129e-15,,
2311241,A,PASS,organic_or_metalorganic,116,17117,0.1932,0.7034,14,14,14,false,false,true,true,false,Monoclinic,0.000e0,0.000e0,0.000e0,2.717e-15,,
2311241,B,PASS,organic_or_metalorganic,116,17117,0.1932,1.0238,14,14,14,false,false,true,true,false,Monoclinic,0.000e0,0.000e0,0.000e0,2.717e-15,,
2311279,A,PASS,organic_or_metalorganic,120,808736,1.5429,0.7774,19,19,19,false,false,true,true,false,Orthorhombic,0.000e0,0.000e0,0.000e0,2.686e-15,,
2311279,B,PASS,organic_or_metalorganic,120,808736,1.5429,1.5647,19,19,19,false,false,true,true,false,Orthorhombic,0.000e0,0.000e0,0.000e0,2.686e-15,,
2311341,A,PASS,organic_or_metalorganic,2388,1409402,4.2945,11.9510,167,167,167,true,false,true,true,false,Trigonal,0.000e0,0.000e0,0.000e0,2.047e-5,,
2311341,B,LOSS_OCCUPANCY_EXPECTED,organic_or_metalorganic,2388,1409402,4.2945,21.9643,167,167,167,true,false,true,true,false,Trigonal,0.000e0,0.000e0,0.000e0,2.047e-5,LOSS_OCCUPANCY_EXPECTED,
2311347,A,PASS,organic_or_metalorganic,292,19869,0.3961,1.6555,60,60,60,false,false,true,true,false,Orthorhombic,0.000e0,0.000e0,0.000e0,6.762e-15,,
2311347,B,PASS,organic_or_metalorganic,292,19869,0.3961,2.4486,60,60,60,false,false,true,true,false,Orthorhombic,0.000e0,0.000e0,0.000e0,6.762e-15,,
2311478,A,PASS,organic_or_metalorganic,180,312393,0.6159,0.7651,15,15,15,false,false,true,true,false,Monoclinic,0.000e0,0.000e0,0.000e0,3.679e-15,,
2311478,B,PASS,organic_or_metalorganic,180,312393,0.6159,1.5834,15,15,15,false,false,true,true,false,Monoclinic,0.000e0,0.000e0,0.000e0,3.679e-15,,
2311515,A,PASS,organic_or_metalorganic,124,874351,1.3158,0.6886,2,2,2,true,false,true,true,false,Triclinic,0.000e0,0.000e0,0.000e0,2.416e-15,,
2311515,B,LOSS_OCCUPANCY_EXPECTED,organic_or_metalorganic,124,874351,1.3158,1.3870,2,2,2,true,false,true,true,false,Triclinic,0.000e0,0.000e0,0.000e0,2.416e-15,LOSS_OCCUPANCY_EXPECTED,
2311519,A,PASS,organic_or_metalorganic,280,1647161,1.9519,1.1785,29,29,29,false,false,true,true,false,Orthorhombic,0.000e0,0.000e0,0.000e0,5.995e-15,,
2311519,B,PASS,organic_or_metalorganic,280,1647161,1.9519,2.3381,29,29,29,false,false,true,true,false,Orthorhombic,0.000e0,0.000e0,0.000e0,5.995e-15,,
2311605,A,PASS,organic_or_metalorganic,660,28919,0.9813,2.8379,64,64,64,true,false,true,true,false,Orthorhombic,0.000e0,0.000e0,0.000e0,5.695e-15,,
2311605,B,LOSS_OCCUPANCY_EXPECTED,organic_or_metalorganic,660,28919,0.9813,5.5895,64,64,64,true,false,true,true,false,Orthorhombic,0.000e0,0.000e0,0.000e0,5.695e-15,LOSS_OCCUPANCY_EXPECTED,
2311708,A,SYMMETRY_UNDETERMINED_BOTH,inorganic,36,182635,0.4562,0.2166,NA,NA,161,true,false,true,true,true,Undetermined,0.000e0,0.000e0,0.000e0,5.473e-6,SYMMETRY_UNDETERMINED_BOTH,
2311708,B,LOSS_OCCUPANCY_EXPECTED,inorganic,36,182635,0.4562,0.4329,NA,NA,161,true,false,true,true,true,Undetermined,0.000e0,0.000e0,0.000e0,5.473e-6,LOSS_OCCUPANCY_EXPECTED; SYMMETRY_UNDETERMINED_BOTH,
2311722,A,SYMMETRY_UNDETERMINED_BOTH,inorganic,14,10897,0.0697,0.1029,NA,NA,11,false,false,true,true,true,Undetermined,0.000e0,0.000e0,0.000e0,0.000e0,SYMMETRY_UNDETERMINED_BOTH,
2311722,B,SYMMETRY_UNDETERMINED_BOTH,inorganic,14,10897,0.0697,0.2055,NA,NA,11,false,false,true,true,true,Undetermined,0.000e0,0.000e0,0.000e0,0.000e0,SYMMETRY_UNDETERMINED_BOTH,
2311798,A,PASS,organic_or_metalorganic,420,1984285,3.2849,1.7962,14,14,14,true,false,true,true,false,Monoclinic,0.000e0,0.000e0,0.000e0,6.241e-15,,
2311798,B,LOSS_OCCUPANCY_EXPECTED,organic_or_metalorganic,420,1984285,3.2849,3.7988,14,14,14,true,false,true,true,false,Monoclinic,0.000e0,0.000e0,0.000e0,6.241e-15,LOSS_OCCUPANCY_EXPECTED,
2311802,A,PASS,organic_or_metalorganic,124,315023,0.6192,0.5440,14,14,14,false,false,true,true,false,Monoclinic,0.000e0,0.000e0,0.000e0,5.618e-15,,
2311802,B,PASS,organic_or_metalorganic,124,315023,0.6192,1.0652,14,14,14,false,false,true,true,false,Monoclinic,0.000e0,0.000e0,0.000e0,5.618e-15,,
2311804,A,PASS,organic_or_metalorganic,144,624257,1.1617,0.7954,2,2,2,true,false,true,true,false,Triclinic,0.000e0,0.000e0,0.000e0,3.892e-15,,
2311804,B,LOSS_OCCUPANCY_EXPECTED,organic_or_metalorganic,144,624257,1.1617,1.5749,2,2,2,true,false,true,true,false,Triclinic,0.000e0,0.000e0,0.000e0,3.892e-15,LOSS_OCCUPANCY_EXPECTED,
2311832,A,PASS,organic_or_metalorganic,144,19528,0.2014,0.7904,14,14,14,false,false,true,true,false,Monoclinic,0.000e0,0.000e0,0.000e0,4.709e-15,,
2311832,B,PASS,organic_or_metalorganic,144,19528,0.2014,2.3127,14,14,14,false,false,true,true,false,Monoclinic,0.000e0,0.000e0,0.000e0,4.709e-15,,
2311846,A,PASS,organic_or_metalorganic,176,610317,0.6903,0.7496,14,14,14,false,false,true,true,false,Monoclinic,0.000e0,0.000e0,0.000e0,4.276e-15,,
2311846,B,PASS,organic_or_metalorganic,176,610317,0.6903,1.6140,14,14,14,false,false,true,true,false,Monoclinic,0.000e0,0.000e0,0.000e0,4.276e-15,,
2312057,A,PASS,organic_or_metalorganic,116,27715,0.2180,0.5017,2,2,2,false,false,true,true,false,Triclinic,0.000e0,0.000e0,0.000e0,4.058e-15,,
2312057,B,PASS,organic_or_metalorganic,116,27715,0.2180,1.0011,2,2,2,false,false,true,true,false,Triclinic,0.000e0,0.000e0,0.000e0,4.058e-15,,
2312130,A,PASS,organic_or_metalorganic,160,856664,1.0341,0.6803,14,14,14,false,false,true,true,false,Monoclinic,0.000e0,0.000e0,0.000e0,2.962e-15,,
2312130,B,PASS,organic_or_metalorganic,160,856664,1.0341,1.3551,14,14,14,false,false,true,true,false,Monoclinic,0.000e0,0.000e0,0.000e0,2.962e-15,,
2312198,A,PASS,organic_or_metalorganic,344,1353926,1.5346,1.4478,14,14,14,true,false,true,true,false,Monoclinic,0.000e0,0.000e0,0.000e0,3.521e-15,,
2312198,B,LOSS_OCCUPANCY_EXPECTED,organic_or_metalorganic,344,1353926,1.5346,2.9485,14,14,14,true,false,true,true,false,Monoclinic,0.000e0,0.000e0,0.000e0,3.521e-15,LOSS_OCCUPANCY_EXPECTED,
2312207,A,PASS,organic_or_metalorganic,344,1359442,1.6432,1.4981,14,14,14,true,false,true,true,false,Monoclinic,0.000e0,0.000e0,0.000e0,3.213e-15,,
2312207,B,LOSS_OCCUPANCY_EXPECTED,organic_or_metalorganic,344,1359442,1.6432,2.8612,14,14,14,true,false,true,true,false,Monoclinic,0.000e0,0.000e0,0.000e0,3.213e-15,LOSS_OCCUPANCY_EXPECTED,
2312264,A,PASS,organic_or_metalorganic,300,1242969,1.3775,1.2788,56,56,56,false,false,true,true,false,Orthorhombic,0.000e0,0.000e0,0.000e0,4.167e-15,,
2312264,B,PASS,organic_or_metalorganic,300,1242969,1.3775,2.5102,56,56,56,false,false,true,true,false,Orthorhombic,0.000e0,0.000e0,0.000e0,4.167e-15,,
2312273,A,PASS,organic_or_metalorganic,300,1208080,1.2577,1.2780,56,56,56,false,false,true,true,false,Orthorhombic,0.000e0,0.000e0,0.000e0,4.118e-15,,
2312273,B,PASS,organic_or_metalorganic,300,1208080,1.2577,2.5166,56,56,56,false,false,true,true,false,Orthorhombic,0.000e0,0.000e0,0.000e0,4.118e-15,,
2312629,A,SYMMETRY_UNDETERMINED_BOTH,inorganic,20,249368,2.1952,0.1017,NA,NA,176,true,false,true,true,true,Undetermined,0.000e0,0.000e0,0.000e0,1.321e-15,SYMMETRY_UNDETERMINED_BOTH,
2312629,B,LOSS_OCCUPANCY_EXPECTED,inorganic,20,249368,2.1952,0.2085,NA,NA,176,true,false,true,true,true,Undetermined,0.000e0,0.000e0,0.000e0,1.321e-15,LOSS_OCCUPANCY_EXPECTED; SYMMETRY_UNDETERMINED_BOTH,
3000064,A,PASS,inorganic,1,1249,0.0112,0.0303,47,47,,false,false,false,false,false,Orthorhombic,0.000e0,0.000e0,0.000e0,0.000e0,,
3000064,B,PASS,inorganic,1,1249,0.0112,0.0572,47,47,,false,false,false,false,false,Orthorhombic,0.000e0,0.000e0,0.000e0,0.000e0,,
3000125,A,SYMMETRY_UNDETERMINED_BOTH,inorganic,28,651096,3.4826,0.1349,NA,NA,62,true,false,true,true,true,Undetermined,0.000e0,0.000e0,0.000e0,6.254e-16,SYMMETRY_UNDETERMINED_BOTH,
3000125,B,LOSS_OCCUPANCY_EXPECTED,inorganic,28,651096,3.4826,0.2756,NA,NA,62,true,false,true,true,true,Undetermined,0.000e0,0.000e0,0.000e0,6.254e-16,LOSS_OCCUPANCY_EXPECTED; SYMMETRY_UNDETERMINED_BOTH,
3000228,A,PASS,inorganic,15,9148,0.0929,0.0823,160,160,160,false,false,true,true,false,Trigonal,0.000e0,0.000e0,0.000e0,4.618e-6,,
3000228,B,PASS,inorganic,15,9148,0.0929,0.1700,160,160,160,false,false,true,true,false,Trigonal,0.000e0,0.000e0,0.000e0,4.618e-6,,
3000490,A,PASS,inorganic,3,1288,0.0143,0.0395,166,166,,false,false,false,true,false,Trigonal,0.000e0,0.000e0,0.000e0,8.986e-6,,
3000490,B,PASS,inorganic,3,1288,0.0143,0.0782,166,166,,false,false,false,true,false,Trigonal,0.000e0,0.000e0,0.000e0,8.986e-6,,
3000496,A,PASS,inorganic,6,2259,0.0250,0.0564,8,8,8,false,false,false,true,false,Monoclinic,0.000e0,0.000e0,0.000e0,6.703e-16,,
3000496,B,PASS,inorganic,6,2259,0.0250,0.1124,8,8,8,false,false,false,true,false,Monoclinic,0.000e0,0.000e0,0.000e0,6.703e-16,,
3000578,A,PASS,inorganic,1,1189,0.0196,0.0287,47,47,,false,false,false,true,false,Orthorhombic,0.000e0,0.000e0,0.000e0,0.000e0,,
3000578,B,PASS,inorganic,1,1189,0.0196,0.0569,47,47,,false,false,false,true,false,Orthorhombic,0.000e0,0.000e0,0.000e0,0.000e0,,
3500061,A,PASS,inorganic,140,102698,0.6173,0.5943,87,87,87,true,false,false,true,false,Tetragonal,0.000e0,0.000e0,0.000e0,1.607e-15,,
3500061,B,LOSS_OCCUPANCY_EXPECTED,inorganic,140,102698,0.6173,1.1949,87,87,87,true,false,false,true,false,Tetragonal,0.000e0,0.000e0,0.000e0,1.607e-15,LOSS_OCCUPANCY_EXPECTED,
3500083,A,PASS,organic_or_metalorganic,312,11055,0.2913,1.3893,41,41,41,false,false,true,true,false,Orthorhombic,0.000e0,0.000e0,0.000e0,5.849e-15,,
3500083,B,PASS,organic_or_metalorganic,312,11055,0.2913,2.6272,41,41,41,false,false,true,true,false,Orthorhombic,0.000e0,0.000e0,0.000e0,5.849e-15,,
5000061,A,PASS,organic_or_metalorganic,292,4521,0.3397,1.2673,5,5,5,false,false,false,true,false,Monoclinic,0.000e0,0.000e0,0.000e0,4.081e-15,,
5000061,B,PASS,organic_or_metalorganic,292,4521,0.3397,2.7719,5,5,5,false,false,false,true,false,Monoclinic,0.000e0,0.000e0,0.000e0,4.081e-15,,
6000092,A,PASS,inorganic,2,1518,0.0147,0.0293,12,12,,false,false,false,true,false,Monoclinic,0.000e0,0.000e0,0.000e0,0.000e0,,
6000092,B,PASS,inorganic,2,1518,0.0147,0.0565,12,12,,false,false,false,true,false,Monoclinic,0.000e0,0.000e0,0.000e0,0.000e0,,
6000441,A,PASS,inorganic,1,1501,0.0119,0.0216,10,10,,false,false,false,true,false,Monoclinic,0.000e0,0.000e0,0.000e0,0.000e0,,
6000441,B,PASS,inorganic,1,1501,0.0119,0.0407,10,10,,false,false,false,true,false,Monoclinic,0.000e0,0.000e0,0.000e0,0.000e0,,
6000469,A,PASS,inorganic,1,1430,0.0111,0.0388,2,2,,false,false,false,true,false,Triclinic,0.000e0,0.000e0,0.000e0,0.000e0,,
6000469,B,PASS,inorganic,1,1430,0.0111,0.0577,2,2,,false,false,false,true,false,Triclinic,0.000e0,0.000e0,0.000e0,0.000e0,,
6000621,A,PASS,inorganic,12,10704,0.1537,0.0708,11,11,194,false,false,true,true,false,Monoclinic,0.000e0,0.000e0,0.000e0,6.715e-16,,
6000621,B,PASS,inorganic,12,10704,0.1537,0.1462,11,11,194,false,false,true,true,false,Monoclinic,0.000e0,0.000e0,0.000e0,6.715e-16,,
6000770,A,PASS,inorganic,1,1454,0.0112,0.0314,191,191,,false,false,false,true,false,Hexagonal,0.000e0,0.000e0,0.000e0,0.000e0,,
6000770,B,PASS,inorganic,1,1454,0.0112,0.0590,191,191,,false,false,false,true,false,Hexagonal,0.000e0,0.000e0,0.000e0,0.000e0,,
7000051,A,PASS,organic_or_metalorganic,384,14320,0.3802,1.6749,61,61,61,false,true,true,true,false,Orthorhombic,0.000e0,0.000e0,0.000e0,3.974e-15,,
7000051,B,LOSS_OXIDATION_EXPECTED,organic_or_metalorganic,384,14320,0.3802,3.2497,61,61,61,false,true,true,true,false,Orthorhombic,0.000e0,0.000e0,0.000e0,3.974e-15,LOSS_OXIDATION_EXPECTED,
7000086,A,PASS,organic_or_metalorganic,616,26290,0.8413,2.6701,14,14,14,true,false,true,true,false,Monoclinic,0.000e0,0.000e0,0.000e0,5.985e-15,,
7000086,B,LOSS_OCCUPANCY_EXPECTED,organic_or_metalorganic,616,26290,0.8413,5.2502,14,14,14,true,false,true,true,false,Monoclinic,0.000e0,0.000e0,0.000e0,5.985e-15,LOSS_OCCUPANCY_EXPECTED,
7000113,A,PASS,organic_or_metalorganic,140,16261,0.1923,0.6038,2,2,2,false,false,true,true,false,Triclinic,0.000e0,0.000e0,0.000e0,2.857e-15,,
7000113,B,PASS,organic_or_metalorganic,140,16261,0.1923,1.2077,2,2,2,false,false,true,true,false,Triclinic,0.000e0,0.000e0,0.000e0,2.857e-15,,
7000125,A,PASS,organic_or_metalorganic,708,30685,1.4413,3.1284,14,14,14,false,false,true,true,false,Monoclinic,0.000e0,0.000e0,0.000e0,5.218e-15,,
7000125,B,PASS,organic_or_metalorganic,708,30685,1.4413,5.9710,14,14,14,false,false,true,true,false,Monoclinic,0.000e0,0.000e0,0.000e0,5.218e-15,,
7000155,A,PASS,organic_or_metalorganic,128,13037,0.2123,0.6982,14,14,14,true,false,true,true,false,Monoclinic,0.000e0,0.000e0,0.000e0,3.348e-15,,
7000155,B,LOSS_OCCUPANCY_EXPECTED,organic_or_metalorganic,128,13037,0.2123,1.4880,14,14,14,true,false,true,true,false,Monoclinic,0.000e0,0.000e0,0.000e0,3.348e-15,LOSS_OCCUPANCY_EXPECTED,
7000235,A,PASS,organic_or_metalorganic,644,31349,0.9459,3.0839,14,14,14,true,false,true,true,false,Monoclinic,0.000e0,0.000e0,0.000e0,5.731e-15,,
7000235,B,LOSS_OCCUPANCY_EXPECTED,organic_or_metalorganic,644,31349,0.9459,5.6903,14,14,14,true,false,true,true,false,Monoclinic,0.000e0,0.000e0,0.000e0,5.731e-15,LOSS_OCCUPANCY_EXPECTED,
7000313,A,PASS,organic_or_metalorganic,672,18963,0.7767,3.0825,15,15,15,false,false,true,true,false,Monoclinic,0.000e0,0.000e0,0.000e0,7.299e-15,,
7000313,B,PASS,organic_or_metalorganic,672,18963,0.7767,5.6756,15,15,15,false,false,true,true,false,Monoclinic,0.000e0,0.000e0,0.000e0,7.299e-15,,
7000376,A,PASS,organic_or_metalorganic,234,27027,0.6616,1.4956,2,2,2,false,false,true,true,false,Triclinic,0.000e0,0.000e0,0.000e0,4.252e-15,,
7000376,B,PASS,organic_or_metalorganic,234,27027,0.6616,2.6300,2,2,2,false,false,true,true,false,Triclinic,0.000e0,0.000e0,0.000e0,4.252e-15,,
7000474,A,PASS,organic_or_metalorganic,500,30967,1.2482,3.1027,14,14,14,true,false,true,true,false,Monoclinic,0.000e0,0.000e0,0.000e0,4.810e-15,,
7000474,B,LOSS_OCCUPANCY_EXPECTED,organic_or_metalorganic,500,30967,1.2482,4.0875,14,14,14,true,false,true,true,false,Monoclinic,0.000e0,0.000e0,0.000e0,4.810e-15,LOSS_OCCUPANCY_EXPECTED,
7001188,A,PASS,organic_or_metalorganic,144,14662,0.4070,0.6331,145,145,154,false,false,true,true,false,Trigonal,0.000e0,0.000e0,0.000e0,8.045e-6,,
7001188,B,PASS,organic_or_metalorganic,144,14662,0.4070,1.2374,145,145,154,false,false,true,true,false,Trigonal,0.000e0,0.000e0,0.000e0,8.045e-6,,
7001256,A,PASS,organic_or_metalorganic,179,25656,0.4648,0.9700,2,2,2,true,false,true,true,false,Triclinic,0.000e0,0.000e0,0.000e0,4.793e-15,,
7001256,B,LOSS_OCCUPANCY_EXPECTED,organic_or_metalorganic,179,25656,0.4648,1.5278,2,2,2,true,false,true,true,false,Triclinic,0.000e0,0.000e0,0.000e0,4.793e-15,LOSS_OCCUPANCY_EXPECTED,
7001286,A,PASS,organic_or_metalorganic,308,16867,0.3876,1.6834,85,85,85,false,false,true,true,false,Tetragonal,0.000e0,0.000e0,0.000e0,4.375e-15,,
7001286,B,PASS,organic_or_metalorganic,308,16867,0.3876,2.9670,85,85,85,false,false,true,true,false,Tetragonal,0.000e0,0.000e0,0.000e0,4.375e-15,,
7001287,A,PASS,organic_or_metalorganic,124,19360,0.4717,0.5335,14,14,14,false,false,true,true,false,Monoclinic,0.000e0,0.000e0,0.000e0,2.686e-15,,
7001287,B,PASS,organic_or_metalorganic,124,19360,0.4717,1.0752,14,14,14,false,false,true,true,false,Monoclinic,0.000e0,0.000e0,0.000e0,2.686e-15,,
7001327,A,PASS,organic_or_metalorganic,110,16649,0.2367,0.6110,2,2,2,true,false,true,true,false,Triclinic,0.000e0,0.000e0,0.000e0,4.852e-15,,
7001327,B,LOSS_OCCUPANCY_EXPECTED,organic_or_metalorganic,110,16649,0.2367,1.2258,2,2,2,true,false,true,true,false,Triclinic,0.000e0,0.000e0,0.000e0,4.852e-15,LOSS_OCCUPANCY_EXPECTED,
7001407,A,PASS,organic_or_metalorganic,114,18092,0.4266,0.5900,2,2,2,false,false,true,true,false,Triclinic,0.000e0,0.000e0,0.000e0,4.478e-15,,
7001407,B,PASS,organic_or_metalorganic,114,18092,0.4266,0.9966,2,2,2,false,false,true,true,false,Triclinic,0.000e0,0.000e0,0.000e0,4.478e-15,,
7001417,A,PASS,organic_or_metalorganic,1192,45074,2.1920,5.4361,15,15,15,true,false,true,true,false,Monoclinic,0.000e0,0.000e0,0.000e0,1.046e-14,,
7001417,B,LOSS_OCCUPANCY_EXPECTED,organic_or_metalorganic,1192,45074,2.1920,10.4457,15,15,15,true,false,true,true,false,Monoclinic,0.000e0,0.000e0,0.000e0,1.046e-14,LOSS_OCCUPANCY_EXPECTED,
7001600,A,PASS,organic_or_metalorganic,584,41218,1.8049,2.5178,14,14,14,false,false,true,true,false,Monoclinic,0.000e0,0.000e0,0.000e0,6.471e-15,,
7001600,B,PASS,organic_or_metalorganic,584,41218,1.8049,4.9042,14,14,14,false,false,true,true,false,Monoclinic,0.000e0,0.000e0,0.000e0,6.471e-15,,
7001764,A,PASS,organic_or_metalorganic,1784,45001,2.2709,8.0286,15,15,15,false,false,true,true,false,Monoclinic,0.000e0,0.000e0,0.000e0,1.141e-14,,
7001764,B,PASS,organic_or_metalorganic,1784,45001,2.2709,17.3744,15,15,15,false,false,true,true,false,Monoclinic,0.000e0,0.000e0,0.000e0,1.141e-14,,
7002152,A,PASS,organic_or_metalorganic,272,23928,0.9016,1.4931,2,2,2,false,false,true,true,false,Triclinic,0.000e0,0.000e0,0.000e0,4.463e-15,,
7002152,B,PASS,organic_or_metalorganic,272,23928,0.9016,2.3247,2,2,2,false,false,true,true,false,Triclinic,0.000e0,0.000e0,0.000e0,4.463e-15,,
7002185,A,PASS,organic_or_metalorganic,324,25782,0.7487,1.3690,14,14,14,false,false,true,true,false,Monoclinic,0.000e0,0.000e0,0.000e0,5.232e-15,,
7002185,B,PASS,organic_or_metalorganic,324,25782,0.7487,2.7166,14,14,14,false,false,true,true,false,Monoclinic,0.000e0,0.000e0,0.000e0,5.232e-15,,
7002231,A,PASS,organic_or_metalorganic,94,35555,0.7227,0.5234,2,2,2,false,false,true,true,false,Triclinic,0.000e0,0.000e0,0.000e0,2.791e-15,,
7002231,B,PASS,organic_or_metalorganic,94,35555,0.7227,1.0522,2,2,2,false,false,true,true,false,Triclinic,0.000e0,0.000e0,0.000e0,2.791e-15,,
7002333,A,PASS,organic_or_metalorganic,152,22192,0.3539,0.8330,14,14,14,false,false,true,true,false,Monoclinic,0.000e0,0.000e0,0.000e0,4.283e-15,,
7002333,B,PASS,organic_or_metalorganic,152,22192,0.3539,1.5519,14,14,14,false,false,true,true,false,Monoclinic,0.000e0,0.000e0,0.000e0,4.283e-15,,
7002385,A,PASS,organic_or_metalorganic,484,25895,0.6536,2.0817,14,14,14,false,false,true,true,false,Monoclinic,0.000e0,0.000e0,0.000e0,4.962e-15,,
7002385,B,PASS,organic_or_metalorganic,484,25895,0.6536,4.0829,14,14,14,false,false,true,true,false,Monoclinic,0.000e0,0.000e0,0.000e0,4.962e-15,,
7002396,A,PASS,organic_or_metalorganic,122,17677,0.2536,0.6680,2,2,2,false,false,true,true,false,Triclinic,0.000e0,0.000e0,0.000e0,3.249e-15,,
7002396,B,PASS,organic_or_metalorganic,122,17677,0.2536,1.3677,2,2,2,false,false,true,true,false,Triclinic,0.000e0,0.000e0,0.000e0,3.249e-15,,
7002419,A,PASS,organic_or_metalorganic,66,9997,0.1290,0.3665,18,18,18,false,false,true,true,false,Orthorhombic,0.000e0,0.000e0,0.000e0,3.576e-15,,
7002419,B,PASS,organic_or_metalorganic,66,9997,0.1290,0.6136,18,18,18,false,false,true,true,false,Orthorhombic,0.000e0,0.000e0,0.000e0,3.576e-15,,
7002478,A,PASS,organic_or_metalorganic,400,24771,0.5756,2.1013,14,14,14,true,false,true,true,true,Monoclinic,0.000e0,0.000e0,0.000e0,4.231e-15,,
7002478,B,LOSS_OCCUPANCY_EXPECTED,organic_or_metalorganic,400,24771,0.5756,3.3941,14,14,14,true,false,true,true,true,Monoclinic,0.000e0,0.000e0,0.000e0,4.231e-15,LOSS_OCCUPANCY_EXPECTED,
7002498,A,PASS,organic_or_metalorganic,832,39814,1.0826,4.8610,14,14,14,false,false,true,true,false,Monoclinic,0.000e0,0.000e0,0.000e0,9.851e-15,,
7002498,B,PASS,organic_or_metalorganic,832,39814,1.0826,7.2668,14,14,14,false,false,true,true,false,Monoclinic,0.000e0,0.000e0,0.000e0,9.851e-15,,
7002593,A,PASS,organic_or_metalorganic,572,19136,0.9208,3.0640,56,56,56,false,false,true,true,false,Orthorhombic,0.000e0,0.000e0,0.000e0,4.686e-15,,
7002593,B,PASS,organic_or_metalorganic,572,19136,0.9208,6.6434,56,56,56,false,false,true,true,false,Orthorhombic,0.000e0,0.000e0,0.000e0,4.686e-15,,
7002600,A,PASS,organic_or_metalorganic,1076,33007,1.1042,4.8446,15,15,15,true,false,true,true,false,Monoclinic,0.000e0,0.000e0,0.000e0,6.432e-15,,
7002600,B,LOSS_OCCUPANCY_EXPECTED,organic_or_metalorganic,1076,33007,1.1042,9.3396,15,15,15,true,false,true,true,false,Monoclinic,0.000e0,0.000e0,0.000e0,6.432e-15,LOSS_OCCUPANCY_EXPECTED,
7002659,A,PASS,organic_or_metalorganic,1262,26827,1.3491,5.8430,12,12,12,true,false,true,true,true,Monoclinic,0.000e0,0.000e0,0.000e0,6.476e-15,,
7002659,B,LOSS_OCCUPANCY_EXPECTED,organic_or_metalorganic,1262,26827,1.3491,10.9627,12,12,12,true,false,true,true,true,Monoclinic,0.000e0,0.000e0,0.000e0,6.476e-15,LOSS_OCCUPANCY_EXPECTED,
7002661,A,PASS,organic_or_metalorganic,354,41804,0.8257,2.1876,2,2,2,false,false,true,true,false,Triclinic,0.000e0,0.000e0,0.000e0,4.070e-15,,
7002661,B,PASS,organic_or_metalorganic,354,41804,0.8257,2.9812,2,2,2,false,false,true,true,false,Triclinic,0.000e0,0.000e0,0.000e0,4.070e-15,,
7002699,A,PASS,organic_or_metalorganic,372,22397,0.4157,1.6112,14,14,14,true,false,true,true,false,Monoclinic,0.000e0,0.000e0,0.000e0,4.401e-15,,
7002699,B,LOSS_OCCUPANCY_EXPECTED,organic_or_metalorganic,372,22397,0.4157,3.1146,14,14,14,true,false,true,true,false,Monoclinic,0.000e0,0.000e0,0.000e0,4.401e-15,LOSS_OCCUPANCY_EXPECTED,
7003292,A,PASS,organic_or_metalorganic,158,28606,0.8117,0.6722,2,2,2,false,false,true,true,false,Triclinic,0.000e0,0.000e0,0.000e0,3.424e-15,,
7003292,B,PASS,organic_or_metalorganic,158,28606,0.8117,1.3441,2,2,2,false,false,true,true,false,Triclinic,0.000e0,0.000e0,0.000e0,3.424e-15,,
7003388,A,PASS,organic_or_metalorganic,700,15726,0.7938,3.0470,15,15,15,false,false,true,true,false,Monoclinic,0.000e0,0.000e0,0.000e0,5.518e-15,,
7003388,B,PASS,organic_or_metalorganic,700,15726,0.7938,5.8865,15,15,15,false,false,true,true,false,Monoclinic,0.000e0,0.000e0,0.000e0,5.518e-15,,
7003447,A,PASS,organic_or_metalorganic,224,24778,0.4293,1.2349,2,2,2,false,false,true,true,false,Triclinic,0.000e0,0.000e0,0.000e0,4.322e-15,,
7003447,B,PASS,organic_or_metalorganic,224,24778,0.4293,2.4678,2,2,2,false,false,true,true,false,Triclinic,0.000e0,0.000e0,0.000e0,4.322e-15,,
7003511,A,PASS,organic_or_metalorganic,192,14661,0.5292,0.8156,14,14,14,false,false,true,true,false,Monoclinic,0.000e0,0.000e0,0.000e0,3.574e-15,,
7003511,B,PASS,organic_or_metalorganic,192,14661,0.5292,1.6221,14,14,14,false,false,true,true,false,Monoclinic,0.000e0,0.000e0,0.000e0,3.574e-15,,
7003563,A,PASS,organic_or_metalorganic,118,20750,0.3220,0.5099,2,2,2,false,false,true,true,false,Triclinic,0.000e0,0.000e0,0.000e0,2.906e-15,,
7003563,B,PASS,organic_or_metalorganic,118,20750,0.3220,1.0265,2,2,2,false,false,true,true,false,Triclinic,0.000e0,0.000e0,0.000e0,2.906e-15,,
7003664,A,PASS,organic_or_metalorganic,424,23628,0.5938,1.7233,14,14,14,true,false,true,true,false,Monoclinic,0.000e0,0.000e0,0.000e0,3.333e-15,,
7003664,B,LOSS_OCCUPANCY_EXPECTED,organic_or_metalorganic,424,23628,0.5938,3.4087,14,14,14,true,false,true,true,false,Monoclinic,0.000e0,0.000e0,0.000e0,3.333e-15,LOSS_OCCUPANCY_EXPECTED,
7003725,A,PASS,organic_or_metalorganic,86,13582,0.3939,0.4840,2,2,2,false,false,true,true,false,Triclinic,0.000e0,0.000e0,0.000e0,3.252e-15,,
7003725,B,PASS,organic_or_metalorganic,86,13582,0.3939,0.7598,2,2,2,false,false,true,true,false,Triclinic,0.000e0,0.000e0,0.000e0,3.252e-15,,
7003757,A,PASS,organic_or_metalorganic,904,22709,1.1847,4.2920,15,15,15,true,false,true,true,false,Monoclinic,0.000e0,0.000e0,0.000e0,5.179e-15,,
7003757,B,LOSS_OCCUPANCY_EXPECTED,organic_or_metalorganic,904,22709,1.1847,8.0275,15,15,15,true,false,true,true,false,Monoclinic,0.000e0,0.000e0,0.000e0,5.179e-15,LOSS_OCCUPANCY_EXPECTED,
7003764,A,PASS,organic_or_metalorganic,368,19739,0.7401,1.5599,14,14,14,true,false,true,true,false,Monoclinic,0.000e0,0.000e0,0.000e0,3.392e-15,,
7003764,B,LOSS_OCCUPANCY_EXPECTED,organic_or_metalorganic,368,19739,0.7401,3.0691,14,14,14,true,false,true,true,false,Monoclinic,0.000e0,0.000e0,0.000e0,3.392e-15,LOSS_OCCUPANCY_EXPECTED,
7003771,A,PASS,organic_or_metalorganic,158,34490,0.8434,0.6735,2,2,2,true,false,true,true,false,Triclinic,0.000e0,0.000e0,0.000e0,4.690e-15,,
7003771,B,LOSS_OCCUPANCY_EXPECTED,organic_or_metalorganic,158,34490,0.8434,1.3764,2,2,2,true,false,true,true,false,Triclinic,0.000e0,0.000e0,0.000e0,4.690e-15,LOSS_OCCUPANCY_EXPECTED,
7003803,A,PASS,organic_or_metalorganic,84,10350,0.2291,0.3710,14,14,14,false,false,true,true,false,Monoclinic,0.000e0,0.000e0,0.000e0,2.276e-15,,
7003803,B,PASS,organic_or_metalorganic,84,10350,0.2291,0.7336,14,14,14,false,false,true,true,false,Monoclinic,0.000e0,0.000e0,0.000e0,2.276e-15,,
7004006,A,PASS,organic_or_metalorganic,368,15681,0.4836,1.5684,15,15,15,true,false,true,true,false,Monoclinic,0.000e0,0.000e0,0.000e0,5.659e-15,,
7004006,B,LOSS_OCCUPANCY_EXPECTED,organic_or_metalorganic,368,15681,0.4836,3.0854,15,15,15,true,false,true,true,false,Monoclinic,0.000e0,0.000e0,0.000e0,5.659e-15,LOSS_OCCUPANCY_EXPECTED,
7004109,A,PASS,organic_or_metalorganic,400,24084,0.4908,1.7307,14,14,14,false,false,true,true,false,Monoclinic,0.000e0,0.000e0,0.000e0,8.598e-15,,
7004109,B,PASS,organic_or_metalorganic,400,24084,0.4908,3.3755,14,14,14,false,false,true,true,false,Monoclinic,0.000e0,0.000e0,0.000e0,8.598e-15,,
7004290,A,PASS,organic_or_metalorganic,200,22835,0.3011,0.8481,2,2,2,false,false,true,true,false,Triclinic,0.000e0,0.000e0,0.000e0,3.429e-15,,
7004290,B,PASS,organic_or_metalorganic,200,22835,0.3011,1.6888,2,2,2,false,false,true,true,false,Triclinic,0.000e0,0.000e0,0.000e0,3.429e-15,,
7004324,A,PASS,organic_or_metalorganic,280,15735,0.5596,1.1999,14,14,14,false,false,true,true,false,Monoclinic,0.000e0,0.000e0,0.000e0,5.156e-15,,
7004324,B,PASS,organic_or_metalorganic,280,15735,0.5596,2.3547,14,14,14,false,false,true,true,false,Monoclinic,0.000e0,0.000e0,0.000e0,5.156e-15,,
7004363,A,PASS,organic_or_metalorganic,880,22026,0.7695,3.8461,61,61,61,true,false,true,true,false,Orthorhombic,0.000e0,0.000e0,0.000e0,7.920e-15,,
7004363,B,LOSS_OCCUPANCY_EXPECTED,organic_or_metalorganic,880,22026,0.7695,7.8070,61,61,61,true,false,true,true,false,Orthorhombic,0.000e0,0.000e0,0.000e0,7.920e-15,LOSS_OCCUPANCY_EXPECTED,
7004392,A,PASS,organic_or_metalorganic,110,15907,0.3979,0.4792,2,2,2,true,false,true,true,false,Triclinic,0.000e0,0.000e0,0.000e0,3.113e-15,,
7004392,B,LOSS_OCCUPANCY_EXPECTED,organic_or_metalorganic,110,15907,0.3979,0.9762,2,2,2,true,false,true,true,false,Triclinic,0.000e0,0.000e0,0.000e0,3.113e-15,LOSS_OCCUPANCY_EXPECTED,
7004407,A,PASS,organic_or_metalorganic,211,22950,0.6939,0.9012,2,2,2,false,false,true,true,false,Triclinic,0.000e0,0.000e0,0.000e0,6.252e-15,,
7004407,B,PASS,organic_or_metalorganic,211,22950,0.6939,1.7965,2,2,2,false,false,true,true,false,Triclinic,0.000e0,0.000e0,0.000e0,6.252e-15,,
7004444,A,PASS,organic_or_metalorganic,504,18867,0.5773,2.1393,61,61,61,true,false,true,true,false,Orthorhombic,0.000e0,0.000e0,0.000e0,5.554e-15,,
7004444,B,LOSS_OCCUPANCY_EXPECTED,organic_or_metalorganic,504,18867,0.5773,4.5331,61,61,61,true,false,true,true,false,Orthorhombic,0.000e0,0.000e0,0.000e0,5.554e-15,LOSS_OCCUPANCY_EXPECTED,
7004468,A,PASS,organic_or_metalorganic,428,30922,0.8742,1.8395,9,9,9,true,false,true,true,false,Monoclinic,0.000e0,0.000e0,0.000e0,6.434e-15,,
7004468,B,LOSS_OCCUPANCY_EXPECTED,organic_or_metalorganic,428,30922,0.8742,3.6252,9,9,9,true,false,true,true,false,Monoclinic,0.000e0,0.000e0,0.000e0,6.434e-15,LOSS_OCCUPANCY_EXPECTED,
7004787,A,PASS,organic_or_metalorganic,320,22424,0.5957,1.3807,14,14,14,false,false,true,true,false,Monoclinic,0.000e0,0.000e0,0.000e0,5.234e-15,,
7004787,B,PASS,organic_or_metalorganic,320,22424,0.5957,2.8511,14,14,14,false,false,true,true,false,Monoclinic,0.000e0,0.000e0,0.000e0,5.234e-15,,
7005022,A,PASS,organic_or_metalorganic,264,38309,0.5150,1.1207,2,2,2,false,false,true,true,false,Triclinic,0.000e0,0.000e0,0.000e0,4.837e-15,,
7005022,B,PASS,organic_or_metalorganic,264,38309,0.5150,2.2611,2,2,2,false,false,true,true,false,Triclinic,0.000e0,0.000e0,0.000e0,4.837e-15,,
7005217,A,PASS,organic_or_metalorganic,149,21250,0.2636,0.6425,2,2,2,false,false,true,true,false,Triclinic,0.000e0,0.000e0,0.000e0,2.691e-15,,
7005217,B,PASS,organic_or_metalorganic,149,21250,0.2636,1.2765,2,2,2,false,false,true,true,false,Triclinic,0.000e0,0.000e0,0.000e0,2.691e-15,,
7005230,A,PASS,organic_or_metalorganic,228,32902,0.6145,0.9671,2,2,2,true,false,true,true,false,Triclinic,0.000e0,0.000e0,0.000e0,4.722e-15,,
7005230,B,LOSS_OCCUPANCY_EXPECTED,organic_or_metalorganic,228,32902,0.6145,2.2113,2,2,2,true,false,true,true,false,Triclinic,0.000e0,0.000e0,0.000e0,4.722e-15,LOSS_OCCUPANCY_EXPECTED,
7005386,A,PASS,organic_or_metalorganic,288,16165,0.2980,1.2323,14,14,14,false,false,true,true,false,Monoclinic,0.000e0,0.000e0,0.000e0,4.973e-15,,
7005386,B,PASS,organic_or_metalorganic,288,16165,0.2980,2.4131,14,14,14,false,false,true,true,false,Monoclinic,0.000e0,0.000e0,0.000e0,4.973e-15,,
7005506,A,PASS,organic_or_metalorganic,292,25431,0.8710,1.2376,14,14,14,false,false,true,true,false,Monoclinic,0.000e0,0.000e0,0.000e0,5.104e-15,,
7005506,B,PASS,organic_or_metalorganic,292,25431,0.8710,2.4429,14,14,14,false,false,true,true,false,Monoclinic,0.000e0,0.000e0,0.000e0,5.104e-15,,
7005845,A,PASS,organic_or_metalorganic,840,21039,1.0799,3.6177,61,61,61,true,false,true,true,false,Orthorhombic,0.000e0,0.000e0,0.000e0,4.781e-15,,
7005845,B,LOSS_OCCUPANCY_EXPECTED,organic_or_metalorganic,840,21039,1.0799,7.0954,61,61,61,true,false,true,true,false,Orthorhombic,0.000e0,0.000e0,0.000e0,4.781e-15,LOSS_OCCUPANCY_EXPECTED,
7005873,A,PASS,organic_or_metalorganic,300,31651,0.7420,2.9221,2,2,2,true,false,true,true,false,Triclinic,0.000e0,0.000e0,0.000e0,4.967e-15,,
7005873,B,LOSS_OCCUPANCY_EXPECTED,organic_or_metalorganic,300,31651,0.7420,2.4475,2,2,2,true,false,true,true,false,Triclinic,0.000e0,0.000e0,0.000e0,4.967e-15,LOSS_OCCUPANCY_EXPECTED,
7005918,A,PASS,organic_or_metalorganic,196,15756,0.4887,0.8326,14,14,14,false,false,true,true,false,Monoclinic,0.000e0,0.000e0,0.000e0,3.271e-15,,
7005918,B,PASS,organic_or_metalorganic,196,15756,0.4887,1.6497,14,14,14,false,false,true,true,false,Monoclinic,0.000e0,0.000e0,0.000e0,3.271e-15,,
7005967,A,PASS,organic_or_metalorganic,238,19607,0.2945,1.7512,2,2,2,true,false,true,true,false,Triclinic,0.000e0,0.000e0,0.000e0,3.568e-15,,
7005967,B,LOSS_OCCUPANCY_EXPECTED,organic_or_metalorganic,238,19607,0.2945,2.5682,2,2,2,true,false,true,true,false,Triclinic,0.000e0,0.000e0,0.000e0,3.568e-15,LOSS_OCCUPANCY_EXPECTED,
7006064,A,PASS,organic_or_metalorganic,162,24325,0.5401,0.6863,4,4,4,false,false,true,true,false,Monoclinic,0.000e0,0.000e0,0.000e0,4.187e-15,,
7006064,B,PASS,organic_or_metalorganic,162,24325,0.5401,1.3711,4,4,4,false,false,true,true,false,Monoclinic,0.000e0,0.000e0,0.000e0,4.187e-15,,
7006080,A,SYMMETRY_UNDETERMINED_BOTH,organic_or_metalorganic,212,11183,0.2232,0.8992,NA,NA,15,true,false,true,true,true,Undetermined,0.000e0,0.000e0,0.000e0,3.735e-15,SYMMETRY_UNDETERMINED_BOTH,
7006080,B,LOSS_OCCUPANCY_EXPECTED,organic_or_metalorganic,212,11183,0.2232,1.7733,NA,NA,15,true,false,true,true,true,Undetermined,0.000e0,0.000e0,0.000e0,3.735e-15,LOSS_OCCUPANCY_EXPECTED; SYMMETRY_UNDETERMINED_BOTH,
7006190,A,PASS,organic_or_metalorganic,828,55532,1.4218,3.6319,7,7,7,false,false,true,true,false,Monoclinic,0.000e0,0.000e0,0.000e0,6.833e-15,,
7006190,B,PASS,organic_or_metalorganic,828,55532,1.4218,7.2823,7,7,7,false,false,true,true,false,Monoclinic,0.000e0,0.000e0,0.000e0,6.833e-15,,
7006197,A,PASS,organic_or_metalorganic,472,28748,0.6915,2.0432,14,14,14,false,false,true,true,false,Monoclinic,0.000e0,0.000e0,0.000e0,8.614e-15,,
7006197,B,PASS,organic_or_metalorganic,472,28748,0.6915,4.0425,14,14,14,false,false,true,true,false,Monoclinic,0.000e0,0.000e0,0.000e0,8.614e-15,,
7006207,A,PASS,organic_or_metalorganic,101,14485,0.1948,0.5629,2,2,2,false,false,true,true,false,Triclinic,0.000e0,0.000e0,0.000e0,3.105e-15,,
7006207,B,PASS,organic_or_metalorganic,101,14485,0.1948,1.1186,2,2,2,false,false,true,true,false,Triclinic,0.000e0,0.000e0,0.000e0,3.105e-15,,
7006286,A,PASS,organic_or_metalorganic,436,15820,0.3743,1.8611,62,62,62,true,true,true,true,false,Orthorhombic,0.000e0,0.000e0,0.000e0,4.386e-15,,
7006286,B,LOSS_OCCUPANCY_EXPECTED,organic_or_metalorganic,436,15820,0.3743,3.6642,62,62,62,true,true,true,true,false,Orthorhombic,0.000e0,0.000e0,0.000e0,4.386e-15,LOSS_OCCUPANCY_EXPECTED; LOSS_OXIDATION_EXPECTED,
7006327,A,PASS,organic_or_metalorganic,432,48436,1.1454,1.8649,4,4,4,false,false,true,true,false,Monoclinic,0.000e0,0.000e0,0.000e0,4.478e-15,,
7006327,B,PASS,organic_or_metalorganic,432,48436,1.1454,3.7534,4,4,4,false,false,true,true,false,Monoclinic,0.000e0,0.000e0,0.000e0,4.478e-15,,
7006392,A,PASS,organic_or_metalorganic,392,30702,0.5836,1.7303,14,14,14,true,false,true,true,false,Monoclinic,0.000e0,0.000e0,0.000e0,4.390e-15,,
7006392,B,LOSS_OCCUPANCY_EXPECTED,organic_or_metalorganic,392,30702,0.5836,3.3186,14,14,14,true,false,true,true,false,Monoclinic,0.000e0,0.000e0,0.000e0,4.390e-15,LOSS_OCCUPANCY_EXPECTED,
7006666,A,PASS,organic_or_metalorganic,364,25654,0.4360,1.5382,15,15,15,true,false,true,true,false,Monoclinic,0.000e0,0.000e0,0.000e0,4.676e-15,,
7006666,B,LOSS_OCCUPANCY_EXPECTED,organic_or_metalorganic,364,25654,0.4360,3.8619,15,15,15,true,false,true,true,false,Monoclinic,0.000e0,0.000e0,0.000e0,4.676e-15,LOSS_OCCUPANCY_EXPECTED,
7006782,A,PASS,organic_or_metalorganic,316,22776,0.4663,1.3728,14,14,14,false,false,true,true,false,Monoclinic,0.000e0,0.000e0,0.000e0,4.203e-15,,
7006782,B,PASS,organic_or_metalorganic,316,22776,0.4663,2.6878,14,14,14,false,false,true,true,false,Monoclinic,0.000e0,0.000e0,0.000e0,4.203e-15,,
7007031,A,PASS,organic_or_metalorganic,304,11769,0.2134,1.3728,15,15,15,false,false,true,true,false,Monoclinic,0.000e0,0.000e0,0.000e0,4.310e-15,,
7007031,B,PASS,organic_or_metalorganic,304,11769,0.2134,2.5616,15,15,15,false,false,true,true,false,Monoclinic,0.000e0,0.000e0,0.000e0,4.310e-15,,
7007041,A,PASS,organic_or_metalorganic,152,16763,0.2713,0.8350,2,2,2,false,false,true,true,false,Triclinic,0.000e0,0.000e0,0.000e0,5.334e-15,,
7007041,B,PASS,organic_or_metalorganic,152,16763,0.2713,1.7007,2,2,2,false,false,true,true,false,Triclinic,0.000e0,0.000e0,0.000e0,5.334e-15,,
7007140,A,PASS,organic_or_metalorganic,68,9410,0.1287,0.2898,55,55,55,true,false,true,true,false,Orthorhombic,0.000e0,0.000e0,0.000e0,1.747e-15,,
7007140,B,LOSS_OCCUPANCY_EXPECTED,organic_or_metalorganic,68,9410,0.1287,0.5954,55,55,55,true,false,true,true,false,Orthorhombic,0.000e0,0.000e0,0.000e0,1.747e-15,LOSS_OCCUPANCY_EXPECTED,
7007227,A,PASS,organic_or_metalorganic,348,40174,1.4637,1.4781,2,2,2,false,false,true,true,false,Triclinic,0.000e0,0.000e0,0.000e0,5.657e-15,,
7007227,B,PASS,organic_or_metalorganic,348,40174,1.4637,3.2206,2,2,2,false,false,true,true,false,Triclinic,0.000e0,0.000e0,0.000e0,5.657e-15,,
7007472,A,PASS,organic_or_metalorganic,146,20556,0.2935,0.6529,2,2,2,false,false,true,true,false,Triclinic,0.000e0,0.000e0,0.000e0,6.414e-15,,
7007472,B,PASS,organic_or_metalorganic,146,20556,0.2935,1.2390,2,2,2,false,false,true,true,false,Triclinic,0.000e0,0.000e0,0.000e0,6.414e-15,,
7007584,A,PASS,organic_or_metalorganic,448,23906,0.4860,1.9719,14,14,14,false,false,true,true,false,Monoclinic,0.000e0,0.000e0,0.000e0,5.358e-15,,
7007584,B,PASS,organic_or_metalorganic,448,23906,0.4860,4.0483,14,14,14,false,false,true,true,false,Monoclinic,0.000e0,0.000e0,0.000e0,5.358e-15,,
7007620,A,PASS,organic_or_metalorganic,1528,18975,1.9599,7.3032,88,88,88,false,false,true,true,false,Tetragonal,0.000e0,0.000e0,0.000e0,6.525e-15,,
7007620,B,PASS,organic_or_metalorganic,1528,18975,1.9599,13.8024,88,88,88,false,false,true,true,false,Tetragonal,0.000e0,0.000e0,0.000e0,6.525e-15,,
7007623,A,PASS,organic_or_metalorganic,1940,74811,2.7767,9.2006,14,14,14,true,false,true,true,false,Monoclinic,0.000e0,0.000e0,0.000e0,1.173e-14,,
7007623,B,LOSS_OCCUPANCY_EXPECTED,organic_or_metalorganic,1940,74811,2.7767,16.9648,14,14,14,true,false,true,true,false,Monoclinic,0.000e0,0.000e0,0.000e0,1.173e-14,LOSS_OCCUPANCY_EXPECTED,
7007652,A,PASS,organic_or_metalorganic,72,9816,0.3023,0.4091,19,19,19,false,false,true,true,false,Orthorhombic,0.000e0,0.000e0,0.000e0,2.239e-15,,
7007652,B,PASS,organic_or_metalorganic,72,9816,0.3023,0.8130,19,19,19,false,false,true,true,false,Orthorhombic,0.000e0,0.000e0,0.000e0,2.239e-15,,
7007934,A,PASS,organic_or_metalorganic,266,39169,1.1269,1.1272,2,2,2,true,false,true,true,false,Triclinic,0.000e0,0.000e0,0.000e0,4.871e-15,,
7007934,B,LOSS_OCCUPANCY_EXPECTED,organic_or_metalorganic,266,39169,1.1269,2.2474,2,2,2,true,false,true,true,false,Triclinic,0.000e0,0.000e0,0.000e0,4.871e-15,LOSS_OCCUPANCY_EXPECTED,
7007960,A,PASS,organic_or_metalorganic,438,46137,0.6750,1.8448,2,2,2,true,false,true,true,false,Triclinic,0.000e0,0.000e0,0.000e0,7.967e-15,,
7007960,B,LOSS_OCCUPANCY_EXPECTED,organic_or_metalorganic,438,46137,0.6750,3.6448,2,2,2,true,false,true,true,false,Triclinic,0.000e0,0.000e0,0.000e0,7.967e-15,LOSS_OCCUPANCY_EXPECTED,
7008039,A,PASS,organic_or_metalorganic,844,40250,1.1001,3.7145,14,14,14,false,false,true,true,false,Monoclinic,0.000e0,0.000e0,0.000e0,8.723e-15,,
7008039,B,PASS,organic_or_metalorganic,844,40250,1.1001,7.1935,14,14,14,false,false,true,true,false,Monoclinic,0.000e0,0.000e0,0.000e0,8.723e-15,,
7008153,A,PASS,organic_or_metalorganic,258,24887,0.5735,1.1036,2,2,2,false,false,true,true,false,Triclinic,0.000e0,0.000e0,0.000e0,4.039e-15,,
7008153,B,PASS,organic_or_metalorganic,258,24887,0.5735,4.2845,2,2,2,false,false,true,true,false,Triclinic,0.000e0,0.000e0,0.000e0,4.039e-15,,
7008177,A,PASS,organic_or_metalorganic,158,23630,0.4451,0.9714,2,2,2,true,false,true,true,false,Triclinic,0.000e0,0.000e0,0.000e0,2.991e-15,,
7008177,B,LOSS_OCCUPANCY_EXPECTED,organic_or_metalorganic,158,23630,0.4451,2.0892,2,2,2,true,false,true,true,false,Triclinic,0.000e0,0.000e0,0.000e0,2.991e-15,LOSS_OCCUPANCY_EXPECTED,
7008337,A,PASS,organic_or_metalorganic,164,10878,0.1736,0.9053,60,60,60,false,false,true,true,false,Orthorhombic,0.000e0,0.000e0,0.000e0,4.028e-15,,
7008337,B,PASS,organic_or_metalorganic,164,10878,0.1736,1.7827,60,60,60,false,false,true,true,false,Orthorhombic,0.000e0,0.000e0,0.000e0,4.028e-15,,
7008380,A,PASS,organic_or_metalorganic,2060,67015,3.3819,12.3397,15,15,15,true,false,true,true,false,Monoclinic,0.000e0,0.000e0,0.000e0,2.208e-14,,
7008380,B,LOSS_OCCUPANCY_EXPECTED,organic_or_metalorganic,2060,67015,3.3819,19.2004,15,15,15,true,false,true,true,false,Monoclinic,0.000e0,0.000e0,0.000e0,2.208e-14,LOSS_OCCUPANCY_EXPECTED,
7008437,A,PASS,organic_or_metalorganic,116,15709,0.5136,0.6549,2,2,2,false,false,true,true,false,Triclinic,0.000e0,0.000e0,0.000e0,2.841e-15,,
7008437,B,PASS,organic_or_metalorganic,116,15709,0.5136,1.2913,2,2,2,false,false,true,true,false,Triclinic,0.000e0,0.000e0,0.000e0,2.841e-15,,
7009072,A,PASS,organic_or_metalorganic,520,50342,1.1375,2.2570,14,14,14,true,true,true,true,false,Monoclinic,0.000e0,0.000e0,0.000e0,5.247e-15,,
7009072,B,LOSS_OCCUPANCY_EXPECTED,organic_or_metalorganic,520,50342,1.1375,4.3637,14,14,14,true,true,true,true,false,Monoclinic,0.000e0,0.000e0,0.000e0,5.247e-15,LOSS_OCCUPANCY_EXPECTED; LOSS_OXIDATION_EXPECTED,
7009119,A,PASS,organic_or_metalorganic,264,24685,0.4769,1.5046,2,2,2,true,false,true,true,false,Triclinic,0.000e0,0.000e0,0.000e0,5.763e-15,,
7009119,B,LOSS_OCCUPANCY_EXPECTED,organic_or_metalorganic,264,24685,0.4769,3.5327,2,2,2,true,false,true,true,false,Triclinic,0.000e0,0.000e0,0.000e0,5.763e-15,LOSS_OCCUPANCY_EXPECTED,
7009125,A,PASS,organic_or_metalorganic,204,16260,0.3158,1.3202,14,14,14,true,false,true,true,false,Monoclinic,0.000e0,0.000e0,0.000e0,4.123e-15,,
7009125,B,LOSS_OCCUPANCY_EXPECTED,organic_or_metalorganic,204,16260,0.3158,1.8346,14,14,14,true,false,true,true,false,Monoclinic,0.000e0,0.000e0,0.000e0,4.123e-15,LOSS_OCCUPANCY_EXPECTED,
7009146,A,PASS,organic_or_metalorganic,656,25798,0.9790,2.8382,9,9,9,true,false,true,true,false,Monoclinic,0.000e0,0.000e0,0.000e0,5.603e-15,,
7009146,B,LOSS_OCCUPANCY_EXPECTED,organic_or_metalorganic,656,25798,0.9790,5.8376,9,9,9,true,false,true,true,false,Monoclinic,0.000e0,0.000e0,0.000e0,5.603e-15,LOSS_OCCUPANCY_EXPECTED,
7009178,A,PASS,organic_or_metalorganic,240,39116,0.4867,1.0128,2,2,2,false,false,true,true,false,Triclinic,0.000e0,0.000e0,0.000e0,5.335e-15,,
7009178,B,PASS,organic_or_metalorganic,240,39116,0.4867,2.0162,2,2,2,false,false,true,true,false,Triclinic,0.000e0,0.000e0,0.000e0,5.335e-15,,
7009380,A,PASS,organic_or_metalorganic,152,24797,0.7277,0.6463,2,2,2,true,false,true,true,false,Triclinic,0.000e0,0.000e0,0.000e0,3.437e-15,,
7009380,B,LOSS_OCCUPANCY_EXPECTED,organic_or_metalorganic,152,24797,0.7277,1.3221,2,2,2,true,false,true,true,false,Triclinic,0.000e0,0.000e0,0.000e0,3.437e-15,LOSS_OCCUPANCY_EXPECTED,
7009510,A,PASS,organic_or_metalorganic,212,11931,0.2539,0.9608,14,14,14,false,true,true,true,false,Monoclinic,0.000e0,0.000e0,0.000e0,5.547e-15,,
7009510,B,LOSS_OXIDATION_EXPECTED,organic_or_metalorganic,212,11931,0.2539,1.8739,14,14,14,false,true,true,true,false,Monoclinic,0.000e0,0.000e0,0.000e0,5.547e-15,LOSS_OXIDATION_EXPECTED,
7009563,A,PASS,organic_or_metalorganic,808,59196,1.5363,3.9497,14,14,14,false,true,true,true,false,Monoclinic,0.000e0,0.000e0,0.000e0,9.629e-15,,
7009563,B,LOSS_OXIDATION_EXPECTED,organic_or_metalorganic,808,59196,1.5363,7.1855,14,14,14,false,true,true,true,false,Monoclinic,0.000e0,0.000e0,0.000e0,9.629e-15,LOSS_OXIDATION_EXPECTED,
7009614,A,PASS,organic_or_metalorganic,208,34997,0.8184,0.9042,4,4,4,false,true,true,true,false,Monoclinic,0.000e0,0.000e0,0.000e0,3.480e-15,,
7009614,B,LOSS_OXIDATION_EXPECTED,organic_or_metalorganic,208,34997,0.8184,1.7499,4,4,4,false,true,true,true,false,Monoclinic,0.000e0,0.000e0,0.000e0,3.480e-15,LOSS_OXIDATION_EXPECTED,
7009621,A,PASS,organic_or_metalorganic,486,35282,0.8227,2.7242,2,2,2,false,false,true,true,false,Triclinic,0.000e0,0.000e0,0.000e0,6.537e-15,,
7009621,B,PASS,organic_or_metalorganic,486,35282,0.8227,4.0742,2,2,2,false,false,true,true,false,Triclinic,0.000e0,0.000e0,0.000e0,6.537e-15,,
7009657,A,PASS,organic_or_metalorganic,172,22045,0.5999,0.7376,14,14,14,false,false,true,true,false,Monoclinic,0.000e0,0.000e0,0.000e0,3.251e-15,,
7009657,B,PASS,organic_or_metalorganic,172,22045,0.5999,1.4922,14,14,14,false,false,true,true,false,Monoclinic,0.000e0,0.000e0,0.000e0,3.251e-15,,
7009705,A,PASS,organic_or_metalorganic,1004,41612,1.2717,4.4519,14,14,14,true,false,true,true,false,Monoclinic,0.000e0,0.000e0,0.000e0,6.788e-15,,
7009705,B,LOSS_OCCUPANCY_EXPECTED,organic_or_metalorganic,1004,41612,1.2717,8.4891,14,14,14,true,false,true,true,false,Monoclinic,0.000e0,0.000e0,0.000e0,6.788e-15,LOSS_OCCUPANCY_EXPECTED,
7009922,A,PASS,organic_or_metalorganic,220,23720,0.4423,0.9393,2,2,2,false,false,true,true,false,Triclinic,0.000e0,0.000e0,0.000e0,5.153e-15,,
7009922,B,PASS,organic_or_metalorganic,220,23720,0.4423,1.8390,2,2,2,false,false,true,true,false,Triclinic,0.000e0,0.000e0,0.000e0,5.153e-15,,
7130042,A,PASS,organic_or_metalorganic,1512,3548022,7.4328,6.9790,61,61,61,false,false,true,true,false,Orthorhombic,0.000e0,0.000e0,0.000e0,7.439e-15,,
7130042,B,PASS,organic_or_metalorganic,1512,3548022,7.4328,13.0945,61,61,61,false,false,true,true,false,Orthorhombic,0.000e0,0.000e0,0.000e0,7.439e-15,,
7131356,A,PASS,organic_or_metalorganic,94,696837,1.0822,0.5233,4,4,4,false,false,true,true,false,Monoclinic,0.000e0,0.000e0,0.000e0,2.501e-15,,
7131356,B,PASS,organic_or_metalorganic,94,696837,1.0822,1.0871,4,4,4,false,false,true,true,false,Monoclinic,0.000e0,0.000e0,0.000e0,2.501e-15,,
7132632,A,PASS,organic_or_metalorganic,360,3284634,3.8509,1.5346,14,14,14,false,false,true,true,false,Monoclinic,0.000e0,0.000e0,0.000e0,6.163e-15,,
7132632,B,PASS,organic_or_metalorganic,360,3284634,3.8509,3.0853,14,14,14,false,false,true,true,false,Monoclinic,0.000e0,0.000e0,0.000e0,6.163e-15,,
7132942,A,PASS,organic_or_metalorganic,180,1268885,1.5645,0.7726,14,14,14,false,false,true,true,false,Monoclinic,0.000e0,0.000e0,0.000e0,3.554e-15,,
7132942,B,PASS,organic_or_metalorganic,180,1268885,1.5645,1.5232,14,14,14,false,false,true,true,false,Monoclinic,0.000e0,0.000e0,0.000e0,3.554e-15,,
7133077,A,PASS,organic_or_metalorganic,112,1466627,2.4534,0.6166,2,2,2,false,false,true,true,false,Triclinic,0.000e0,0.000e0,0.000e0,2.787e-15,,
7133077,B,PASS,organic_or_metalorganic,112,1466627,2.4534,1.2344,2,2,2,false,false,true,true,false,Triclinic,0.000e0,0.000e0,0.000e0,2.787e-15,,
7133336,A,PASS,organic_or_metalorganic,1832,6830837,10.8633,12.4368,14,14,14,true,false,true,true,false,Monoclinic,0.000e0,0.000e0,0.000e0,9.457e-15,,
7133336,B,LOSS_OCCUPANCY_EXPECTED,organic_or_metalorganic,1832,6830837,10.8633,16.4366,14,14,14,true,false,true,true,false,Monoclinic,0.000e0,0.000e0,0.000e0,9.457e-15,LOSS_OCCUPANCY_EXPECTED,
7133428,A,PASS,organic_or_metalorganic,187,2682864,5.0463,1.0463,2,2,2,true,false,true,true,false,Triclinic,0.000e0,0.000e0,0.000e0,2.944e-15,,
7133428,B,LOSS_OCCUPANCY_EXPECTED,organic_or_metalorganic,187,2682864,5.0463,1.7398,2,2,2,true,false,true,true,false,Triclinic,0.000e0,0.000e0,0.000e0,2.944e-15,LOSS_OCCUPANCY_EXPECTED,
9000166,A,SYMMETRY_UNDETERMINED_BOTH,inorganic,36,2493,0.0596,0.2508,NA,NA,62,true,false,false,true,true,Undetermined,0.000e0,0.000e0,0.000e0,1.139e-15,SYMMETRY_UNDETERMINED_BOTH,
9000166,B,LOSS_OCCUPANCY_EXPECTED,inorganic,36,2493,0.0596,0.4986,NA,NA,62,true,false,false,true,true,Undetermined,0.000e0,0.000e0,0.000e0,1.139e-15,LOSS_OCCUPANCY_EXPECTED; SYMMETRY_UNDETERMINED_BOTH,
9000721,A,PASS,inorganic,32,3501,0.0405,0.2329,2,2,2,false,false,false,true,false,Triclinic,0.000e0,0.000e0,0.000e0,1.964e-15,,
9000721,B,PASS,inorganic,32,3501,0.0405,0.4305,2,2,2,false,false,false,true,false,Triclinic,0.000e0,0.000e0,0.000e0,1.964e-15,,
9000758,A,SYMMETRY_UNDETERMINED_BOTH,inorganic,82,5203,0.0814,0.4880,NA,NA,2,true,false,false,true,true,Undetermined,0.000e0,0.000e0,0.000e0,1.840e-15,SYMMETRY_UNDETERMINED_BOTH,
9000758,B,LOSS_OCCUPANCY_EXPECTED,inorganic,82,5203,0.0814,1.0706,NA,NA,2,true,false,false,true,true,Undetermined,0.000e0,0.000e0,0.000e0,1.840e-15,LOSS_OCCUPANCY_EXPECTED; SYMMETRY_UNDETERMINED_BOTH,
9000827,A,PASS,organic_or_metalorganic,32,4237,0.0474,0.1898,2,2,2,false,false,false,true,false,Triclinic,0.000e0,0.000e0,0.000e0,9.548e-16,,
9000827,B,PASS,organic_or_metalorganic,32,4237,0.0474,0.4752,2,2,2,false,false,false,true,false,Triclinic,0.000e0,0.000e0,0.000e0,9.548e-16,,
9000981,A,PASS,inorganic,64,2744,0.0619,0.4188,14,14,14,false,false,false,true,false,Monoclinic,0.000e0,0.000e0,0.000e0,2.166e-15,,
9000981,B,PASS,inorganic,64,2744,0.0619,0.8445,14,14,14,false,false,false,true,false,Monoclinic,0.000e0,0.000e0,0.000e0,2.166e-15,,
9001163,A,SYMMETRY_UNDETERMINED_BOTH,inorganic,82,3244,0.2183,0.4485,NA,NA,192,true,false,false,true,true,Undetermined,0.000e0,0.000e0,0.000e0,2.044e-15,SYMMETRY_UNDETERMINED_BOTH,
9001163,B,LOSS_OCCUPANCY_EXPECTED,inorganic,82,3244,0.2183,0.7467,NA,NA,192,true,false,false,true,true,Undetermined,0.000e0,0.000e0,0.000e0,2.044e-15,LOSS_OCCUPANCY_EXPECTED; SYMMETRY_UNDETERMINED_BOTH,
9001415,A,PASS,inorganic,30,2508,0.0581,0.1833,148,148,148,false,false,false,true,false,Trigonal,0.000e0,0.000e0,0.000e0,6.014e-6,,
9001415,B,PASS,inorganic,30,2508,0.0581,0.2972,148,148,148,false,false,false,true,false,Trigonal,0.000e0,0.000e0,0.000e0,6.014e-6,,
9001526,A,PASS,inorganic,160,3746,0.2546,0.6947,230,230,230,false,false,false,true,false,Cubic,0.000e0,0.000e0,0.000e0,1.272e-15,,
9001526,B,PASS,inorganic,160,3746,0.2546,1.5039,230,230,230,false,false,false,true,false,Cubic,0.000e0,0.000e0,0.000e0,1.272e-15,,
9001686,A,PASS,inorganic,160,4039,0.3845,0.6907,230,230,230,false,false,false,true,false,Cubic,0.000e0,0.000e0,0.000e0,6.391e-16,,
9001686,B,PASS,inorganic,160,4039,0.3845,1.3987,230,230,230,false,false,false,true,false,Cubic,0.000e0,0.000e0,0.000e0,6.391e-16,,
9001944,A,SYMMETRY_UNDETERMINED_BOTH,inorganic,104,3680,0.2719,0.4839,NA,NA,187,true,false,false,true,true,Undetermined,0.000e0,0.000e0,0.000e0,2.952e-15,SYMMETRY_UNDETERMINED_BOTH,
9001944,B,LOSS_OCCUPANCY_EXPECTED,inorganic,104,3680,0.2719,1.0861,NA,NA,187,true,false,false,true,true,Undetermined,0.000e0,0.000e0,0.000e0,2.952e-15,LOSS_OCCUPANCY_EXPECTED; SYMMETRY_UNDETERMINED_BOTH,
9002010,A,SYMMETRY_UNDETERMINED_BOTH,inorganic,72,4004,0.0568,0.3071,NA,NA,12,true,false,false,true,true,Undetermined,0.000e0,0.000e0,0.000e0,1.466e-15,SYMMETRY_UNDETERMINED_BOTH,
9002010,B,LOSS_OCCUPANCY_EXPECTED,inorganic,72,4004,0.0568,0.6266,NA,NA,12,true,false,false,true,true,Undetermined,0.000e0,0.000e0,0.000e0,1.466e-15,LOSS_OCCUPANCY_EXPECTED; SYMMETRY_UNDETERMINED_BOTH,
9002082,A,SYMMETRY_UNDETERMINED_BOTH,inorganic,80,5989,0.5186,0.4521,NA,NA,227,true,false,false,true,true,Undetermined,0.000e0,0.000e0,0.000e0,1.554e-15,SYMMETRY_UNDETERMINED_BOTH,
9002082,B,LOSS_OCCUPANCY_EXPECTED,inorganic,80,5989,0.5186,0.9244,NA,NA,227,true,false,false,true,true,Undetermined,0.000e0,0.000e0,0.000e0,1.554e-15,LOSS_OCCUPANCY_EXPECTED; SYMMETRY_UNDETERMINED_BOTH,
9002088,A,SYMMETRY_UNDETERMINED_BOTH,inorganic,80,5997,0.7187,0.3504,NA,NA,227,true,false,false,true,true,Undetermined,0.000e0,0.000e0,0.000e0,3.794e-16,SYMMETRY_UNDETERMINED_BOTH,
9002088,B,LOSS_OCCUPANCY_EXPECTED,inorganic,80,5997,0.7187,0.7209,NA,NA,227,true,false,false,true,true,Undetermined,0.000e0,0.000e0,0.000e0,3.794e-16,LOSS_OCCUPANCY_EXPECTED; SYMMETRY_UNDETERMINED_BOTH,
9002109,A,SYMMETRY_UNDETERMINED_BOTH,inorganic,80,5992,0.5474,0.3482,NA,NA,227,true,false,false,true,true,Undetermined,0.000e0,0.000e0,0.000e0,1.567e-15,SYMMETRY_UNDETERMINED_BOTH,
9002109,B,LOSS_OCCUPANCY_EXPECTED,inorganic,80,5992,0.5474,0.7043,NA,NA,227,true,false,false,true,true,Undetermined,0.000e0,0.000e0,0.000e0,1.567e-15,LOSS_OCCUPANCY_EXPECTED; SYMMETRY_UNDETERMINED_BOTH,
9002204,A,PASS,inorganic,124,4741,0.1248,0.9145,12,12,12,true,false,false,true,false,Monoclinic,0.000e0,0.000e0,0.000e0,2.459e-15,,
9002204,B,LOSS_OCCUPANCY_EXPECTED,inorganic,124,4741,0.1248,1.0769,12,12,12,true,false,false,true,false,Monoclinic,0.000e0,0.000e0,0.000e0,2.459e-15,LOSS_OCCUPANCY_EXPECTED,
9002248,A,SYMMETRY_UNDETERMINED_BOTH,inorganic,684,6437,0.8434,2.9749,NA,NA,63,true,false,false,true,true,Undetermined,0.000e0,0.000e0,0.000e0,1.243e-14,SYMMETRY_UNDETERMINED_BOTH,
9002248,B,LOSS_OCCUPANCY_EXPECTED,inorganic,684,6437,0.8434,5.7746,NA,NA,63,true,false,false,true,true,Undetermined,0.000e0,0.000e0,0.000e0,1.243e-14,LOSS_OCCUPANCY_EXPECTED; SYMMETRY_UNDETERMINED_BOTH,
9002324,A,PASS,inorganic,56,5241,0.5384,0.3217,227,227,227,false,false,false,true,false,Cubic,0.000e0,0.000e0,0.000e0,6.468e-16,,
9002324,B,PASS,inorganic,56,5241,0.5384,0.6495,227,227,227,false,false,false,true,false,Cubic,0.000e0,0.000e0,0.000e0,6.468e-16,,
9002393,A,PASS,inorganic,56,5343,0.5405,0.2490,227,227,227,true,false,false,true,false,Cubic,0.000e0,0.000e0,0.000e0,1.388e-15,,
9002393,B,LOSS_OCCUPANCY_EXPECTED,inorganic,56,5343,0.5405,0.5042,227,227,227,true,false,false,true,false,Cubic,0.000e0,0.000e0,0.000e0,1.388e-15,LOSS_OCCUPANCY_EXPECTED,
9002515,A,SYMMETRY_UNDETERMINED_BOTH,inorganic,36,3125,0.0606,0.2141,NA,NA,62,true,false,false,true,true,Undetermined,0.000e0,0.000e0,0.000e0,1.163e-15,SYMMETRY_UNDETERMINED_BOTH,
9002515,B,LOSS_OCCUPANCY_EXPECTED,inorganic,36,3125,0.0606,0.3499,NA,NA,62,true,false,false,true,true,Undetermined,0.000e0,0.000e0,0.000e0,1.163e-15,LOSS_OCCUPANCY_EXPECTED; SYMMETRY_UNDETERMINED_BOTH,
9002701,A,PASS,inorganic,19,3317,0.0331,0.1325,143,143,143,true,false,false,true,false,Trigonal,0.000e0,0.000e0,0.000e0,1.350e-15,,
9002701,B,LOSS_OCCUPANCY_EXPECTED,inorganic,19,3317,0.0331,0.2506,143,143,143,true,false,false,true,false,Trigonal,0.000e0,0.000e0,0.000e0,1.350e-15,LOSS_OCCUPANCY_EXPECTED,
9002797,A,SYMMETRY_UNDETERMINED_BOTH,inorganic,152,3411,0.3605,0.6528,NA,NA,63,true,false,false,true,true,Undetermined,0.000e0,0.000e0,0.000e0,2.525e-15,SYMMETRY_UNDETERMINED_BOTH,
9002797,B,LOSS_OCCUPANCY_EXPECTED,inorganic,152,3411,0.3605,1.2928,NA,NA,63,true,false,false,true,true,Undetermined,0.000e0,0.000e0,0.000e0,2.525e-15,LOSS_OCCUPANCY_EXPECTED; SYMMETRY_UNDETERMINED_BOTH,
9002829,A,SYMMETRY_UNDETERMINED_BOTH,inorganic,52,3316,0.1050,0.2314,NA,NA,12,true,false,false,true,true,Undetermined,0.000e0,0.000e0,0.000e0,1.194e-15,SYMMETRY_UNDETERMINED_BOTH,
9002829,B,LOSS_OCCUPANCY_EXPECTED,inorganic,52,3316,0.1050,0.4650,NA,NA,12,true,false,false,true,true,Undetermined,0.000e0,0.000e0,0.000e0,1.194e-15,LOSS_OCCUPANCY_EXPECTED; SYMMETRY_UNDETERMINED_BOTH,
9003185,A,SYMMETRY_UNDETERMINED_BOTH,inorganic,12,4828,0.2926,0.0875,NA,NA,225,true,false,false,true,true,Undetermined,0.000e0,0.000e0,0.000e0,0.000e0,SYMMETRY_UNDETERMINED_BOTH,
9003185,B,LOSS_OCCUPANCY_EXPECTED,inorganic,12,4828,0.2926,0.1825,NA,NA,225,true,false,false,true,true,Undetermined,0.000e0,0.000e0,0.000e0,0.000e0,LOSS_OCCUPANCY_EXPECTED; SYMMETRY_UNDETERMINED_BOTH,
9003201,A,SYMMETRY_UNDETERMINED_BOTH,inorganic,12,4830,0.2220,0.0665,NA,NA,225,true,false,false,true,true,Undetermined,0.000e0,0.000e0,0.000e0,0.000e0,SYMMETRY_UNDETERMINED_BOTH,
9003201,B,LOSS_OCCUPANCY_EXPECTED,inorganic,12,4830,0.2220,0.1340,NA,NA,225,true,false,false,true,true,Undetermined,0.000e0,0.000e0,0.000e0,0.000e0,LOSS_OCCUPANCY_EXPECTED; SYMMETRY_UNDETERMINED_BOTH,
9003218,A,SYMMETRY_UNDETERMINED_BOTH,inorganic,12,4823,0.2632,0.0867,NA,NA,225,true,false,false,true,true,Undetermined,0.000e0,0.000e0,0.000e0,0.000e0,SYMMETRY_UNDETERMINED_BOTH,
9003218,B,LOSS_OCCUPANCY_EXPECTED,inorganic,12,4823,0.2632,0.1849,NA,NA,225,true,false,false,true,true,Undetermined,0.000e0,0.000e0,0.000e0,0.000e0,LOSS_OCCUPANCY_EXPECTED; SYMMETRY_UNDETERMINED_BOTH,
9003504,A,SYMMETRY_UNDETERMINED_BOTH,inorganic,48,3543,0.1097,0.2165,NA,NA,11,true,false,false,true,true,Undetermined,0.000e0,0.000e0,0.000e0,1.790e-15,SYMMETRY_UNDETERMINED_BOTH,
9003504,B,LOSS_OCCUPANCY_EXPECTED,inorganic,48,3543,0.1097,0.4462,NA,NA,11,true,false,false,true,true,Undetermined,0.000e0,0.000e0,0.000e0,1.790e-15,LOSS_OCCUPANCY_EXPECTED; SYMMETRY_UNDETERMINED_BOTH,
9003622,A,SYMMETRY_UNDETERMINED_BOTH,inorganic,80,5523,0.6008,0.3465,NA,NA,227,true,false,false,true,true,Undetermined,0.000e0,0.000e0,0.000e0,1.001e-15,SYMMETRY_UNDETERMINED_BOTH,
9003622,B,LOSS_OCCUPANCY_EXPECTED,inorganic,80,5523,0.6008,0.7024,NA,NA,227,true,false,false,true,true,Undetermined,0.000e0,0.000e0,0.000e0,1.001e-15,LOSS_OCCUPANCY_EXPECTED; SYMMETRY_UNDETERMINED_BOTH,
9003654,A,SYMMETRY_UNDETERMINED_BOTH,inorganic,327,4202,0.4406,1.4008,NA,NA,166,true,false,false,true,true,Undetermined,0.000e0,0.000e0,0.000e0,1.065e-5,SYMMETRY_UNDETERMINED_BOTH,
9003654,B,LOSS_OCCUPANCY_EXPECTED,inorganic,327,4202,0.4406,2.7703,NA,NA,166,true,false,false,true,true,Undetermined,0.000e0,0.000e0,0.000e0,1.065e-5,LOSS_OCCUPANCY_EXPECTED; SYMMETRY_UNDETERMINED_BOTH,
9003857,A,SYMMETRY_UNDETERMINED_BOTH,inorganic,76,4366,0.1519,0.7139,NA,NA,14,true,false,false,true,true,Undetermined,0.000e0,0.000e0,0.000e0,2.156e-15,SYMMETRY_UNDETERMINED_BOTH,
9003857,B,LOSS_OCCUPANCY_EXPECTED,inorganic,76,4366,0.1519,0.7368,NA,NA,14,true,false,false,true,true,Undetermined,0.000e0,0.000e0,0.000e0,2.156e-15,LOSS_OCCUPANCY_EXPECTED; SYMMETRY_UNDETERMINED_BOTH,
9003873,A,SYMMETRY_UNDETERMINED_BOTH,inorganic,104,8139,0.2764,0.4536,NA,NA,11,true,false,false,true,true,Undetermined,0.000e0,0.000e0,0.000e0,2.046e-15,SYMMETRY_UNDETERMINED_BOTH,
9003873,B,LOSS_OCCUPANCY_EXPECTED,inorganic,104,8139,0.2764,0.9512,NA,NA,11,true,false,false,true,true,Undetermined,0.000e0,0.000e0,0.000e0,2.046e-15,LOSS_OCCUPANCY_EXPECTED; SYMMETRY_UNDETERMINED_BOTH,
9003943,A,SYMMETRY_UNDETERMINED_BOTH,inorganic,96,5570,0.6549,0.4228,NA,NA,227,true,false,false,true,true,Undetermined,0.000e0,0.000e0,0.000e0,3.969e-16,SYMMETRY_UNDETERMINED_BOTH,
9003943,B,LOSS_OCCUPANCY_EXPECTED,inorganic,96,5570,0.6549,0.8471,NA,NA,227,true,false,false,true,true,Undetermined,0.000e0,0.000e0,0.000e0,3.969e-16,LOSS_OCCUPANCY_EXPECTED; SYMMETRY_UNDETERMINED_BOTH,
9003951,A,SYMMETRY_UNDETERMINED_BOTH,inorganic,96,5558,0.5814,0.4164,NA,NA,227,true,false,false,true,true,Undetermined,0.000e0,0.000e0,0.000e0,4.167e-16,SYMMETRY_UNDETERMINED_BOTH,
9003951,B,LOSS_OCCUPANCY_EXPECTED,inorganic,96,5558,0.5814,0.8616,NA,NA,227,true,false,false,true,true,Undetermined,0.000e0,0.000e0,0.000e0,4.167e-16,LOSS_OCCUPANCY_EXPECTED; SYMMETRY_UNDETERMINED_BOTH,
9003968,A,SYMMETRY_UNDETERMINED_BOTH,inorganic,96,5570,0.6298,0.4146,NA,NA,227,true,false,false,true,true,Undetermined,0.000e0,0.000e0,0.000e0,1.195e-15,SYMMETRY_UNDETERMINED_BOTH,
9003968,B,LOSS_OCCUPANCY_EXPECTED,inorganic,96,5570,0.6298,0.8409,NA,NA,227,true,false,false,true,true,Undetermined,0.000e0,0.000e0,0.000e0,1.195e-15,LOSS_OCCUPANCY_EXPECTED; SYMMETRY_UNDETERMINED_BOTH,
9003995,A,PASS,inorganic,32,3019,0.0327,0.1498,58,58,58,false,false,false,true,false,Orthorhombic,0.000e0,0.000e0,0.000e0,9.664e-16,,
9003995,B,PASS,inorganic,32,3019,0.0327,0.3007,58,58,58,false,false,false,true,false,Orthorhombic,0.000e0,0.000e0,0.000e0,9.664e-16,,
9004057,A,PASS,inorganic,42,2346,0.0768,0.2486,1,1,176,false,false,false,true,false,Triclinic,0.000e0,0.000e0,0.000e0,2.294e-15,,
9004057,B,PASS,inorganic,42,2346,0.0768,0.5031,1,1,176,false,false,false,true,false,Triclinic,0.000e0,0.000e0,0.000e0,2.294e-15,,
9004061,A,PASS,inorganic,32,2881,0.0613,0.2405,19,19,19,false,false,false,true,false,Orthorhombic,0.000e0,0.000e0,0.000e0,1.680e-15,,
9004061,B,PASS,inorganic,32,2881,0.0613,0.6670,19,19,19,false,false,false,true,false,Orthorhombic,0.000e0,0.000e0,0.000e0,1.680e-15,,
9004172,A,SYMMETRY_UNDETERMINED_BOTH,inorganic,78,4438,0.0554,0.3479,NA,NA,173,true,false,false,true,true,Undetermined,0.000e0,0.000e0,0.000e0,2.539e-15,SYMMETRY_UNDETERMINED_BOTH,
9004172,B,LOSS_OCCUPANCY_EXPECTED,inorganic,78,4438,0.0554,0.6959,NA,NA,173,true,false,false,true,true,Undetermined,0.000e0,0.000e0,0.000e0,2.539e-15,LOSS_OCCUPANCY_EXPECTED; SYMMETRY_UNDETERMINED_BOTH,
9004175,A,PASS,inorganic,84,3868,0.0620,0.4648,33,33,33,false,false,false,true,false,Orthorhombic,0.000e0,0.000e0,0.000e0,2.969e-15,,
9004175,B,PASS,inorganic,84,3868,0.0620,0.8345,33,33,33,false,false,false,true,false,Orthorhombic,0.000e0,0.000e0,0.000e0,2.969e-15,,
9004176,A,PASS,inorganic,68,4112,0.0989,0.4146,33,33,33,false,false,false,true,false,Orthorhombic,0.000e0,0.000e0,0.000e0,2.613e-15,,
9004176,B,PASS,inorganic,68,4112,0.0989,0.6005,33,33,33,false,false,false,true,false,Orthorhombic,0.000e0,0.000e0,0.000e0,2.613e-15,,
9004207,A,PASS,inorganic,32,2642,0.1051,0.1543,62,62,62,false,false,false,true,false,Orthorhombic,0.000e0,0.000e0,0.000e0,6.116e-16,,
9004207,B,PASS,inorganic,32,2642,0.1051,0.3060,62,62,62,false,false,false,true,false,Orthorhombic,0.000e0,0.000e0,0.000e0,6.116e-16,,
9004334,A,SYMMETRY_UNDETERMINED_BOTH,inorganic,30,2859,0.0840,0.1435,NA,NA,176,true,false,false,true,true,Undetermined,0.000e0,0.000e0,0.000e0,3.323e-16,SYMMETRY_UNDETERMINED_BOTH,
9004334,B,LOSS_OCCUPANCY_EXPECTED,inorganic,30,2859,0.0840,0.3515,NA,NA,176,true,false,false,true,true,Undetermined,0.000e0,0.000e0,0.000e0,3.323e-16,LOSS_OCCUPANCY_EXPECTED; SYMMETRY_UNDETERMINED_BOTH,
9004411,A,PASS,inorganic,76,3144,0.0509,0.3392,15,15,15,true,false,false,true,false,Monoclinic,0.000e0,0.000e0,0.000e0,4.458e-15,,
9004411,B,LOSS_OCCUPANCY_EXPECTED,inorganic,76,3144,0.0509,0.6732,15,15,15,true,false,false,true,false,Monoclinic,0.000e0,0.000e0,0.000e0,4.458e-15,LOSS_OCCUPANCY_EXPECTED,
9004452,A,PASS,inorganic,16,2662,0.0366,0.1108,162,162,162,false,false,false,true,false,Trigonal,0.000e0,0.000e0,0.000e0,1.022e-15,,
9004452,B,PASS,inorganic,16,2662,0.0366,0.2140,162,162,162,false,false,false,true,false,Trigonal,0.000e0,0.000e0,0.000e0,1.022e-15,,
9004581,A,PASS,inorganic,192,3962,0.1630,1.1084,36,36,36,false,false,false,true,false,Orthorhombic,0.000e0,0.000e0,0.000e0,3.542e-15,,
9004581,B,PASS,inorganic,192,3962,0.1630,1.6105,36,36,36,false,false,false,true,false,Orthorhombic,0.000e0,0.000e0,0.000e0,3.542e-15,,
9005100,A,SYMMETRY_UNDETERMINED_BOTH,inorganic,154,4231,0.1471,0.6545,NA,NA,12,true,false,false,true,true,Undetermined,0.000e0,0.000e0,0.000e0,2.002e-15,SYMMETRY_UNDETERMINED_BOTH,
9005100,B,LOSS_OCCUPANCY_EXPECTED,inorganic,154,4231,0.1471,1.3791,NA,NA,12,true,false,false,true,true,Undetermined,0.000e0,0.000e0,0.000e0,2.002e-15,LOSS_OCCUPANCY_EXPECTED; SYMMETRY_UNDETERMINED_BOTH,
9005368,A,SYMMETRY_UNDETERMINED_BOTH,inorganic,134,5868,0.1975,0.5795,NA,NA,2,true,false,false,true,true,Undetermined,0.000e0,0.000e0,0.000e0,4.729e-15,SYMMETRY_UNDETERMINED_BOTH,
9005368,B,LOSS_OCCUPANCY_EXPECTED,inorganic,134,5868,0.1975,1.1621,NA,NA,2,true,false,false,true,true,Undetermined,0.000e0,0.000e0,0.000e0,4.729e-15,LOSS_OCCUPANCY_EXPECTED; SYMMETRY_UNDETERMINED_BOTH,
9005375,A,PASS,inorganic,360,4632,0.6198,1.5419,1,1,167,false,false,false,true,false,Triclinic,0.000e0,0.000e0,0.000e0,2.322e-5,,
9005375,B,PASS,inorganic,360,4632,0.6198,3.2519,1,1,167,false,false,false,true,false,Triclinic,0.000e0,0.000e0,0.000e0,2.322e-5,,
9005521,A,PASS,inorganic,78,2963,0.0653,0.4335,5,5,5,false,false,false,true,false,Monoclinic,0.000e0,0.000e0,0.000e0,2.813e-15,,
9005521,B,PASS,inorganic,78,2963,0.0653,0.9405,5,5,5,false,false,false,true,false,Monoclinic,0.000e0,0.000e0,0.000e0,2.813e-15,,
9005848,A,PASS,inorganic,28,2375,0.0552,0.1347,62,62,62,false,false,false,true,false,Orthorhombic,0.000e0,0.000e0,0.000e0,7.349e-16,,
9005848,B,PASS,inorganic,28,2375,0.0552,0.2708,62,62,62,false,false,false,true,false,Orthorhombic,0.000e0,0.000e0,0.000e0,7.349e-16,,
9006088,A,SYMMETRY_UNDETERMINED_BOTH,inorganic,12,4767,0.2699,0.0657,NA,NA,225,true,false,false,true,true,Undetermined,0.000e0,0.000e0,0.000e0,0.000e0,SYMMETRY_UNDETERMINED_BOTH,
9006088,B,LOSS_OCCUPANCY_EXPECTED,inorganic,12,4767,0.2699,0.1357,NA,NA,225,true,false,false,true,true,Undetermined,0.000e0,0.000e0,0.000e0,0.000e0,LOSS_OCCUPANCY_EXPECTED; SYMMETRY_UNDETERMINED_BOTH,
9006141,A,SYMMETRY_UNDETERMINED_BOTH,inorganic,104,5011,0.5364,0.4488,NA,NA,225,true,false,false,true,true,Undetermined,0.000e0,0.000e0,0.000e0,0.000e0,SYMMETRY_UNDETERMINED_BOTH,
9006141,B,LOSS_OCCUPANCY_EXPECTED,inorganic,104,5011,0.5364,0.9022,NA,NA,225,true,false,false,true,true,Undetermined,0.000e0,0.000e0,0.000e0,0.000e0,LOSS_OCCUPANCY_EXPECTED; SYMMETRY_UNDETERMINED_BOTH,
9006142,A,SYMMETRY_UNDETERMINED_BOTH,inorganic,104,5011,0.7671,0.4630,NA,NA,225,true,false,false,true,true,Undetermined,0.000e0,0.000e0,0.000e0,0.000e0,SYMMETRY_UNDETERMINED_BOTH,
9006142,B,LOSS_OCCUPANCY_EXPECTED,inorganic,104,5011,0.7671,0.9182,NA,NA,225,true,false,false,true,true,Undetermined,0.000e0,0.000e0,0.000e0,0.000e0,LOSS_OCCUPANCY_EXPECTED; SYMMETRY_UNDETERMINED_BOTH,
9006216,A,PASS,inorganic,56,5394,0.5437,0.2553,227,227,227,false,false,false,true,false,Cubic,0.000e0,0.000e0,0.000e0,1.555e-15,,
9006216,B,PASS,inorganic,56,5394,0.5437,0.5031,227,227,227,false,false,false,true,false,Cubic,0.000e0,0.000e0,0.000e0,1.555e-15,,
9006300,A,PASS,inorganic,12,2269,0.0292,0.0882,1,1,1,false,false,false,true,false,Triclinic,0.000e0,0.000e0,0.000e0,0.000e0,,
9006300,B,PASS,inorganic,12,2269,0.0292,0.1753,1,1,1,false,false,false,true,false,Triclinic,0.000e0,0.000e0,0.000e0,0.000e0,,
9006352,A,SYMMETRY_UNDETERMINED_BOTH,inorganic,24,2716,0.1377,0.1397,NA,NA,140,true,false,false,true,true,Undetermined,0.000e0,0.000e0,0.000e0,6.486e-16,SYMMETRY_UNDETERMINED_BOTH,
9006352,B,LOSS_OCCUPANCY_EXPECTED,inorganic,24,2716,0.1377,0.2345,NA,NA,140,true,false,false,true,true,Undetermined,0.000e0,0.000e0,0.000e0,6.486e-16,LOSS_OCCUPANCY_EXPECTED; SYMMETRY_UNDETERMINED_BOTH,
9006371,A,PASS,inorganic,8,4613,0.2617,0.0758,225,225,225,false,false,false,true,false,Cubic,0.000e0,0.000e0,0.000e0,0.000e0,,
9006371,B,PASS,inorganic,8,4613,0.2617,0.1053,225,225,225,false,false,false,true,false,Cubic,0.000e0,0.000e0,0.000e0,0.000e0,,
9006476,A,PASS,inorganic,8,4637,0.1977,0.0924,225,225,225,false,false,false,true,false,Cubic,0.000e0,0.000e0,0.000e0,0.000e0,,
9006476,B,PASS,inorganic,8,4637,0.1977,0.1405,225,225,225,false,false,false,true,false,Cubic,0.000e0,0.000e0,0.000e0,0.000e0,,
9006982,A,SYMMETRY_UNDETERMINED_BOTH,inorganic,42,2723,0.1212,0.2061,NA,NA,148,true,false,false,true,true,Undetermined,0.000e0,0.000e0,0.000e0,5.520e-6,SYMMETRY_UNDETERMINED_BOTH,
9006982,B,LOSS_OCCUPANCY_EXPECTED,inorganic,42,2723,0.1212,0.3935,NA,NA,148,true,false,false,true,true,Undetermined,0.000e0,0.000e0,0.000e0,5.520e-6,LOSS_OCCUPANCY_EXPECTED; SYMMETRY_UNDETERMINED_BOTH,
9007331,A,SYMMETRY_UNDETERMINED_BOTH,inorganic,56,3073,0.0546,0.2420,NA,NA,82,true,false,false,true,true,Undetermined,0.000e0,0.000e0,0.000e0,1.037e-15,SYMMETRY_UNDETERMINED_BOTH,
9007331,B,LOSS_OCCUPANCY_EXPECTED,inorganic,56,3073,0.0546,0.5110,NA,NA,82,true,false,false,true,true,Undetermined,0.000e0,0.000e0,0.000e0,1.037e-15,LOSS_OCCUPANCY_EXPECTED; SYMMETRY_UNDETERMINED_BOTH,
9007494,A,PASS,inorganic,2,2801,0.0600,0.0247,221,221,221,false,false,false,true,false,Cubic,0.000e0,0.000e0,0.000e0,0.000e0,,
9007494,B,PASS,inorganic,2,2801,0.0600,0.0519,221,221,221,false,false,false,true,false,Cubic,0.000e0,0.000e0,0.000e0,0.000e0,,
9007567,A,PASS,inorganic,42,2955,0.1064,0.2816,166,166,166,true,false,false,true,false,Trigonal,0.000e0,0.000e0,0.000e0,4.005e-6,,
9007567,B,LOSS_OCCUPANCY_EXPECTED,inorganic,42,2955,0.1064,0.5755,166,166,166,true,false,false,true,false,Trigonal,0.000e0,0.000e0,0.000e0,4.005e-6,LOSS_OCCUPANCY_EXPECTED,
9007690,A,PASS,inorganic,30,3236,0.0830,0.1573,167,167,167,false,false,false,true,false,Trigonal,0.000e0,0.000e0,0.000e0,5.896e-6,,
9007690,B,PASS,inorganic,30,3236,0.0830,0.2833,167,167,167,false,false,false,true,false,Trigonal,0.000e0,0.000e0,0.000e0,5.896e-6,,
9007905,A,PASS,inorganic,30,2989,0.0528,0.2398,185,185,185,false,false,false,true,false,Hexagonal,0.000e0,0.000e0,0.000e0,1.213e-15,,
9007905,B,PASS,inorganic,30,2989,0.0528,0.2835,185,185,185,false,false,false,true,false,Hexagonal,0.000e0,0.000e0,0.000e0,1.213e-15,,
9007957,A,PASS,inorganic,120,3655,0.0819,0.5160,61,61,61,false,false,false,true,false,Orthorhombic,0.000e0,0.000e0,0.000e0,4.361e-15,,
9007957,B,PASS,inorganic,120,3655,0.0819,1.0233,61,61,61,false,false,false,true,false,Orthorhombic,0.000e0,0.000e0,0.000e0,4.361e-15,,
9008081,A,PASS,inorganic,30,2725,0.0581,0.3077,167,167,167,false,false,false,true,false,Trigonal,0.000e0,0.000e0,0.000e0,5.128e-6,,
9008081,B,PASS,inorganic,30,2725,0.0581,0.5151,167,167,167,false,false,false,true,false,Trigonal,0.000e0,0.000e0,0.000e0,5.128e-6,,
9008107,A,SYMMETRY_UNDETERMINED_BOTH,inorganic,96,2947,0.0757,0.5328,NA,NA,59,true,false,false,true,true,Undetermined,0.000e0,0.000e0,0.000e0,2.208e-15,SYMMETRY_UNDETERMINED_BOTH,
9008107,B,LOSS_OCCUPANCY_EXPECTED,inorganic,96,2947,0.0757,0.9746,NA,NA,59,true,false,false,true,true,Undetermined,0.000e0,0.000e0,0.000e0,2.208e-15,LOSS_OCCUPANCY_EXPECTED; SYMMETRY_UNDETERMINED_BOTH,
9008381,A,PASS,inorganic,30,3825,0.0883,0.1821,12,12,12,true,false,false,true,false,Monoclinic,0.000e0,0.000e0,0.000e0,8.662e-16,,
9008381,B,LOSS_OCCUPANCY_EXPECTED,inorganic,30,3825,0.0883,0.5610,12,12,12,true,false,false,true,false,Monoclinic,0.000e0,0.000e0,0.000e0,8.662e-16,LOSS_OCCUPANCY_EXPECTED,
9008388,A,PASS,inorganic,12,2447,0.0933,0.1440,194,194,194,false,false,false,true,false,Hexagonal,0.000e0,0.000e0,0.000e0,4.210e-16,,
9008388,B,PASS,inorganic,12,2447,0.0933,0.1936,194,194,194,false,false,false,true,false,Hexagonal,0.000e0,0.000e0,0.000e0,4.210e-16,,
9008460,A,PASS,inorganic,4,4512,0.1611,0.0359,225,225,225,false,false,false,true,false,Cubic,0.000e0,0.000e0,0.000e0,0.000e0,,
9008460,B,PASS,inorganic,4,4512,0.1611,0.0764,225,225,225,false,false,false,true,false,Cubic,0.000e0,0.000e0,0.000e0,0.000e0,,
9008532,A,PASS,inorganic,2,3328,0.0670,0.0359,229,229,229,false,false,false,true,false,Cubic,0.000e0,0.000e0,0.000e0,0.000e0,,
9008532,B,PASS,inorganic,2,3328,0.0670,0.0726,229,229,229,false,false,false,true,false,Cubic,0.000e0,0.000e0,0.000e0,0.000e0,,
9008596,A,PASS,inorganic,8,4522,0.3208,0.0507,225,225,225,false,false,false,true,false,Cubic,0.000e0,0.000e0,0.000e0,0.000e0,,
9008596,B,PASS,inorganic,8,4522,0.3208,0.1198,225,225,225,false,false,false,true,false,Cubic,0.000e0,0.000e0,0.000e0,0.000e0,,
9008707,A,PASS,inorganic,8,4547,0.2020,0.0505,225,225,225,false,false,false,true,false,Cubic,0.000e0,0.000e0,0.000e0,0.000e0,,
9008707,B,PASS,inorganic,8,4547,0.2020,0.1020,225,225,225,false,false,false,true,false,Cubic,0.000e0,0.000e0,0.000e0,0.000e0,,
9008733,A,PASS,inorganic,8,4544,0.2074,0.0695,225,225,225,false,false,false,true,false,Cubic,0.000e0,0.000e0,0.000e0,0.000e0,,
9008733,B,PASS,inorganic,8,4544,0.2074,0.1383,225,225,225,false,false,false,true,false,Cubic,0.000e0,0.000e0,0.000e0,0.000e0,,
9008806,A,PASS,inorganic,2,2443,0.0505,0.0356,221,221,221,false,false,false,true,false,Cubic,0.000e0,0.000e0,0.000e0,0.000e0,,
9008806,B,PASS,inorganic,2,2443,0.0505,0.0529,221,221,221,false,false,false,true,false,Cubic,0.000e0,0.000e0,0.000e0,0.000e0,,
9008853,A,PASS,inorganic,8,3262,0.1152,0.1153,216,216,216,false,false,false,true,false,Cubic,0.000e0,0.000e0,0.000e0,0.000e0,,
9008853,B,PASS,inorganic,8,3262,0.1152,0.1261,216,216,216,false,false,false,true,false,Cubic,0.000e0,0.000e0,0.000e0,0.000e0,,
9008868,A,PASS,inorganic,4,2138,0.0257,0.0452,186,186,186,false,false,false,true,false,Hexagonal,0.000e0,0.000e0,0.000e0,1.765e-16,,
9008868,B,PASS,inorganic,4,2138,0.0257,0.0944,186,186,186,false,false,false,true,false,Hexagonal,0.000e0,0.000e0,0.000e0,1.765e-16,,
9008876,A,PASS,inorganic,4,2176,0.0298,0.0351,186,186,186,false,false,false,true,false,Hexagonal,0.000e0,0.000e0,0.000e0,3.386e-16,,
9008876,B,PASS,inorganic,4,2176,0.0298,0.0701,186,186,186,false,false,false,true,false,Hexagonal,0.000e0,0.000e0,0.000e0,3.386e-16,,
9009361,A,SYMMETRY_UNDETERMINED_BOTH,inorganic,90,4652,0.3493,0.3918,NA,NA,166,true,false,false,true,true,Undetermined,0.000e0,0.000e0,0.000e0,6.752e-6,SYMMETRY_UNDETERMINED_BOTH,
9009361,B,LOSS_OCCUPANCY_EXPECTED,inorganic,90,4652,0.3493,0.7880,NA,NA,166,true,false,false,true,true,Undetermined,0.000e0,0.000e0,0.000e0,6.752e-6,LOSS_OCCUPANCY_EXPECTED; SYMMETRY_UNDETERMINED_BOTH,
9009668,A,PASS,inorganic,30,2974,0.1386,0.1517,167,167,167,false,false,false,true,false,Trigonal,0.000e0,0.000e0,0.000e0,6.378e-6,,
9009668,B,PASS,inorganic,30,2974,0.1386,0.2931,167,167,167,false,false,false,true,false,Trigonal,0.000e0,0.000e0,0.000e0,6.378e-6,,
9009703,A,PASS,inorganic,156,4461,0.1081,0.8751,15,15,15,false,false,false,true,false,Monoclinic,0.000e0,0.000e0,0.000e0,2.606e-15,,
9009703,B,PASS,inorganic,156,4461,0.1081,1.7008,15,15,15,false,false,false,true,false,Monoclinic,0.000e0,0.000e0,0.000e0,2.606e-15,,
9009748,A,PASS,inorganic,20,2590,0.0227,0.1001,56,56,56,false,false,false,true,false,Orthorhombic,0.000e0,0.000e0,0.000e0,6.911e-16,,
9009748,B,PASS,inorganic,20,2590,0.0227,0.1992,56,56,56,false,false,false,true,false,Orthorhombic,0.000e0,0.000e0,0.000e0,6.911e-16,,
9009960,A,SYMMETRY_UNDETERMINED_BOTH,inorganic,208,3626,0.2819,0.8925,NA,NA,220,true,false,false,true,true,Undetermined,0.000e0,0.000e0,0.000e0,3.096e-15,SYMMETRY_UNDETERMINED_BOTH,
9009960,B,LOSS_OCCUPANCY_EXPECTED,inorganic,208,3626,0.2819,1.7057,NA,NA,220,true,false,false,true,true,Undetermined,0.000e0,0.000e0,0.000e0,3.096e-15,LOSS_OCCUPANCY_EXPECTED; SYMMETRY_UNDETERMINED_BOTH,
9009967,A,SYMMETRY_UNDETERMINED_BOTH,inorganic,106,3306,0.2137,0.4892,NA,NA,192,true,false,false,true,true,Undetermined,0.000e0,0.000e0,0.000e0,1.570e-15,SYMMETRY_UNDETERMINED_BOTH,
9009967,B,LOSS_OCCUPANCY_EXPECTED,inorganic,106,3306,0.2137,0.9135,NA,NA,192,true,false,false,true,true,Undetermined,0.000e0,0.000e0,0.000e0,1.570e-15,LOSS_OCCUPANCY_EXPECTED; SYMMETRY_UNDETERMINED_BOTH,
9010015,A,PASS,inorganic,152,3506,0.1211,0.9711,15,15,15,false,false,false,true,false,Monoclinic,0.000e0,0.000e0,0.000e0,5.430e-15,,
9010015,B,PASS,inorganic,152,3506,0.1211,1.8838,15,15,15,false,false,false,true,false,Monoclinic,0.000e0,0.000e0,0.000e0,5.430e-15,,
9010018,A,SYMMETRY_UNDETERMINED_BOTH,inorganic,136,4332,0.0896,0.5950,NA,NA,2,true,false,false,true,true,Undetermined,0.000e0,0.000e0,0.000e0,2.679e-15,SYMMETRY_UNDETERMINED_BOTH,
9010018,B,LOSS_OCCUPANCY_EXPECTED,inorganic,136,4332,0.0896,1.1589,NA,NA,2,true,false,false,true,true,Undetermined,0.000e0,0.000e0,0.000e0,2.679e-15,LOSS_OCCUPANCY_EXPECTED; SYMMETRY_UNDETERMINED_BOTH,
9010134,A,SYMMETRY_UNDETERMINED_BOTH,inorganic,52,3412,0.0558,0.2540,NA,NA,176,true,false,false,true,true,Undetermined,0.000e0,0.000e0,0.000e0,1.347e-15,SYMMETRY_UNDETERMINED_BOTH,
9010134,B,LOSS_OCCUPANCY_EXPECTED,inorganic,52,3412,0.0558,0.4971,NA,NA,176,true,false,false,true,true,Undetermined,0.000e0,0.000e0,0.000e0,1.347e-15,LOSS_OCCUPANCY_EXPECTED; SYMMETRY_UNDETERMINED_BOTH,
9010152,A,SYMMETRY_UNDETERMINED_BOTH,inorganic,31,3281,0.0523,0.2154,NA,NA,147,true,false,false,true,true,Undetermined,0.000e0,0.000e0,0.000e0,1.183e-15,SYMMETRY_UNDETERMINED_BOTH,
9010152,B,LOSS_OCCUPANCY_EXPECTED,inorganic,31,3281,0.0523,0.3263,NA,NA,147,true,false,false,true,true,Undetermined,0.000e0,0.000e0,0.000e0,1.183e-15,LOSS_OCCUPANCY_EXPECTED; SYMMETRY_UNDETERMINED_BOTH,
9010360,A,PASS,inorganic,20,2524,0.0268,0.1144,36,36,36,false,false,false,true,false,Orthorhombic,0.000e0,0.000e0,0.000e0,1.340e-15,,
9010360,B,PASS,inorganic,20,2524,0.0268,0.2005,36,36,36,false,false,false,true,false,Orthorhombic,0.000e0,0.000e0,0.000e0,1.340e-15,,
9010390,A,PASS,inorganic,52,2607,0.0569,0.3535,62,62,62,true,false,false,true,false,Orthorhombic,0.000e0,0.000e0,0.000e0,1.980e-15,,
9010390,B,LOSS_OCCUPANCY_EXPECTED,inorganic,52,2607,0.0569,0.7029,62,62,62,true,false,false,true,false,Orthorhombic,0.000e0,0.000e0,0.000e0,1.980e-15,LOSS_OCCUPANCY_EXPECTED,
9010507,A,SYMMETRY_UNDETERMINED_BOTH,inorganic,140,4292,0.1608,0.6009,NA,NA,87,true,false,false,true,true,Undetermined,0.000e0,0.000e0,0.000e0,3.021e-15,SYMMETRY_UNDETERMINED_BOTH,
9010507,B,LOSS_OCCUPANCY_EXPECTED,inorganic,140,4292,0.1608,1.3636,NA,NA,87,true,false,false,true,true,Undetermined,0.000e0,0.000e0,0.000e0,3.021e-15,LOSS_OCCUPANCY_EXPECTED; SYMMETRY_UNDETERMINED_BOTH,
9010605,A,SYMMETRY_UNDETERMINED_BOTH,inorganic,280,3797,0.4022,1.2835,NA,NA,223,true,false,false,true,true,Undetermined,0.000e0,0.000e0,0.000e0,2.265e-15,SYMMETRY_UNDETERMINED_BOTH,
9010605,B,LOSS_OCCUPANCY_EXPECTED,inorganic,280,3797,0.4022,2.4857,NA,NA,223,true,false,false,true,true,Undetermined,0.000e0,0.000e0,0.000e0,2.265e-15,LOSS_OCCUPANCY_EXPECTED; SYMMETRY_UNDETERMINED_BOTH,
9010621,A,SYMMETRY_UNDETERMINED_BOTH,inorganic,512,9384,0.6668,2.2247,NA,NA,15,true,false,false,true,true,Undetermined,0.000e0,0.000e0,0.000e0,6.017e-15,SYMMETRY_UNDETERMINED_BOTH,
9010621,B,LOSS_OCCUPANCY_EXPECTED,inorganic,512,9384,0.6668,4.1621,NA,NA,15,true,false,false,true,true,Undetermined,0.000e0,0.000e0,0.000e0,6.017e-15,LOSS_OCCUPANCY_EXPECTED; SYMMETRY_UNDETERMINED_BOTH,
9010791,A,SYMMETRY_UNDETERMINED_BOTH,inorganic,76,2678,0.1348,0.7107,NA,NA,130,true,false,false,true,true,Undetermined,0.000e0,0.000e0,0.000e0,9.178e-16,SYMMETRY_UNDETERMINED_BOTH,
9010791,B,LOSS_OCCUPANCY_EXPECTED,inorganic,76,2678,0.1348,0.6742,NA,NA,130,true,false,false,true,true,Undetermined,0.000e0,0.000e0,0.000e0,9.178e-16,LOSS_OCCUPANCY_EXPECTED; SYMMETRY_UNDETERMINED_BOTH,
9010870,A,SYMMETRY_UNDETERMINED_BOTH,inorganic,74,3229,0.1494,0.3266,NA,NA,12,true,false,false,true,true,Undetermined,0.000e0,0.000e0,0.000e0,1.148e-15,SYMMETRY_UNDETERMINED_BOTH,
9010870,B,LOSS_OCCUPANCY_EXPECTED,inorganic,74,3229,0.1494,0.6760,NA,NA,12,true,false,false,true,true,Undetermined,0.000e0,0.000e0,0.000e0,1.148e-15,LOSS_OCCUPANCY_EXPECTED; SYMMETRY_UNDETERMINED_BOTH,
9010900,A,PASS,inorganic,9,2363,0.0315,0.0521,164,164,164,true,false,false,true,false,Trigonal,0.000e0,0.000e0,0.000e0,5.413e-16,,
9010900,B,LOSS_OCCUPANCY_EXPECTED,inorganic,9,2363,0.0315,0.1331,164,164,164,true,false,false,true,false,Trigonal,0.000e0,0.000e0,0.000e0,5.413e-16,LOSS_OCCUPANCY_EXPECTED,
9011076,A,PASS,inorganic,84,2804,0.1059,0.4778,63,63,63,false,false,false,true,false,Orthorhombic,0.000e0,0.000e0,0.000e0,3.360e-15,,
9011076,B,PASS,inorganic,84,2804,0.1059,0.7478,63,63,63,false,false,false,true,false,Orthorhombic,0.000e0,0.000e0,0.000e0,3.360e-15,,
9011181,A,PASS,inorganic,30,3079,0.0705,0.1447,167,167,167,false,false,false,true,false,Trigonal,0.000e0,0.000e0,0.000e0,5.257e-6,,
9011181,B,PASS,inorganic,30,3079,0.0705,0.2843,167,167,167,false,false,false,true,false,Trigonal,0.000e0,0.000e0,0.000e0,5.257e-6,,
9011208,A,PASS,inorganic,58,3187,0.0511,0.3268,2,2,2,false,false,false,true,false,Triclinic,0.000e0,0.000e0,0.000e0,2.751e-15,,
9011208,B,PASS,inorganic,58,3187,0.0511,0.6593,2,2,2,false,false,false,true,false,Triclinic,0.000e0,0.000e0,0.000e0,2.751e-15,,
9011215,A,PASS,inorganic,17,2959,0.0266,0.0928,2,2,2,false,false,false,true,false,Triclinic,0.000e0,0.000e0,0.000e0,2.087e-15,,
9011215,B,PASS,inorganic,17,2959,0.0266,0.1914,2,2,2,false,false,false,true,false,Triclinic,0.000e0,0.000e0,0.000e0,2.087e-15,,
9011225,A,PASS,inorganic,84,4843,0.0786,0.3612,14,14,14,false,false,false,true,false,Monoclinic,0.000e0,0.000e0,0.000e0,4.352e-15,,
9011225,B,PASS,inorganic,84,4843,0.0786,0.7292,14,14,14,false,false,false,true,false,Monoclinic,0.000e0,0.000e0,0.000e0,4.352e-15,,
9011268,A,PASS,inorganic,74,3221,0.0826,0.3257,197,197,197,true,false,false,true,false,Cubic,0.000e0,0.000e0,0.000e0,3.198e-15,,
9011268,B,LOSS_OCCUPANCY_EXPECTED,inorganic,74,3221,0.0826,0.6463,197,197,197,true,false,false,true,false,Cubic,0.000e0,0.000e0,0.000e0,3.198e-15,LOSS_OCCUPANCY_EXPECTED,
9011433,A,PASS,inorganic,50,2982,0.0507,0.2916,4,4,4,false,false,false,true,false,Monoclinic,0.000e0,0.000e0,0.000e0,1.720e-15,,
9011433,B,PASS,inorganic,50,2982,0.0507,0.5822,4,4,4,false,false,false,true,false,Monoclinic,0.000e0,0.000e0,0.000e0,1.720e-15,,
9011629,A,PASS,inorganic,8,5316,0.1387,0.0532,227,227,227,false,false,false,true,false,Cubic,0.000e0,0.000e0,0.000e0,0.000e0,,
9011629,B,PASS,inorganic,8,5316,0.1387,0.1009,227,227,227,false,false,false,true,false,Cubic,0.000e0,0.000e0,0.000e0,0.000e0,,
9011920,A,PASS,inorganic,44,2882,0.0478,0.2556,15,15,15,false,false,false,true,false,Monoclinic,0.000e0,0.000e0,0.000e0,1.643e-15,,
9011920,B,PASS,inorganic,44,2882,0.0478,0.4297,15,15,15,false,false,false,true,false,Monoclinic,0.000e0,0.000e0,0.000e0,1.643e-15,,
9012024,A,PASS,inorganic,2,2468,0.0434,0.0375,194,194,194,false,false,false,true,false,Hexagonal,0.000e0,0.000e0,0.000e0,3.406e-16,,
9012024,B,PASS,inorganic,2,2468,0.0434,0.0738,194,194,194,false,false,false,true,false,Hexagonal,0.000e0,0.000e0,0.000e0,3.406e-16,,
9012059,A,PASS,inorganic,42,2645,0.1076,0.2513,189,189,189,false,false,false,true,false,Hexagonal,0.000e0,0.000e0,0.000e0,1.333e-15,,
9012059,B,PASS,inorganic,42,2645,0.1076,0.4060,189,189,189,false,false,false,true,false,Hexagonal,0.000e0,0.000e0,0.000e0,1.333e-15,,
9012099,A,SYMMETRY_UNDETERMINED_BOTH,inorganic,272,6027,0.1833,1.1668,NA,NA,2,true,false,false,true,true,Undetermined,0.000e0,0.000e0,0.000e0,4.807e-15,SYMMETRY_UNDETERMINED_BOTH,
9012099,B,LOSS_OCCUPANCY_EXPECTED,inorganic,272,6027,0.1833,2.3564,NA,NA,2,true,false,false,true,true,Undetermined,0.000e0,0.000e0,0.000e0,4.807e-15,LOSS_OCCUPANCY_EXPECTED; SYMMETRY_UNDETERMINED_BOTH,
9012166,A,SYMMETRY_UNDETERMINED_BOTH,inorganic,96,5429,0.4764,0.5652,NA,NA,227,true,false,false,true,true,Undetermined,0.000e0,0.000e0,0.000e0,0.000e0,SYMMETRY_UNDETERMINED_BOTH,
9012166,B,LOSS_OCCUPANCY_EXPECTED,inorganic,96,5429,0.4764,1.0862,NA,NA,227,true,false,false,true,true,Undetermined,0.000e0,0.000e0,0.000e0,0.000e0,LOSS_OCCUPANCY_EXPECTED; SYMMETRY_UNDETERMINED_BOTH,
9012174,A,SYMMETRY_UNDETERMINED_BOTH,inorganic,96,5428,0.5160,0.5602,NA,NA,227,true,false,false,true,true,Undetermined,0.000e0,0.000e0,0.000e0,0.000e0,SYMMETRY_UNDETERMINED_BOTH,
9012174,B,LOSS_OCCUPANCY_EXPECTED,inorganic,96,5428,0.5160,1.1391,NA,NA,227,true,false,false,true,true,Undetermined,0.000e0,0.000e0,0.000e0,0.000e0,LOSS_OCCUPANCY_EXPECTED; SYMMETRY_UNDETERMINED_BOTH,
9012190,A,PASS,inorganic,18,2374,0.0664,0.1769,136,136,136,false,false,false,true,false,Tetragonal,0.000e0,0.000e0,0.000e0,1.264e-15,,
9012190,B,PASS,inorganic,18,2374,0.0664,0.3914,136,136,136,false,false,false,true,false,Tetragonal,0.000e0,0.000e0,0.000e0,1.264e-15,,
9012336,A,PASS,inorganic,56,5614,0.0791,0.3779,2,2,2,false,false,false,true,false,Triclinic,0.000e0,0.000e0,0.000e0,1.946e-15,,
9012336,B,PASS,inorganic,56,5614,0.0791,0.7303,2,2,2,false,false,false,true,false,Triclinic,0.000e0,0.000e0,0.000e0,1.946e-15,,
9012401,A,PASS,organic_or_metalorganic,56,3281,0.0510,0.2763,14,14,14,false,false,false,true,false,Monoclinic,0.000e0,0.000e0,0.000e0,2.184e-15,,
9012401,B,PASS,organic_or_metalorganic,56,3281,0.0510,0.5131,14,14,14,false,false,false,true,false,Monoclinic,0.000e0,0.000e0,0.000e0,2.184e-15,,
9012460,A,PASS,inorganic,4,4627,0.1617,0.0355,225,225,225,false,false,false,true,false,Cubic,0.000e0,0.000e0,0.000e0,0.000e0,,
9012460,B,PASS,inorganic,4,4627,0.1617,0.0721,225,225,225,false,false,false,true,false,Cubic,0.000e0,0.000e0,0.000e0,0.000e0,,
9012482,A,PASS,inorganic,4,2448,0.0229,0.0472,198,198,198,false,false,false,true,false,Cubic,0.000e0,0.000e0,0.000e0,0.000e0,,
9012482,B,PASS,inorganic,4,2448,0.0229,0.0920,198,198,198,false,false,false,true,false,Cubic,0.000e0,0.000e0,0.000e0,0.000e0,,
9012521,A,PASS,inorganic,100,4364,0.0791,0.5743,9,9,9,false,false,false,true,false,Monoclinic,0.000e0,0.000e0,0.000e0,3.192e-15,,
9012521,B,PASS,inorganic,100,4364,0.0791,1.2934,9,9,9,false,false,false,true,false,Monoclinic,0.000e0,0.000e0,0.000e0,3.192e-15,,
9012686,A,SYMMETRY_UNDETERMINED_BOTH,inorganic,56,3306,0.0600,0.2683,NA,NA,5,true,false,false,true,true,Undetermined,0.000e0,0.000e0,0.000e0,3.998e-15,SYMMETRY_UNDETERMINED_BOTH,
9012686,B,LOSS_OCCUPANCY_EXPECTED,inorganic,56,3306,0.0600,0.5076,NA,NA,5,true,false,false,true,true,Undetermined,0.000e0,0.000e0,0.000e0,3.998e-15,LOSS_OCCUPANCY_EXPECTED; SYMMETRY_UNDETERMINED_BOTH,
9012778,A,PASS,inorganic,160,3912,0.1311,0.6871,9,9,9,false,false,false,true,false,Monoclinic,0.000e0,0.000e0,0.000e0,3.252e-15,,
9012778,B,PASS,inorganic,160,3912,0.1311,1.3611,9,9,9,false,false,false,true,false,Monoclinic,0.000e0,0.000e0,0.000e0,3.252e-15,,
9013299,A,SYMMETRY_UNDETERMINED_BOTH,inorganic,488,7033,0.2885,2.3809,NA,NA,15,true,false,false,true,true,Undetermined,0.000e0,0.000e0,0.000e0,5.892e-15,SYMMETRY_UNDETERMINED_BOTH,
9013299,B,LOSS_OCCUPANCY_EXPECTED,inorganic,488,7033,0.2885,4.3738,NA,NA,15,true,false,false,true,true,Undetermined,0.000e0,0.000e0,0.000e0,5.892e-15,LOSS_OCCUPANCY_EXPECTED; SYMMETRY_UNDETERMINED_BOTH,
9013480,A,PASS,inorganic,2,3421,0.0689,0.0364,229,229,229,false,false,false,true,false,Cubic,0.000e0,0.000e0,0.000e0,0.000e0,,
9013480,B,PASS,inorganic,2,3421,0.0689,0.0701,229,229,229,false,false,false,true,false,Cubic,0.000e0,0.000e0,0.000e0,0.000e0,,
9013486,A,PASS,inorganic,2,3421,0.0744,0.0277,229,229,229,false,false,false,true,false,Cubic,0.000e0,0.000e0,0.000e0,0.000e0,,
9013486,B,PASS,inorganic,2,3421,0.0744,0.0509,229,229,229,false,false,false,true,false,Cubic,0.000e0,0.000e0,0.000e0,0.000e0,,
9013497,A,SYMMETRY_UNDETERMINED_BOTH,inorganic,6,2217,0.0379,0.0708,NA,NA,186,true,false,false,true,true,Undetermined,0.000e0,0.000e0,0.000e0,0.000e0,SYMMETRY_UNDETERMINED_BOTH,
9013497,B,LOSS_OCCUPANCY_EXPECTED,inorganic,6,2217,0.0379,0.1386,NA,NA,186,true,false,false,true,true,Undetermined,0.000e0,0.000e0,0.000e0,0.000e0,LOSS_OCCUPANCY_EXPECTED; SYMMETRY_UNDETERMINED_BOTH,
9013675,A,PASS,inorganic,72,3902,0.0585,0.3553,60,60,60,true,false,false,true,false,Orthorhombic,0.000e0,0.000e0,0.000e0,3.086e-15,,
9013675,B,LOSS_OCCUPANCY_EXPECTED,inorganic,72,3902,0.0585,0.6297,60,60,60,true,false,false,true,false,Orthorhombic,0.000e0,0.000e0,0.000e0,3.086e-15,LOSS_OCCUPANCY_EXPECTED,
9013682,A,SYMMETRY_UNDETERMINED_BOTH,inorganic,46,3561,0.0933,0.2062,NA,NA,11,true,false,false,true,true,Undetermined,0.000e0,0.000e0,0.000e0,2.658e-15,SYMMETRY_UNDETERMINED_BOTH,
9013682,B,LOSS_OCCUPANCY_EXPECTED,inorganic,46,3561,0.0933,0.4168,NA,NA,11,true,false,false,true,true,Undetermined,0.000e0,0.000e0,0.000e0,2.658e-15,LOSS_OCCUPANCY_EXPECTED; SYMMETRY_UNDETERMINED_BOTH,
9013926,A,PASS,inorganic,16,2579,0.0300,0.0834,205,205,205,false,false,false,true,false,Cubic,0.000e0,0.000e0,0.000e0,2.468e-15,,
9013926,B,PASS,inorganic,16,2579,0.0300,0.1653,205,205,205,false,false,false,true,false,Cubic,0.000e0,0.000e0,0.000e0,2.468e-15,,
9013973,A,PASS,inorganic,48,2719,0.0418,0.2192,57,57,57,false,false,false,true,false,Orthorhombic,0.000e0,0.000e0,0.000e0,2.615e-15,,
9013973,B,PASS,inorganic,48,2719,0.0418,0.4302,57,57,57,false,false,false,true,false,Orthorhombic,0.000e0,0.000e0,0.000e0,2.615e-15,,
9014068,A,SYMMETRY_UNDETERMINED_BOTH,inorganic,52,3820,0.1232,0.3140,NA,NA,164,true,false,false,true,true,Undetermined,0.000e0,0.000e0,0.000e0,1.605e-15,SYMMETRY_UNDETERMINED_BOTH,
9014068,B,LOSS_OCCUPANCY_EXPECTED,inorganic,52,3820,0.1232,0.6250,NA,NA,164,true,false,false,true,true,Undetermined,0.000e0,0.000e0,0.000e0,1.605e-15,LOSS_OCCUPANCY_EXPECTED; SYMMETRY_UNDETERMINED_BOTH,
9014142,A,SYMMETRY_UNDETERMINED_BOTH,inorganic,234,3847,0.2067,0.9896,NA,NA,160,true,false,false,true,true,Undetermined,0.000e0,0.000e0,0.000e0,9.445e-6,SYMMETRY_UNDETERMINED_BOTH,
9014142,B,LOSS_OCCUPANCY_EXPECTED,inorganic,234,3847,0.2067,1.9884,NA,NA,160,true,false,false,true,true,Undetermined,0.000e0,0.000e0,0.000e0,9.445e-6,LOSS_OCCUPANCY_EXPECTED; SYMMETRY_UNDETERMINED_BOTH,
9014193,A,PASS,inorganic,80,2470,0.0543,0.3619,199,199,199,false,false,false,true,false,Cubic,0.000e0,0.000e0,0.000e0,3.688e-16,,
9014193,B,PASS,inorganic,80,2470,0.0543,0.7042,199,199,199,false,false,false,true,false,Cubic,0.000e0,0.000e0,0.000e0,3.688e-16,,
9014325,A,PASS,inorganic,56,2496,0.0722,0.2478,14,14,14,false,false,false,true,false,Monoclinic,0.000e0,0.000e0,0.000e0,2.589e-15,,
9014325,B,PASS,inorganic,56,2496,0.0722,0.4972,14,14,14,false,false,false,true,false,Monoclinic,0.000e0,0.000e0,0.000e0,2.589e-15,,
9014373,A,PASS,inorganic,44,2549,0.0767,0.3543,14,14,14,true,false,false,true,false,Monoclinic,0.000e0,0.000e0,0.000e0,2.558e-15,,
9014373,B,LOSS_OCCUPANCY_EXPECTED,inorganic,44,2549,0.0767,0.4128,14,14,14,true,false,false,true,false,Monoclinic,0.000e0,0.000e0,0.000e0,2.558e-15,LOSS_OCCUPANCY_EXPECTED,
9014458,A,SYMMETRY_UNDETERMINED_BOTH,inorganic,213,3803,0.2506,0.9094,NA,NA,160,true,false,false,true,true,Undetermined,0.000e0,0.000e0,0.000e0,9.447e-6,SYMMETRY_UNDETERMINED_BOTH,
9014458,B,LOSS_OCCUPANCY_EXPECTED,inorganic,213,3803,0.2506,1.8265,NA,NA,160,true,false,false,true,true,Undetermined,0.000e0,0.000e0,0.000e0,9.447e-6,LOSS_OCCUPANCY_EXPECTED; SYMMETRY_UNDETERMINED_BOTH,
9014473,A,PASS,inorganic,47,4008,0.0751,0.2783,25,25,25,true,false,false,true,false,Orthorhombic,0.000e0,0.000e0,0.000e0,1.289e-15,,
9014473,B,LOSS_OCCUPANCY_EXPECTED,inorganic,47,4008,0.0751,0.5599,25,25,25,true,false,false,true,false,Orthorhombic,0.000e0,0.000e0,0.000e0,1.289e-15,LOSS_OCCUPANCY_EXPECTED,
9014521,A,SYMMETRY_UNDETERMINED_BOTH,inorganic,28,2648,0.0643,0.2943,NA,NA,136,true,false,false,true,true,Undetermined,0.000e0,0.000e0,0.000e0,1.166e-15,SYMMETRY_UNDETERMINED_BOTH,
9014521,B,LOSS_OCCUPANCY_EXPECTED,inorganic,28,2648,0.0643,0.4268,NA,NA,136,true,false,false,true,true,Undetermined,0.000e0,0.000e0,0.000e0,1.166e-15,LOSS_OCCUPANCY_EXPECTED; SYMMETRY_UNDETERMINED_BOTH,
9014706,A,PASS,inorganic,384,4000,0.3337,1.6538,142,142,142,false,false,false,true,false,Tetragonal,0.000e0,0.000e0,0.000e0,4.744e-15,,
9014706,B,PASS,inorganic,384,4000,0.3337,3.2414,142,142,142,false,false,false,true,false,Tetragonal,0.000e0,0.000e0,0.000e0,4.744e-15,,
9014759,A,SYMMETRY_UNDETERMINED_BOTH,inorganic,232,4645,0.6417,0.9946,NA,NA,230,true,false,false,true,true,Undetermined,0.000e0,0.000e0,0.000e0,1.968e-15,SYMMETRY_UNDETERMINED_BOTH,
9014759,B,LOSS_OCCUPANCY_EXPECTED,inorganic,232,4645,0.6417,1.9904,NA,NA,230,true,false,false,true,true,Undetermined,0.000e0,0.000e0,0.000e0,1.968e-15,LOSS_OCCUPANCY_EXPECTED; SYMMETRY_UNDETERMINED_BOTH,
9014775,A,PASS,inorganic,42,2779,0.0741,0.3877,2,2,2,false,false,false,true,false,Triclinic,0.000e0,0.000e0,0.000e0,1.229e-15,,
9014775,B,PASS,inorganic,42,2779,0.0741,0.4973,2,2,2,false,false,false,true,false,Triclinic,0.000e0,0.000e0,0.000e0,1.229e-15,,
9014894,A,PASS,inorganic,48,2541,0.0821,0.2862,36,36,36,false,false,false,true,false,Orthorhombic,0.000e0,0.000e0,0.000e0,1.113e-15,,
9014894,B,PASS,inorganic,48,2541,0.0821,0.5616,36,36,36,false,false,false,true,false,Orthorhombic,0.000e0,0.000e0,0.000e0,1.113e-15,,
9015216,A,PASS,inorganic,8,2185,0.0243,0.0703,62,62,62,false,false,false,true,false,Orthorhombic,0.000e0,0.000e0,0.000e0,0.000e0,,
9015216,B,PASS,inorganic,8,2185,0.0243,0.1348,62,62,62,false,false,false,true,false,Orthorhombic,0.000e0,0.000e0,0.000e0,0.000e0,,
9015278,A,PASS,inorganic,56,5245,0.3203,0.3154,227,227,227,true,false,false,true,false,Cubic,0.000e0,0.000e0,0.000e0,0.000e0,,
9015278,B,LOSS_OCCUPANCY_EXPECTED,inorganic,56,5245,0.3203,0.9235,227,227,227,true,false,false,true,false,Cubic,0.000e0,0.000e0,0.000e0,0.000e0,LOSS_OCCUPANCY_EXPECTED,
9015370,A,PASS,inorganic,8,4584,0.2014,0.0686,225,225,225,false,false,false,true,false,Cubic,0.000e0,0.000e0,0.000e0,0.000e0,,
9015370,B,PASS,inorganic,8,4584,0.2014,0.1357,225,225,225,false,false,false,true,false,Cubic,0.000e0,0.000e0,0.000e0,0.000e0,,
9015490,A,SYMMETRY_UNDETERMINED_BOTH,inorganic,214,3939,0.4930,0.8873,NA,NA,191,true,false,false,true,true,Undetermined,0.000e0,0.000e0,0.000e0,2.723e-15,SYMMETRY_UNDETERMINED_BOTH,
9015490,B,LOSS_OCCUPANCY_EXPECTED,inorganic,214,3939,0.4930,1.8171,NA,NA,191,true,false,false,true,true,Undetermined,0.000e0,0.000e0,0.000e0,2.723e-15,LOSS_OCCUPANCY_EXPECTED; SYMMETRY_UNDETERMINED_BOTH,
9015555,A,PASS,inorganic,30,2972,0.1252,0.1831,167,167,167,false,false,false,true,false,Trigonal,0.000e0,0.000e0,0.000e0,4.950e-6,,
9015555,B,PASS,inorganic,30,2972,0.1252,0.3656,167,167,167,false,false,false,true,false,Trigonal,0.000e0,0.000e0,0.000e0,4.950e-6,,
9015596,A,PASS,inorganic,72,4817,0.6559,0.3150,225,225,225,false,false,false,true,false,Cubic,0.000e0,0.000e0,0.000e0,1.118e-15,,
9015596,B,PASS,inorganic,72,4817,0.6559,0.6317,225,225,225,false,false,false,true,false,Cubic,0.000e0,0.000e0,0.000e0,1.118e-15,,
9015623,A,SYMMETRY_UNDETERMINED_BOTH,inorganic,92,2610,0.0616,0.3993,NA,NA,15,true,false,false,true,true,Undetermined,0.000e0,0.000e0,0.000e0,2.354e-15,SYMMETRY_UNDETERMINED_BOTH,
9015623,B,LOSS_OCCUPANCY_EXPECTED,inorganic,92,2610,0.0616,0.7995,NA,NA,15,true,false,false,true,true,Undetermined,0.000e0,0.000e0,0.000e0,2.354e-15,LOSS_OCCUPANCY_EXPECTED; SYMMETRY_UNDETERMINED_BOTH,
9015812,A,SYMMETRY_UNDETERMINED_BOTH,inorganic,40,2630,0.0522,0.3997,NA,NA,62,true,false,false,true,true,Undetermined,0.000e0,0.000e0,0.000e0,3.860e-17,SYMMETRY_UNDETERMINED_BOTH,
9015812,B,LOSS_OCCUPANCY_EXPECTED,inorganic,40,2630,0.0522,0.5266,NA,NA,62,true,false,false,true,true,Undetermined,0.000e0,0.000e0,0.000e0,3.860e-17,LOSS_OCCUPANCY_EXPECTED; SYMMETRY_UNDETERMINED_BOTH,
9015843,A,PASS,inorganic,188,4475,0.1627,0.8108,5,5,163,true,false,false,true,false,Monoclinic,0.000e0,0.000e0,0.000e0,3.843e-15,,
9015843,B,LOSS_OCCUPANCY_EXPECTED,inorganic,188,4475,0.1627,1.5827,5,5,163,true,false,false,true,false,Monoclinic,0.000e0,0.000e0,0.000e0,3.843e-15,LOSS_OCCUPANCY_EXPECTED,
9016074,A,SYMMETRY_UNDETERMINED_BOTH,inorganic,48,3651,0.0960,0.2205,NA,NA,164,true,false,false,true,true,Undetermined,0.000e0,0.000e0,0.000e0,1.933e-15,SYMMETRY_UNDETERMINED_BOTH,
9016074,B,LOSS_OCCUPANCY_EXPECTED,inorganic,48,3651,0.0960,0.4407,NA,NA,164,true,false,false,true,true,Undetermined,0.000e0,0.000e0,0.000e0,1.933e-15,LOSS_OCCUPANCY_EXPECTED; SYMMETRY_UNDETERMINED_BOTH,
9016225,A,PASS,inorganic,24,2401,0.0481,0.1595,14,14,14,false,false,false,true,false,Monoclinic,0.000e0,0.000e0,0.000e0,1.379e-15,,
9016225,B,PASS,inorganic,24,2401,0.0481,0.4881,14,14,14,false,false,false,true,false,Monoclinic,0.000e0,0.000e0,0.000e0,1.379e-15,,
9016431,A,SYMMETRY_UNDETERMINED_BOTH,inorganic,36,2749,0.0662,0.2138,NA,NA,161,true,false,false,true,true,Undetermined,0.000e0,0.000e0,0.000e0,5.466e-6,SYMMETRY_UNDETERMINED_BOTH,
9016431,B,LOSS_OCCUPANCY_EXPECTED,inorganic,36,2749,0.0662,0.4383,NA,NA,161,true,false,false,true,true,Undetermined,0.000e0,0.000e0,0.000e0,5.466e-6,LOSS_OCCUPANCY_EXPECTED; SYMMETRY_UNDETERMINED_BOTH,
9016443,A,SYMMETRY_UNDETERMINED_BOTH,inorganic,104,2994,0.1204,0.4463,NA,NA,206,true,false,false,true,true,Undetermined,0.000e0,0.000e0,0.000e0,2.925e-16,SYMMETRY_UNDETERMINED_BOTH,
9016443,B,LOSS_OCCUPANCY_EXPECTED,inorganic,104,2994,0.1204,0.9507,NA,NA,206,true,false,false,true,true,Undetermined,0.000e0,0.000e0,0.000e0,2.925e-16,LOSS_OCCUPANCY_EXPECTED; SYMMETRY_UNDETERMINED_BOTH,
9016540,A,PASS,inorganic,39,4615,0.1147,0.3742,143,143,143,true,false,false,true,false,Trigonal,0.000e0,0.000e0,0.000e0,1.911e-15,,
9016540,B,LOSS_OCCUPANCY_EXPECTED,inorganic,39,4615,0.1147,0.4390,143,143,143,true,false,false,true,false,Trigonal,0.000e0,0.000e0,0.000e0,1.911e-15,LOSS_OCCUPANCY_EXPECTED,
9016546,A,PASS,inorganic,6,2174,0.0301,0.0795,58,58,58,false,false,false,true,false,Orthorhombic,0.000e0,0.000e0,0.000e0,1.161e-15,,
9016546,B,PASS,inorganic,6,2174,0.0301,0.1478,58,58,58,false,false,false,true,false,Orthorhombic,0.000e0,0.000e0,0.000e0,1.161e-15,,
9016575,A,SYMMETRY_UNDETERMINED_BOTH,inorganic,72,3352,0.0812,0.4892,NA,NA,173,true,false,false,true,true,Undetermined,0.000e0,0.000e0,0.000e0,2.854e-15,SYMMETRY_UNDETERMINED_BOTH,
9016575,B,LOSS_OCCUPANCY_EXPECTED,inorganic,72,3352,0.0812,0.6724,NA,NA,173,true,false,false,true,true,Undetermined,0.000e0,0.000e0,0.000e0,2.854e-15,LOSS_OCCUPANCY_EXPECTED; SYMMETRY_UNDETERMINED_BOTH,
9016632,A,SYMMETRY_UNDETERMINED_BOTH,inorganic,96,3691,0.1176,0.4148,NA,NA,12,true,false,false,true,true,Undetermined,0.000e0,0.000e0,0.000e0,1.985e-15,SYMMETRY_UNDETERMINED_BOTH,
9016632,B,LOSS_OCCUPANCY_EXPECTED,inorganic,96,3691,0.1176,0.9077,NA,NA,12,true,false,false,true,true,Undetermined,0.000e0,0.000e0,0.000e0,1.985e-15,LOSS_OCCUPANCY_EXPECTED; SYMMETRY_UNDETERMINED_BOTH,
9016704,A,SYMMETRY_UNDETERMINED_BOTH,inorganic,624,10140,0.4354,2.6685,NA,NA,20,true,false,false,true,true,Undetermined,0.000e0,0.000e0,0.000e0,9.877e-15,SYMMETRY_UNDETERMINED_BOTH,
9016704,B,LOSS_OCCUPANCY_EXPECTED,inorganic,624,10140,0.4354,5.2787,NA,NA,20,true,false,false,true,true,Undetermined,0.000e0,0.000e0,0.000e0,9.877e-15,LOSS_OCCUPANCY_EXPECTED; SYMMETRY_UNDETERMINED_BOTH,
9016820,A,SYMMETRY_UNDETERMINED_BOTH,inorganic,12,5050,0.2696,0.0904,NA,NA,225,true,false,false,true,true,Undetermined,0.000e0,0.000e0,0.000e0,0.000e0,SYMMETRY_UNDETERMINED_BOTH,
9016820,B,LOSS_OCCUPANCY_EXPECTED,inorganic,12,5050,0.2696,0.3319,NA,NA,225,true,false,false,true,true,Undetermined,0.000e0,0.000e0,0.000e0,0.000e0,LOSS_OCCUPANCY_EXPECTED; SYMMETRY_UNDETERMINED_BOTH,
9016989,A,PASS,organic_or_metalorganic,112,3924,0.1024,0.6712,87,87,87,true,false,false,true,false,Tetragonal,0.000e0,0.000e0,0.000e0,1.432e-15,,
9016989,B,LOSS_OCCUPANCY_EXPECTED,organic_or_metalorganic,112,3924,0.1024,1.2498,87,87,87,true,false,false,true,false,Tetragonal,0.000e0,0.000e0,0.000e0,1.432e-15,LOSS_OCCUPANCY_EXPECTED,
9017016,A,PASS,inorganic,12,2445,0.0571,0.0822,62,62,62,false,false,false,true,false,Orthorhombic,0.000e0,0.000e0,0.000e0,1.385e-15,,
9017016,B,PASS,inorganic,12,2445,0.0571,0.1863,62,62,62,false,false,false,true,false,Orthorhombic,0.000e0,0.000e0,0.000e0,1.385e-15,,
9017057,A,SYMMETRY_UNDETERMINED_BOTH,inorganic,28,3320,0.0463,0.1853,NA,NA,62,true,false,false,true,true,Undetermined,0.000e0,0.000e0,0.000e0,1.338e-16,SYMMETRY_UNDETERMINED_BOTH,
9017057,B,LOSS_OCCUPANCY_EXPECTED,inorganic,28,3320,0.0463,0.3798,NA,NA,62,true,false,false,true,true,Undetermined,0.000e0,0.000e0,0.000e0,1.338e-16,LOSS_OCCUPANCY_EXPECTED; SYMMETRY_UNDETERMINED_BOTH,
9017088,A,SYMMETRY_UNDETERMINED_BOTH,inorganic,124,4516,0.1012,0.5285,NA,NA,12,true,false,false,true,true,Undetermined,0.000e0,0.000e0,0.000e0,2.740e-15,SYMMETRY_UNDETERMINED_BOTH,
9017088,B,LOSS_OCCUPANCY_EXPECTED,inorganic,124,4516,0.1012,1.0780,NA,NA,12,true,false,false,true,true,Undetermined,0.000e0,0.000e0,0.000e0,2.740e-15,LOSS_OCCUPANCY_EXPECTED; SYMMETRY_UNDETERMINED_BOTH,
9017102,A,SYMMETRY_UNDETERMINED_BOTH,inorganic,36,3455,0.0697,0.1727,NA,NA,167,true,false,false,true,true,Undetermined,0.000e0,0.000e0,0.000e0,5.925e-6,SYMMETRY_UNDETERMINED_BOTH,
9017102,B,LOSS_OCCUPANCY_EXPECTED,inorganic,36,3455,0.0697,0.3339,NA,NA,167,true,false,false,true,true,Undetermined,0.000e0,0.000e0,0.000e0,5.925e-6,LOSS_OCCUPANCY_EXPECTED; SYMMETRY_UNDETERMINED_BOTH,
9017159,A,SYMMETRY_UNDETERMINED_BOTH,inorganic,52,5934,0.0548,0.2272,NA,NA,2,true,false,false,true,true,Undetermined,0.000e0,0.000e0,0.000e0,1.198e-15,SYMMETRY_UNDETERMINED_BOTH,
9017159,B,LOSS_OCCUPANCY_EXPECTED,inorganic,52,5934,0.0548,0.4899,NA,NA,2,true,false,false,true,true,Undetermined,0.000e0,0.000e0,0.000e0,1.198e-15,LOSS_OCCUPANCY_EXPECTED; SYMMETRY_UNDETERMINED_BOTH,
9017220,A,SYMMETRY_UNDETERMINED_BOTH,inorganic,72,4203,0.0679,0.3870,NA,NA,12,true,false,false,true,true,Undetermined,0.000e0,0.000e0,0.000e0,2.881e-15,SYMMETRY_UNDETERMINED_BOTH,
9017220,B,LOSS_OCCUPANCY_EXPECTED,inorganic,72,4203,0.0679,0.6257,NA,NA,12,true,false,false,true,true,Undetermined,0.000e0,0.000e0,0.000e0,2.881e-15,LOSS_OCCUPANCY_EXPECTED; SYMMETRY_UNDETERMINED_BOTH,
9017244,A,SYMMETRY_UNDETERMINED_BOTH,inorganic,52,3697,0.0401,0.2320,NA,NA,2,true,false,false,true,true,Undetermined,0.000e0,0.000e0,0.000e0,1.781e-15,SYMMETRY_UNDETERMINED_BOTH,
9017244,B,LOSS_OCCUPANCY_EXPECTED,inorganic,52,3697,0.0401,0.4709,NA,NA,2,true,false,false,true,true,Undetermined,0.000e0,0.000e0,0.000e0,1.781e-15,LOSS_OCCUPANCY_EXPECTED; SYMMETRY_UNDETERMINED_BOTH,
9017328,A,PASS,inorganic,50,2796,0.1288,0.3140,1,1,176,true,false,false,true,false,Triclinic,0.000e0,0.000e0,0.000e0,2.270e-15,,
9017328,B,LOSS_OCCUPANCY_EXPECTED,inorganic,50,2796,0.1288,0.5807,1,1,176,true,false,false,true,false,Triclinic,0.000e0,0.000e0,0.000e0,2.270e-15,LOSS_OCCUPANCY_EXPECTED,
9017467,A,SYMMETRY_UNDETERMINED_BOTH,inorganic,96,3846,0.2168,0.5551,NA,NA,192,true,false,false,true,true,Undetermined,0.000e0,0.000e0,0.000e0,2.193e-15,SYMMETRY_UNDETERMINED_BOTH,
9017467,B,LOSS_OCCUPANCY_EXPECTED,inorganic,96,3846,0.2168,0.8376,NA,NA,192,true,false,false,true,true,Undetermined,0.000e0,0.000e0,0.000e0,2.193e-15,LOSS_OCCUPANCY_EXPECTED; SYMMETRY_UNDETERMINED_BOTH,
9017654,A,SYMMETRY_UNDETERMINED_BOTH,inorganic,117,4309,0.2912,0.6670,NA,NA,166,true,false,false,true,true,Undetermined,0.000e0,0.000e0,0.000e0,7.088e-6,SYMMETRY_UNDETERMINED_BOTH,
9017654,B,LOSS_OCCUPANCY_EXPECTED,inorganic,117,4309,0.2912,1.3531,NA,NA,166,true,false,false,true,true,Undetermined,0.000e0,0.000e0,0.000e0,7.088e-6,LOSS_OCCUPANCY_EXPECTED; SYMMETRY_UNDETERMINED_BOTH,
9017770,A,PASS,inorganic,4,2638,0.0588,0.0661,194,194,194,true,false,false,true,false,Hexagonal,0.000e0,0.000e0,0.000e0,2.656e-16,,
9017770,B,LOSS_OCCUPANCY_EXPECTED,inorganic,4,2638,0.0588,0.0699,194,194,194,true,false,false,true,false,Hexagonal,0.000e0,0.000e0,0.000e0,2.656e-16,LOSS_OCCUPANCY_EXPECTED,
9017842,A,PASS,inorganic,2,2495,0.0510,0.0426,194,194,194,false,false,false,true,false,Hexagonal,0.000e0,0.000e0,0.000e0,3.974e-16,,
9017842,B,PASS,inorganic,2,2495,0.0510,0.0722,194,194,194,false,false,false,true,false,Hexagonal,0.000e0,0.000e0,0.000e0,3.974e-16,,
9017865,A,SYMMETRY_UNDETERMINED_BOTH,inorganic,40,3283,0.0528,0.1828,NA,NA,15,true,false,false,true,true,Undetermined,0.000e0,0.000e0,0.000e0,1.675e-15,SYMMETRY_UNDETERMINED_BOTH,
9017865,B,LOSS_OCCUPANCY_EXPECTED,inorganic,40,3283,0.0528,0.3654,NA,NA,15,true,false,false,true,true,Undetermined,0.000e0,0.000e0,0.000e0,1.675e-15,LOSS_OCCUPANCY_EXPECTED; SYMMETRY_UNDETERMINED_BOTH,
9017923,A,PASS,inorganic,56,6079,0.3627,0.4437,227,227,227,false,false,false,true,false,Cubic,0.000e0,0.000e0,0.000e0,1.615e-15,,
9017923,B,PASS,inorganic,56,6079,0.3627,0.7896,227,227,227,false,false,false,true,false,Cubic,0.000e0,0.000e0,0.000e0,1.615e-15,,
