# COD IDs audited, one per line.
# seed=42 sample=20000 corpus=.audit_work/pool_early
2000003
2000014
2000015
2000019
2000020
2000022
2000026
2000032
2000035
2000040
2000042
2000046
2000052
2000060
2000061
2000074
2000075
2000077
2000087
2000095
2000107
2000108
2000115
2000116
2000130
2000148
2000149
2000151
2000152
2000156
2000158
2000163
2000170
2000173
2000188
2000190
2000192
2000202
2000204
2000217
2000219
2000220
2000222
2000223
2000242
2000261
2000269
2000272
2000274
2000276
2000278
2000279
2000280
2000289
2000292
2000296
2000298
2000301
2000303
2000315
2000323
2000335
2000341
2000343
2000347
2000352
2000355
2000357
2000358
2000364
2000376
2000382
2000389
2000393
2000396
2000399
2000401
2000405
2000409
2000413
2000415
2000420
2000423
2000426
2000427
2000431
2000432
2000442
2000443
2000453
2000456
2000483
2000488
2000494
2000496
2000508
2000511
2000514
2000520
2000531
2000534
2000548
2000560
2000562
2000563
2000564
2000570
2000571
2000578
2000584
2000585
2000586
2000588
2000590
2000595
2000601
2000602
2000604
2000624
2000629
2000631
2000647
2000663
2000670
2000671
2000684
2000687
2000693
2000695
2000698
2000702
2000704
2000708
2000710
2000713
2000716
2000719
2000724
2000726
2000733
2000741
2000748
2000750
2000756
2000759
2000762
2000765
2000766
2000767
2000770
2000779
2000780
2000788
2000803
2000805
2000816
2000818
2000820
2000821
2000823
2000829
2000837
2000845
2000850
2000866
2000867
2000869
2000870
2000880
2000882
2000885
2000893
2000895
2000903
2000906
2000908
2000912
2000913
2000915
2000938
2000940
2000942
2000943
2000944
2000964
2000966
2000976
2000982
2000986
2000991
2000992
2001000
2001003
2001022
2001025
2001031
2001036
2001051
2001053
2001082
2001088
2001090
2001100
2001104
2001109
2001114
2001126
2001129
2001131
2001132
2001135
2001136
2001138
2001147
2001160
2001164
2001168
2001177
2001178
2001191
2001194
2001198
2001199
2001201
2001207
2001208
2001212
2001214
2001232
2001237
2001239
2001241
2001242
2001245
2001246
2001249
2001253
2001259
2001263
2001267
2001268
2001271
2001275
2001285
2001288
2001290
2001314
2001319
2001320
2001323
2001325
2001333
2001340
2001344
2001352
2001353
2001359
2001369
2001371
2001379
2001382
2001391
2001394
2001399
2001405
2001411
2001416
2001419
2001420
2001421
2001425
2001431
2001435
2001436
2001446
2001450
2001458
2001463
2001465
2001468
2001472
2001476
2001479
2001481
2001485
2001502
2001506
2001507
2001510
2001531
2001536
2001540
2001543
2001551
2001563
2001566
2001570
2001584
2001586
2001594
2001600
2001605
2001612
2001619
2001621
2001635
2001638
2001640
2001642
2001646
2001647
2001649
2001659
2001660
2001664
2001665
2001668
2001671
2001673
2001677
2001688
2001692
2001693
2001706
2001708
2001712
2001718
2001723
2001727
2001728
2001734
2001742
2001747
2001749
2001752
2001756
2001759
2001760
2001761
2001762
2001764
2001767
2001773
2001779
2001782
2001787
2001799
2001805
2001812
2001813
2001815
2001829
2001834
2001838
2001847
2001849
2001850
2001853
2001859
2001864
2001871
2001877
2001878
2001880
2001883
2001892
2001895
2001908
2001909
2001926
2001948
2001949
2001957
2001968
2001976
2001986
2001987
2001988
2001989
2001995
2001996
2001998
2002009
2002011
2002019
2002020
2002021
2002022
2002030
2002034
2002036
2002038
2002049
2002050
2002052
2002054
2002061
2002069
2002082
2002086
2002088
2002089
2002096
2002101
2002109
2002122
2002129
2002141
2002142
2002150
2002153
2002159
2002165
2002168
2002179
2002182
2002188
2002191
2002204
2002205
2002206
2002209
2002212
2002215
2002219
2002220
2002226
2002227
2002233
2002234
2002238
2002260
2002265
2002274
2002278
2002285
2002286
2002294
2002299
2002301
2002307
2002313
2002315
2002318
2002319
2002322
2002326
2002338
2002342
2002346
2002354
2002355
2002369
2002370
2002371
2002382
2002387
2002390
2002394
2002399
2002405
2002417
2002418
2002422
2002426
2002433
2002435
2002441
2002442
2002444
2002456
2002460
2002466
2002475
2002477
2002492
2002497
2002501
2002503
2002504
2002508
2002509
2002510
2002513
2002521
2002528
2002530
2002531
2002532
2002533
2002534
2002542
2002549
2002556
2002559
2002563
2002570
2002576
2002578
2002580
2002583
2002587
2002598
2002599
2002605
2002606
2002610
2002625
2002634
2002637
2002646
2002648
2002651
2002654
2002659
2002668
2002669
2002677
2002692
2002697
2002698
2002699
2002702
2002707
2002711
2002716
2002717
2002721
2002722
2002737
2002739
2002753
2002755
2002756
2002763
2002767
2002772
2002773
2002774
2002775
2002791
2002814
2002815
2002825
2002826
2002849
2002850
2002852
2002853
2002871
2002878
2002880
2002884
2002907
2002912
2002920
2002925
2002926
2002932
2002937
2002939
2002945
2002951
2002952
2002960
2002966
2002967
2002969
2002972
2002982
2002984
2002995
2002996
2003004
2003005
2003009
2003010
2003013
2003018
2003021
2003033
2003037
2003047
2003048
2003049
2003050
2003051
2003052
2003057
2003062
2003065
2003066
2003073
2003074
2003082
2003092
2003094
2003096
2003103
2003110
2003114
2003119
2003122
2003132
2003139
2003142
2003143
2003158
2003159
2003162
2003165
2003170
2003176
2003183
2003193
2003198
2003201
2003209
2003215
2003218
2003219
2003242
2003245
2003247
2003251
2003256
2003259
2003264
2003266
2003268
2003271
2003272
2003277
2003280
2003284
2003287
2003291
2003296
2003313
2003337
2003343
2003348
2003352
2003355
2003362
2003365
2003367
2003374
2003384
2003386
2003387
2003389
2003391
2003401
2003402
2003407
2003408
2003418
2003424
2003429
2003432
2003433
2003435
2003440
2003444
2003445
2003446
2003449
2003451
2003454
2003465
2003468
2003469
2003474
2003497
2003501
2003502
2003510
2003518
2003533
2003544
2003547
2003549
2003562
2003563
2003568
2003574
2003578
2003582
2003583
2003589
2003603
2003617
2003621
2003622
2003626
2003631
2003640
2003641
2003650
2003661
2003665
2003675
2003681
2003695
2003701
2003702
2003705
2003708
2003709
2003711
2003713
2003715
2003716
2003720
2003722
2003728
2003729
2003742
2003746
2003761
2003770
2003771
2003773
2003774
2003781
2003788
2003789
2003813
2003816
2003821
2003824
2003825
2003832
2003857
2003860
2003863
2003865
2003870
2003873
2003877
2003879
2003881
2003883
2003888
2003894
2003896
2003899
2003900
2003901
2003903
2003904
2003908
2003909
2003910
2003930
2003947
2003950
2003954
2003957
2003958
2003964
2003965
2003967
2003969
2003970
2003978
2003993
2003996
2004005
2004012
2004015
2004024
2004031
2004050
2004062
2004064
2004069
2004073
2004074
2004075
2004082
2004083
2004088
2004090
2004098
2004106
2004112
2004113
2004114
2004119
2004121
2004122
2004123
2004132
2004144
2004146
2004160
2004162
2004167
2004175
2004176
2004178
2004183
2004186
2004193
2004194
2004196
2004202
2004205
2004208
2004225
2004226
2004228
2004233
2004237
2004244
2004248
2004257
2004260
2004274
2004281
2004282
2004286
2004288
2004289
2004292
2004293
2004299
2004300
2004303
2004313
2004314
2004320
2004324
2004335
2004337
2004346
2004357
2004367
2004371
2004372
2004377
2004381
2004388
2004394
2004395
2004398
2004400
2004402
2004412
2004421
2004423
2004427
2004437
2004438
2004445
2004447
2004454
2004457
2004459
2004463
2004464
2004469
2004474
2004478
2004493
2004495
2004506
2004515
2004520
2004522
2004533
2004535
2004536
2004539
2004540
2004551
2004556
2004557
2004558
2004566
2004567
2004568
2004575
2004586
2004589
2004593
2004607
2004609
2004613
2004615
2004624
2004634
2004635
2004636
2004643
2004652
2004657
2004660
2004662
2004668
2004678
2004684
2004691
2004696
2004714
2004716
2004724
2004738
2004739
2004741
2004744
2004746
2004748
2004750
2004761
2004765
2004772
2004785
2004790
2004793
2004805
2004810
2004813
2004821
2004848
2004853
2004854
2004857
2004861
2004865
2004867
2004870
2004886
2004895
2004898
2004901
2004913
2004914
2004917
2004924
2004931
2004947
2004959
2004963
2004966
2004968
2004972
2004981
2004986
2004996
2004999
2005003
2005006
2005007
2005009
2005010
2005032
2005033
2005035
2005037
2005042
2005044
2005048
2005049
2005053
2005060
2005066
2005075
2005080
2005086
2005103
2005104
2005105
2005107
2005117
2005123
2005131
2005141
2005147
2005156
2005158
2005159
2005166
2005178
2005181
2005183
2005185
2005190
2005202
2005203
2005205
2005206
2005212
2005226
2005228
2005236
2005251
2005259
2005268
2005271
2005283
2005300
2005302
2005308
2005310
2005314
2005319
2005333
2005336
2005341
2005347
2005348
2005353
2005357
2005371
2005372
2005383
2005389
2005392
2005393
2005394
2005398
2005431
2005433
2005441
2005447
2005448
2005457
2005461
2005467
2005469
2005479
2005481
2005483
2005485
2005486
2005489
2005491
2005493
2005506
2005508
2005509
2005513
2005515
2005516
2005520
2005525
2005527
2005535
2005538
2005540
2005548
2005549
2005556
2005568
2005572
2005584
2005585
2005611
2005614
2005623
2005625
2005629
2005632
2005642
2005653
2005659
2005664
2005667
2005669
2005672
2005675
2005678
2005683
2005687
2005689
2005692
2005693
2005695
2005697
2005699
2005702
2005704
2005707
2005727
2005732
2005733
2005736
2005742
2005743
2005744
2005747
2005756
2005761
2005766
2005781
2005795
2005800
2005801
2005802
2005811
2005812
2005817
2005823
2005826
2005837
2005843
2005854
2005860
2005872
2005885
2005892
2005901
2005904
2005912
2005913
2005920
2005928
2005937
2005945
2005951
2005959
2005963
2005965
2005971
2005992
2005996
2005997
2006001
2006005
2006010
2006014
2006023
2006026
2006031
2006037
2006042
2006048
2006057
2006062
2006065
2006066
2006067
2006068
2006072
2006081
2006087
2006088
2006089
2006094
2006108
2006112
2006120
2006126
2006130
2006133
2006144
2006150
2006153
2006155
2006162
2006173
2006175
2006181
2006184
2006201
2006207
2006209
2006210
2006212
2006214
2006218
2006221
2006228
2006235
2006242
2006248
2006252
2006253
2006263
2006282
2006301
2006310
2006312
2006321
2006323
2006324
2006325
2006326
2006335
2006353
2006361
2006367
2006373
2006378
2006380
2006383
2006384
2006389
2006403
2006414
2006420
2006430
2006431
2006435
2006438
2006439
2006442
2006444
2006446
2006448
2006455
2006464
2006465
2006468
2006479
2006489
2006490
2006491
2006497
2006498
2006506
2006507
2006509
2006513
2006514
2006531
2006539
2006542
2006548
2006550
2006557
2006560
2006568
2006577
2006580
2006581
2006583
2006590
2006595
2006599
2006607
2006621
2006629
2006639
2006641
2006644
2006659
2006681
2006683
2006694
2006695
2006700
2006709
2006714
2006716
2006717
2006727
2006730
2006733
2006737
2006739
2006743
2006753
2006756
2006776
2006777
2006781
2006782
2006791
2006809
2006813
2006814
2006815
2006822
2006824
2006831
2006846
2006847
2006867
2006868
2006874
2006880
2006882
2006888
2006889
2006898
2006910
2006915
2006918
2006924
2006941
2006944
2006947
2006955
2006962
2006971
2006980
2006981
2006985
2006986
2006992
2007014
2007018
2007021
2007024
2007026
2007036
2007048
2007076
2007082
2007089
2007094
2007101
2007106
2007109
2007110
2007111
2007113
2007125
2007128
2007129
2007131
2007138
2007142
2007146
2007152
2007156
2007157
2007158
2007160
2007170
2007171
2007172
2007178
2007180
2007182
2007183
2007188
2007191
2007201
2007204
2007213
2007217
2007238
2007242
2007247
2007249
2007254
2007257
2007260
2007264
2007269
2007276
2007278
2007287
2007289
2007292
2007303
2007307
2007313
2007321
2007339
2007348
2007352
2007369
2007378
2007382
2007399
2007405
2007406
2007409
2007410
2007413
2007419
2007424
2007431
2007442
2007458
2007462
2007466
2007474
2007477
2007478
2007484
2007515
2007525
2007529
2007531
2007533
2007540
2007548
2007563
2007565
2007572
2007577
2007579
2007582
2007585
2007589
2007590
2007592
2007595
2007597
2007601
2007610
2007614
2007616
2007620
2007622
2007630
2007635
2007639
2007651
2007653
2007656
2007663
2007669
2007672
2007673
2007674
2007681
2007686
2007687
2007691
2007698
2007701
2007704
2007706
2007709
2007722
2007736
2007738
2007742
2007749
2007750
2007757
2007777
2007781
2007801
2007804
2007807
2007809
2007810
2007811
2007812
2007819
2007820
2007828
2007829
2007837
2007841
2007846
2007851
2007860
2007864
2007867
2007876
2007879
2007881
2007896
2007901
2007911
2007916
2007927
2007933
2007934
2007941
2007942
2007947
2007953
2007958
2007959
2007963
2007991
2007999
2008000
2008007
2008009
2008012
2008014
2008017
2008020
2008021
2008037
2008040
2008043
2008046
2008048
2008049
2008050
2008058
2008069
2008071
2008076
2008080
2008090
2008106
2008111
2008113
2008117
2008128
2008130
2008132
2008145
2008148
2008150
2008165
2008167
2008169
2008171
2008172
2008176
2008182
2008183
2008184
2008185
2008190
2008195
2008199
2008205
2008207
2008216
2008220
2008244
2008249
2008252
2008259
2008276
2008282
2008291
2008294
2008295
2008298
2008299
2008308
2008309
2008313
2008325
2008327
2008331
2008332
2008336
2008348
2008353
2008356
2008359
2008360
2008362
2008371
2008381
2008382
2008387
2008395
2008396
2008414
2008415
2008419
2008420
2008428
2008441
2008446
2008449
2008452
2008454
2008471
2008473
2008478
2008483
2008484
2008488
2008499
2008504
2008507
2008508
2008522
2008531
2008534
2008540
2008544
2008546
2008548
2008550
2008552
2008554
2008564
2008575
2008583
2008585
2008591
2008594
2008613
2008615
2008625
2008628
2008630
2008632
2008644
2008649
2008651
2008660
2008665
2008672
2008673
2008685
2008691
2008694
2008702
2008704
2008706
2008708
2008714
2008715
2008727
2008728
2008732
2008743
2008744
2008747
2008748
2008750
2008754
2008772
2008777
2008783
2008785
2008786
2008796
2008800
2008801
2008802
2008812
2008815
2008817
2008818
2008826
2008829
2008835
2008836
2008838
2008847
2008857
2008864
2008865
2008873
2008877
2008880
2008884
2008885
2008886
2008887
2008889
2008890
2008893
2008896
2008898
2008902
2008904
2008905
2008909
2008912
2008915
2008923
2008930
2008934
2008935
2008936
2008941
2008947
2008954
2008960
2008961
2008968
2008969
2008973
2008981
2008991
2008992
2008994
2009007
2009016
2009022
2009024
2009036
2009061
2009065
2009070
2009088
2009089
2009092
2009093
2009094
2009099
2009101
2009106
2009107
2009108
2009120
2009126
2009134
2009138
2009153
2009154
2009155
2009158
2009160
2009168
2009169
2009172
2009175
2009183
2009184
2009185
2009189
2009196
2009199
2009201
2009202
2009220
2009221
2009224
2009225
2009226
2009229
2009233
2009237
2009244
2009245
2009253
2009255
2009264
2009267
2009279
2009280
2009282
2009285
2009294
2009295
2009299
2009304
2009310
2009321
2009327
2009337
2009389
2009392
2009399
2009405
2009409
2009410
2009423
2009426
2009428
2009431
2009451
2009452
2009454
2009455
2009465
2009476
2009480
2009482
2009492
2009494
2009504
2009506
2009507
2009508
2009511
2009516
2009522
2009528
2009529
2009536
2009539
2009558
2009562
2009569
2009576
2009580
2009582
2009587
2009589
2009599
2009600
2009602
2009609
2009610
2009620
2009630
2009633
2009638
2009648
2009658
2009672
2009682
2009700
2009705
2009710
2009714
2009721
2009729
2009730
2009733
2009734
2009738
2009739
2009741
2009743
2009745
2009751
2009753
2009757
2009758
2009762
2009769
2009770
2009774
2009787
2009789
2009796
2009802
2009820
2009825
2009838
2009840
2009845
2009849
2009851
2009857
2009863
2009864
2009874
2009884
2009891
2009892
2009897
2009907
2009913
2009919
2009922
2009923
2009924
2009928
2009932
2009933
2009934
2009948
2009951
2009953
2009954
2009956
2009958
2009965
2009966
2009977
2009992
2010000
2010004
2010011
2010014
2010020
2010022
2010025
2010031
2010033
2010036
2010037
2010046
2010048
2010050
2010051
2010053
2010054
2010055
2010059
2010068
2010073
2010116
2010118
2010123
2010124
2010127
2010130
2010134
2010139
2010145
2010146
2010148
2010155
2010167
2010173
2010182
2010184
2010188
2010191
2010193
2010210
2010211
2010212
2010220
2010231
2010235
2010242
2010246
2010248
2010252
2010257
2010260
2010263
2010264
2010278
2010284
2010285
2010287
2010288
2010289
2010293
2010294
2010302
2010310
2010314
2010321
2010334
2010341
2010362
2010373
2010385
2010386
2010390
2010399
2010406
2010414
2010431
2010434
2010437
2010440
2010441
2010448
2010455
2010466
2010468
2010470
2010478
2010483
2010503
2010511
2010516
2010523
2010524
2010539
2010547
2010550
2010553
2010554
2010556
2010569
2010570
2010572
2010574
2010577
2010581
2010582
2010594
2010598
2010606
2010607
2010608
2010609
2010623
2010625
2010629
2010630
2010631
2010635
2010638
2010641
2010644
2010645
2010647
2010653
2010659
2010665
2010666
2010689
2010693
2010705
2010716
2010723
2010728
2010729
2010730
2010732
2010734
2010737
2010738
2010741
2010743
2010748
2010749
2010760
2010766
2010768
2010779
2010783
2010784
2010796
2010798
2010800
2010807
2010817
2010818
2010825
2010827
2010830
2010832
2010833
2010837
2010839
2010841
2010850
2010852
2010857
2010862
2010864
2010866
2010870
2010877
2010884
2010885
2010886
2010887
2010888
2010895
2010904
2010913
2010916
2010917
2010921
2010923
2010924
2010925
2010940
2010947
2010948
2010958
2010962
2010972
2010975
2010977
2010979
2010980
2010990
2010998
2011003
2011006
2011007
2011015
2011019
2011020
2011025
2011046
2011049
2011051
2011059
2011061
2011066
2011072
2011075
2011084
2011090
2011102
2011104
2011106
2011113
2011116
2011120
2011122
2011125
2011133
2011136
2011142
2011144
2011146
2011150
2011152
2011154
2011161
2011163
2011180
2011185
2011192
2011197
2011233
2011245
2011248
2011256
2011262
2011265
2011267
2011272
2011274
2011288
2011297
2011298
2011302
2011323
2011339
2011340
2011349
2011351
2011354
2011355
2011368
2011376
2011380
2011383
2011385
2011387
2011388
2011391
2011392
2011393
2011397
2011400
2011403
2011407
2011408
2011410
2011412
2011415
2011421
2011432
2011440
2011443
2011449
2011450
2011456
2011464
2011466
2011478
2011487
2011490
2011501
2011511
2011522
2011528
2011529
2011535
2011542
2011559
2011560
2011561
2011562
2011564
2011568
2011570
2011584
2011587
2011589
2011593
2011607
2011614
2011628
2011632
2011634
2011639
2011643
2011644
2011645
2011652
2011656
2011657
2011669
2011676
2011678
2011680
2011682
2011684
2011685
2011693
2011697
2011706
2011715
2011724
2011726
2011738
2011745
2011746
2011753
2011755
2011759
2011764
2011771
2011781
2011784
2011789
2011795
2011802
2011804
2011807
2011820
2011825
2011836
2011837
2011842
2011844
2011849
2011854
2011868
2011869
2011870
2011872
2011890
2011892
2011893
2011896
2011899
2011905
2011909
2011917
2011920
2011924
2011926
2011935
2011945
2011955
2011956
2011965
2011969
2011972
2011975
2011976
2011977
2011981
2011984
2011985
2011992
2011993
2012003
2012004
2012008
2012016
2012023
2012027
2012031
2012032
2012034
2012035
2012042
2012043
2012046
2012052
2012065
2012067
2012068
2012071
2012094
2012104
2012108
2012117
2012121
2012123
2012128
2012133
2012137
2012160
2012162
2012163
2012171
2012184
2012191
2012201
2012207
2012218
2012219
2012227
2012228
2012231
2012235
2012243
2012245
2012247
2012270
2012271
2012280
2012284
2012285
2012287
2012291
2012292
2012294
2012295
2012297
2012301
2012302
2012312
2012316
2012318
2012320
2012321
2012343
2012364
2012373
2012376
2012380
2012381
2012382
2012391
2012396
2012397
2012405
2012431
2012434
2012440
2012448
2012458
2012460
2012462
2012464
2012465
2012466
2012467
2012469
2012481
2012484
2012502
2012505
2012515
2012517
2012532
2012536
2012537
2012543
2012548
2012550
2012554
2012559
2012561
2012565
2012566
2012587
2012589
2012598
2012613
2012621
2012628
2012629
2012633
2012657
2012668
2012671
2012672
2012680
2012681
2012685
2012686
2012694
2012699
2012700
2012701
2012702
2012715
2012726
2012728
2012730
2012735
2012737
2012746
2012747
2012748
2012754
2012765
2012769
2012775
2012783
2012786
2012794
2012798
2012803
2012808
2012819
2012826
2012831
2012840
2012848
2012850
2012851
2012855
2012862
2012873
2012874
2012886
2012888
2012894
2012901
2012905
2012907
2012909
2012910
2012911
2012913
2012922
2012923
2012924
2012930
2012940
2012942
2012949
2012957
2012964
2012969
2012974
2012980
2012982
2012999
2013003
2013013
2013016
2013023
2013028
2013035
2013037
2013042
2013048
2013057
2013061
2013075
2013082
2013085
2013089
2013099
2013102
2013106
2013109
2013113
2013114
2013116
2013119
2013122
2013123
2013133
2013136
2013142
2013147
2013149
2013152
2013157
2013160
2013167
2013174
2013177
2013184
2013204
2013214
2013225
2013228
2013230
2013233
2013237
2013243
2013253
2013261
2013262
2013272
2013277
2013279
2013285
2013287
2013295
2013297
2013311
2013313
2013315
2013319
2013320
2013330
2013341
2013344
2013349
2013354
2013357
2013378
2013381
2013384
2013406
2013410
2013424
2013434
2013437
2013442
2013451
2013455
2013456
2013457
2013461
2013467
2013469
2013474
2013475
2013476
2013479
2013486
2013494
2013496
2013498
2013521
2013523
2013527
2013535
2013547
2013550
2013551
2013554
2013561
2013572
2013573
2013576
2013580
2013586
2013596
2013597
2013607
2013610
2013618
2013623
2013627
2013634
2013639
2013640
2013645
2013654
2013656
2013658
2013662
2013664
2013668
2013669
2013680
2013681
2013683
2013684
2013691
2013699
2013701
2013719
2013720
2013730
2013732
2013738
2013742
2013743
2013747
2013749
2013750
2013753
2013759
2013760
2013763
2013767
2013775
2013779
2013785
2013793
2013794
2013798
2013800
2013807
2013823
2013825
2013839
2013855
2013865
2013867
2013875
2013884
2013887
2013898
2013899
2013901
2013914
2013921
2013924
2013929
2013932
2013945
2013955
2013966
2013968
2013974
2013981
2013982
2013990
2013997
2013998
2014005
2014008
2014014
2014019
2014026
2014031
2014032
2014041
2014053
2014055
2014058
2014065
2014070
2014077
2014084
2014089
2014092
2014099
2014100
2014105
2014106
2014109
2014124
2014126
2014127
2014133
2014141
2014158
2014167
2014169
2014172
2014173
2014177
2014179
2014201
2014205
2014208
2014211
2014212
2014213
2014217
2014220
2014225
2014231
2014242
2014248
2014254
2014273
2014276
2014283
2014290
2014295
2014299
2014302
2014309
2014316
2014322
2014326
2014341
2014357
2014366
2014370
2014371
2014372
2014383
2014396
2014399
2014403
2014407
2014411
2014414
2014419
2014422
2014440
2014446
2014452
2014453
2014461
2014464
2014465
2014475
2014490
2014493
2014494
2014498
2014502
2014503
2014507
2014529
2014533
2014546
2014551
2014561
2014570
2014571
2014573
2014577
2014580
2014589
2014595
2014596
2014598
2014599
2014600
2014629
2014630
2014634
2014651
2014656
2014658
2014661
2014668
2014677
2014690
2014691
2014695
2014708
2014712
2014726
2014727
2014728
2014733
2014742
2014751
2014761
2014769
2014771
2014774
2014777
2014780
2014793
2014795
2014798
2014800
2014803
2014804
2014805
2014808
2014811
2014814
2014825
2014828
2014842
2014845
2014849
2014855
2014860
2014865
2014877
2014883
2014890
2014893
2014897
2014900
2014920
2014921
2014925
2014930
2014935
2014936
2014942
2014955
2014971
2014988
2014995
2015004
2015008
2015011
2015016
2015029
2015031
2015033
2015037
2015038
2015041
2015042
2015046
2015054
2015061
2015063
2015066
2015084
2015088
2015097
2015109
2015112
2015115
2015122
2015129
2015134
2015141
2015149
2015154
2015163
2015177
2015192
2015193
2015195
2015199
2015202
2015222
2015223
2015227
2015236
2015237
2015240
2015246
2015260
2015269
2015271
2015276
2015278
2015282
2015288
2015292
2015310
2015311
2015313
2015318
2015322
2015327
2015331
2015332
2015333
2015334
2015342
2015347
2015349
2015363
2015367
2015371
2015373
2015375
2015387
2015389
2015398
2015400
2015401
2015408
2015413
2015423
2015427
2015434
2015440
2015444
2015456
2015464
2015469
2015473
2015481
2015504
2015516
2015517
2015525
2015527
2015532
2015534
2015538
2015546
2015548
2015556
2015557
2015558
2015563
2015564
2015568
2015569
2015574
2015576
2015580
2015586
2015591
2015592
2015594
2015601
2015609
2015613
2015619
2015632
2015633
2015637
2015639
2015642
2015643
2015651
2015664
2015666
2015671
2015673
2015674
2015675
2015683
2015689
2015695
2015697
2015709
2015711
2015712
2015713
2015721
2015727
2015736
2015741
2015748
2015756
2015763
2015764
2015775
2015779
2015783
2015785
2015792
2015798
2015799
2015800
2015807
2015811
2015820
2015822
2015833
2015836
2015837
2015844
2015845
2015847
2015849
2015851
2015852
2015858
2015868
2015870
2015874
2015877
2015883
2015884
2015890
2015901
2015908
2015913
2015921
2015927
2015934
2015939
2015944
2015947
2015954
2015960
2015965
2015970
2015978
2015979
2015981
2015983
2015989
2015999
2016003
2016009
2016011
2016022
2016024
2016025
2016028
2016035
2016054
2016063
2016067
2016070
2016071
2016075
2016078
2016082
2016087
2016098
2016103
2016104
2016129
2016130
2016138
2016143
2016144
2016147
2016156
2016165
2016168
2016175
2016181
2016194
2016197
2016203
2016204
2016205
2016214
2016215
2016218
2016225
2016237
2016248
2016254
2016256
2016276
2016280
2016301
2016323
2016335
2016342
2016344
2016345
2016348
2016366
2016369
2016375
2016380
2016381
2016387
2016391
2016393
2016395
2016396
2016403
2016405
2016406
2016409
2016410
2016411
2016418
2016426
2016432
2016433
2016439
2016446
2016447
2016460
2016471
2016485
2016501
2016505
2016507
2016512
2016518
2016519
2016524
2016534
2016535
2016542
2016549
2016554
2016555
2016567
2016579
2016581
2016584
2016607
2016618
2016619
2016621
2016640
2016647
2016651
2016653
2016659
2016663
2016666
2016668
2016679
2016695
2016696
2016703
2016706
2016710
2016712
2016713
2016715
2016716
2016720
2016723
2016725
2016731
2016733
2016735
2016738
2016761
2016768
2016769
2016782
2016783
2016790
2016792
2016795
2016800
2016808
2016809
2016825
2016826
2016828
2016832
2016839
2016843
2016851
2016860
2016862
2016866
2016890
2016897
2016906
2016909
2016923
2016925
2016934
2016942
2016943
2016957
2016963
2016968
2016969
2016971
2016992
2017000
2017001
2017004
2017014
2017017
2017018
2017023
2017036
2017039
2017040
2017049
2017068
2017071
2017087
2017093
2017097
2017098
2017100
2017104
2017118
2017128
2017136
2017168
2017174
2017179
2017189
2017197
2017221
2017225
2017240
2017249
2017256
2017257
2017265
2017267
2017275
2017276
2017281
2017284
2017287
2017290
2017291
2017307
2017312
2017315
2017323
2017330
2017331
2017332
2017340
2017342
2017343
2017348
2017352
2017355
2017373
2017388
2017393
2017395
2017398
2017400
2017408
2017409
2017410
2017415
2017422
2017434
2017438
2017439
2017446
2017449
2017450
2017456
2017459
2017462
2017463
2017466
2017468
2017470
2017472
2017473
2017477
2017482
2017484
2017498
2017499
2017503
2017504
2017507
2017510
2017513
2017514
2017516
2017517
2017518
2017519
2017520
2017527
2017532
2017538
2017547
2017563
2017572
2017574
2017575
2017576
2017592
2017597
2017599
2017600
2017608
2017612
2017617
2017619
2017623
2017624
2017628
2017638
2017639
2017640
2017666
2017673
2017679
2017680
2017683
2017684
2017688
2017690
2017691
2017700
2017719
2017731
2017732
2017734
2017736
2017737
2017745
2017757
2017762
2017766
2017774
2017785
2017788
2017797
2017800
2017801
2017804
2017810
2017819
2017822
2017827
2017832
2017834
2017836
2017840
2017851
2017854
2017856
2017875
2017886
2017887
2017899
2017910
2017912
2017913
2017924
2017925
2017928
2017940
2017947
2017951
2017962
2017969
2017974
2017975
2017979
2017981
2017982
2017985
2017988
2017993
2017994
2017996
2018003
2018004
2018012
2018014
2018020
2018024
2018038
2018040
2018059
2018069
2018070
2018076
2018081
2018088
2018096
2018099
2018100
2018103
2018111
2018114
2018121
2018129
2018131
2018132
2018133
2018139
2018140
2018157
2018158
2018163
2018173
2018175
2018179
2018190
2018193
2018209
2018215
2018218
2018223
2018230
2018234
2018235
2018238
2018242
2018247
2018254
2018257
2018270
2018274
2018303
2018304
2018307
2018315
2018329
2018332
2018348
2018350
2018354
2018356
2018359
2018362
2018395
2018401
2018403
2018404
2018411
2018418
2018421
2018422
2018436
2018439
2018441
2018443
2018451
2018455
2018457
2018462
2018463
2018466
2018467
2018469
2018471
2018479
2018492
2018494
2018495
2018498
2018514
2018519
2018520
2018523
2018530
2018533
2018538
2018544
2018548
2018573
2018586
2018592
2018601
2018604
2018616
2018619
2018624
2018626
2018634
2018638
2018641
2018643
2018649
2018650
2018659
2018669
2018680
2018684
2018706
2018707
2018708
2018721
2018725
2018726
2018729
2018731
2018734
2018740
2018764
2018777
2018785
2018788
2018792
2018796
2018797
2018800
2018815
2018816
2018818
2018823
2018829
2018835
2018858
2018871
2018879
2018885
2018892
2018893
2018913
2018914
2018916
2018918
2018919
2018921
2018925
2018931
2018944
2018949
2018953
2018986
2018988
2018989
2018996
2018998
2019003
2019011
2019015
2019022
2019040
2019051
2019052
2019054
2019065
2019072
2019079
2019084
2019085
2019088
2019094
2019096
2019108
2019118
2019126
2019139
2019142
2019143
2019145
2019148
2019150
2019155
2019163
2019169
2019175
2019181
2019188
2019201
2019202
2019203
2019210
2019220
2019223
2019238
2019243
2019248
2019257
2019271
2019284
2019285
2019286
2019293
2019298
2019300
2019306
2019307
2019311
2019315
2019316
2019317
2019325
2019328
2019330
2019338
2019339
2019340
2019341
2019344
2019346
2019347
2019350
2019358
2019359
2019361
2019371
2019372
2019387
2019397
2019402
2019412
2019421
2019423
2019424
2019428
2019430
2019433
2019434
2019435
2019446
2019448
2019449
2019463
2019471
2019506
2019507
2019509
2019511
2019513
2019515
2019519
2019520
2019521
2019522
2019527
2019532
2019535
2019538
2019540
2019542
2019555
2019570
2019582
2019586
2019599
2019609
2019615
2019620
2019626
2019627
2019635
2019645
2019654
2019661
2019663
2019664
2019669
2019674
2019675
2019676
2019682
2019718
2019726
2019728
2019730
2019734
2019738
2019744
2019755
2019759
2019768
2019770
2019781
2019789
2019802
2019818
2019820
2019821
2019824
2019825
2019826
2019829
2019834
2019849
2019850
2019851
2019854
2019856
2019857
2019862
2019889
2019905
2019907
2019910
2019912
2019917
2019925
2019932
2019935
2019948
2019949
2019954
2019956
2019965
2019967
2019971
2019974
2019979
2019982
2019988
2019999
2020000
2020004
2020005
2020007
2020022
2020025
2020027
2020029
2020038
2020044
2020047
2020049
2020051
2020059
2020060
2020076
2020080
2020091
2020098
2020115
2020124
2020139
2020150
2020154
2020173
2020179
2020183
2020184
2020197
2020199
2020200
2020206
2020212
2020213
2020221
2020231
2020234
2020238
2020239
2020241
2020247
2020251
2020255
2020266
2020275
2020286
2020287
2020293
2020295
2020297
2020304
2020305
2020310
2020318
2020329
2020334
2020337
2020338
2020342
2020343
2020349
2020351
2020365
2020367
2020369
2020371
2020380
2020387
2020391
2020397
2020399
2020422
2020436
2020438
2020441
2020443
2020453
2020456
2020457
2020462
2020474
2020475
2020476
2020484
2020494
2020514
2020515
2020518
2020524
2020530
2020531
2020535
2020536
2020542
2020550
2020551
2020553
2020564
2020565
2020577
2020583
2020585
2020588
2020598
2020604
2020609
2020617
2020619
2020621
2020622
2020633
2020643
2020649
2020651
2020653
2020657
2020662
2020671
2020674
2020676
2020678
2020683
2020691
2020692
2020696
2020703
2020704
2020707
2020709
2020712
2020721
2020722
2020723
2020728
2020730
2020732
2020736
2020742
2020743
2020745
2020746
2020751
2020756
2020758
2020762
2020764
2020768
2020776
2020778
2020780
2020782
2020786
2020787
2020791
2020795
2020798
2020821
2020829
2020834
2020838
2020847
2020849
2020851
2020858
2020861
2020863
2020864
2020865
2020869
2020872
2020874
2020885
2020887
2020897
2020899
2020901
2020905
2020917
2020930
2020931
2020933
2020935
2020945
2020947
2020949
2020950
2020962
2020965
2020967
2020968
2020971
2020976
2020994
2021004
2021005
2021006
2021020
2021037
2021041
2021042
2021055
2021060
2021061
2021064
2021067
2021068
2021070
2021075
2021076
2021078
2021089
2021097
2021104
2021106
2021108
2021112
2021113
2021115
2021118
2021128
2021133
2021135
2021138
2021139
2021143
2021144
2021145
2021151
2021164
2021176
2021181
2021182
2021188
2021189
2021190
2021207
2021211
2021212
2021220
2021229
2021233
2021243
2021245
2021246
2021248
2021249
2021273
2021274
2021275
2021287
2021296
2021308
2021314
2021317
2021319
2021321
2021328
2021332
2021334
2021341
2021345
2021346
2021360
2021367
2021368
2021375
2021376
2021377
2021384
2021391
2021397
2021406
2021409
2021410
2021425
2021431
2021434
2021436
2021441
2021447
2021450
2021455
2021458
2021460
2021464
2021466
2021467
2021470
2021476
2021484
2021486
2021499
2021501
2021505
2021508
2021509
2021521
2021530
2021532
2021541
2021556
2021557
2021569
2021571
2021574
2021587
2021590
2021603
2021610
2021617
2021621
2021626
2021630
2021631
2021642
2021644
2021668
2021672
2021674
2021679
2021680
2021683
2021686
2021692
2021693
2021700
2021702
2021713
2021714
2021715
2021725
2021737
2021743
2021752
2021756
2021769
2021771
2021776
2021782
2021788
2021792
2021803
2021805
2021807
2021808
2021810
2021817
2021827
2021832
2021846
2021852
2021856
2021857
2021869
2021873
2021886
2021893
2021896
2021901
2021907
2021908
2021915
2021916
2021921
2021933
2021954
2021956
2021964
2021973
2021977
2021982
2021991
2021998
2022000
2022005
2022035
2022039
2022048
2022056
2022058
2022077
2022080
2022083
2022088
2022090
2022091
2022093
2022095
2022107
2022110
2022115
2022120
2022124
2022126
2022129
2022135
2022143
2022147
2022155
2022158
2022160
2022167
2022181
2022184
2022190
2022197
2022209
2022216
2022225
2022227
2022242
2022244
2022246
2022251
2022255
2022256
2022258
2022269
2022285
2022290
2022292
2022297
2022298
2022302
2022304
2022308
2022317
2022323
2022342
2022345
2022351
2022357
2022362
2022365
2022367
2022373
2022378
2022391
2022399
2022400
2022410
2022413
2022416
2022418
2022428
2022435
2022443
2022450
2022454
2022456
2022463
2022465
2022472
2022474
2022478
2022484
2022494
2022504
2022505
2022512
2022517
2022518
2022522
2022539
2022540
2022557
2022565
2022566
2022571
2022572
2022577
2022579
2022582
2022584
2022587
2022592
2022595
2022597
2022599
2022602
2022605
2022613
2022617
2022620
2022627
2022628
2022634
2022635
2022639
2022642
2022643
2022655
2022658
2022665
2022667
2022669
2022671
2022674
2022676
2022677
2022678
2022700
2022703
2022708
2022721
2022725
2022727
2022734
2022737
2022745
2022755
2022760
2022761
2022765
2022778
2022782
2022791
2022794
2022797
2022803
2022806
2022811
2022815
2022820
2022829
2022830
2022834
2022839
2022847
2022848
2022851
2022853
2022857
2022860
2022863
2022870
2022874
2022883
2022886
2022899
2022901
2022907
2022913
2022916
2022918
2022921
2022923
2022925
2022931
2022946
2022957
2022958
2022961
2022963
2022973
2022975
2022976
2022982
2022992
2022994
2023001
2023006
2023010
2023021
2023023
2023033
2023036
2023037
2023038
2023040
2023043
2023059
2023060
2023063
2023065
2023072
2023075
2023078
2023089
2023095
2023099
2023103
2023111
2023113
2023116
2023125
2023132
2023136
2023138
2023142
2023143
2023153
2023160
2023161
2023162
2023184
2023192
2023197
2023198
2023201
2023206
2023208
2023215
2023217
2023228
2023230
2023232
2023237
2023250
2023262
2023265
2023272
2023280
2023282
2023283
2023290
2023292
2023294
2023300
2023301
2023307
2023309
2023310
2023312
2023315
2023322
2023327
2023329
2023332
2023335
2023344
2023350
2023358
2023366
2023375
2100001
2100006
2100013
2100018
2100021
2100024
2100028
2100043
2100052
2100053
2100055
2100063
2100068
2100073
2100075
2100079
2100087
2100092
2100110
2100115
2100126
2100127
2100131
2100132
2100134
2100144
2100151
2100155
2100156
2100172
2100179
2100183
2100184
2100194
2100200
2100207
2100218
2100232
2100237
2100244
2100249
2100251
2100262
2100265
2100266
2100269
2100271
2100276
2100284
2100293
2100301
2100306
2100322
2100323
2100325
2100326
2100327
2100333
2100339
2100351
2100356
2100360
2100369
2100379
2100386
2100388
2100389
2100391
2100395
2100407
2100412
2100415
2100416
2100423
2100427
2100433
2100437
2100442
2100453
2100458
2100459
2100465
2100466
2100467
2100474
2100478
2100484
2100486
2100496
2100504
2100510
2100517
2100528
2100536
2100539
2100547
2100554
2100564
2100571
2100573
2100579
2100586
2100589
2100590
2100597
2100604
2100605
2100606
2100609
2100614
2100618
2100621
2100637
2100643
2100659
2100664
2100668
2100676
2100682
2100693
2100695
2100696
2100706
2100729
2100734
2100737
2100745
2100751
2100754
2100757
2100761
2100766
2100768
2100774
2100780
2100781
2100785
2100796
2100800
2100805
2100809
2100813
2100814
2100816
2100819
2100820
2100821
2100834
2100847
2100848
2100850
2100853
2100858
2100862
2100866
2100867
2100871
2100884
2100891
2100897
2100905
2100912
2100914
2100917
2100926
2100928
2100929
2100934
2100936
2100956
2100957
2100959
2100964
2100967
2100968
2100971
2100982
2100989
2100993
2101005
2101007
2101011
2101016
2101024
2101027
2101033
2101049
2101054
2101069
2101093
2101108
2101114
2101121
2101128
2101129
2101131
2101145
2101153
2101158
2101161
2101163
2101164
2101199
2101206
2101210
2101224
2101225
2101234
2101235
2101251
2101255
2101256
2101259
2101260
2101261
2101263
2101264
2101266
2101271
2101277
2101279
2101281
2101286
2101287
2101293
2101294
2101297
2101300
2101304
2101311
2101327
2101330
2101338
2101353
2101354
2101364
2101366
2101369
2101392
2101394
2101396
2101405
2101413
2101415
2101420
2101423
2101428
2101448
2101450
2101451
2101452
2101469
2101470
2101477
2101479
2101488
2101495
2101498
2101505
2101510
2101513
2101514
2101520
2101526
2101528
2101531
2101534
2101535
2101540
2101544
2101549
2101556
2101557
2101563
2101572
2101577
2101582
2101595
2101599
2101606
2101609
2101610
2101619
2101630
2101638
2101645
2101646
2101654
2101666
2101685
2101697
2101718
2101728
2101732
2101737
2101740
2101743
2101751
2101753
2101755
2101759
2101761
2101767
2101769
2101780
2101785
2101788
2101796
2101797
2101817
2101820
2101821
2101822
2101824
2101833
2101840
2101842
2101849
2101852
2101854
2101858
2101859
2101862
2101864
2101868
2101876
2101898
2101907
2101909
2101911
2101914
2101916
2101917
2101918
2101919
2101928
2101935
2101936
2101953
2101954
2101955
2101958
2101960
2101968
2101975
2101976
2101977
2101989
2101992
2101996
2102001
2102004
2102008
2102009
2102035
2102036
2102038
2102051
2102066
2102068
2102081
2102086
2102088
2102098
2102101
2102110
2102114
2102119
2102120
2102128
2102132
2102134
2102138
2102141
2102146
2102149
2102151
2102153
2102156
2102160
2102176
2102179
2102180
2102188
2102191
2102199
2102216
2102219
2102230
2102232
2102233
2102235
2102238
2102239
2102242
2102246
2102249
2102253
2102255
2102263
2102265
2102271
2102276
2102280
2102281
2102282
2102288
2102289
2102298
2102302
2102306
2102316
2102319
2102336
2102343
2102359
2102361
2102363
2102370
2102371
2102375
2102381
2102383
2102385
2102395
2102400
2102401
2102408
2102414
2102417
2102420
2102428
2102430
2102433
2102434
2102435
2102438
2102460
2102467
2102479
2102480
2102484
2102486
2102487
2102503
2102506
2102507
2102514
2102526
2102530
2102540
2102543
2102546
2102551
2102555
2102562
2102564
2102566
2102572
2102575
2102577
2102578
2102580
2102583
2102586
2102596
2102598
2102605
2102609
2102615
2102616
2102618
2102626
2102646
2102664
2102666
2102669
2102677
2102678
2102681
2102686
2102692
2102697
2102702
2102703
2102704
2102706
2102707
2102712
2102713
2102715
2102716
2102718
2102719
2102725
2102729
2102732
2102735
2102739
2102742
2102747
2102754
2102760
2102763
2102765
2102768
2102777
2102778
2102780
2102781
2102791
2102810
2102812
2102813
2102816
2102827
2102833
2102840
2102842
2102850
2102853
2102858
2102875
2102878
2102894
2102907
2102912
2102913
2102917
2102921
2102924
2102927
2102933
2102938
2102940
2102962
2102965
2102974
2102981
2102983
2102986
2102992
2103011
2103016
2103017
2103033
2103046
2103047
2103057
2103060
2103074
2103078
2103080
2103085
2103089
2103090
2103092
2103097
2103102
2103107
2103110
2103111
2103112
2103128
2103132
2103133
2103147
2103149
2103150
2103153
2103155
2103158
2103165
2103174
2103185
2103187
2103196
2103197
2103198
2103220
2103221
2103231
2103233
2103235
2103237
2103242
2103246
2103255
2103259
2103265
2103276
2103278
2103288
2103297
2103298
2103299
2103302
2103306
2103314
2103327
2103332
2103334
2103337
2103344
2103347
2103350
2103352
2103354
2103355
2103356
2103357
2103366
2103384
2103392
2103400
2103402
2103403
2103408
2103412
2103413
2103414
2103419
2103425
2103433
2103434
2103449
2103455
2103480
2103484
2103485
2103500
2103504
2103509
2103519
2103525
2103527
2103529
2103534
2103544
2103547
2103550
2103552
2103560
2103562
2103564
2103574
2103593
2103597
2103600
2103611
2103612
2103613
2103620
2103624
2103627
2103629
2103633
2103637
2103638
2103644
2103655
2103657
2103663
2103666
2103672
2103680
2103681
2103686
2103687
2103696
2103699
2103712
2103722
2103724
2103729
2103730
2103735
2103737
2103738
2103740
2103744
2103748
2103750
2103752
2103753
2103758
2103762
2103765
2103777
2103778
2103787
2103788
2103797
2103802
2103808
2103814
2103818
2103832
2103836
2103851
2103861
2103869
2103872
2103878
2103881
2103890
2103904
2103905
2103906
2103912
2103914
2103917
2103918
2103919
2103920
2103924
2103927
2103932
2103938
2103947
2103951
2103952
2103963
2103965
2103972
2103974
2103977
2103979
2103987
2103992
2104006
2104015
2104019
2104024
2104028
2104034
2104037
2104040
2104050
2104056
2104059
2104066
2104068
2104076
2104098
2104104
2104142
2104150
2104151
2104152
2104155
2104158
2104186
2104210
2104220
2104223
2104231
2104232
2104253
2104258
2104262
2104265
2104269
2104275
2104278
2104280
2104286
2104296
2104301
2104302
2104303
2104309
2104317
2104320
2104323
2104330
2104333
2104338
2104344
2104356
2104360
2104361
2104363
2104369
2104372
2104378
2104388
2104392
2104403
2104412
2104415
2104416
2104419
2104424
2104435
2104436
2104439
2104445
2104456
2104463
2104466
2104471
2104476
2104478
2104486
2104494
2104495
2104505
2104506
2104508
2104509
2104512
2104514
2104515
2104526
2104529
2104532
2104537
2104542
2104545
2104546
2104548
2104565
2104566
2104576
2104586
2104590
2104592
2104593
2104597
2104608
2104612
2104613
2104614
2104617
2104621
2104625
2104643
2104647
2104652
2104653
2104663
2104664
2104669
2104671
2104672
2104679
2104682
2104683
2104688
2104693
2104696
2104697
2104698
2104708
2104711
2104719
2104727
2104728
2104736
2104745
2104750
2104756
2104767
2104774
2104777
2104786
2104794
2104800
2104802
2104803
2104808
2104809
2104812
2104814
2104818
2104843
2104849
2104853
2104854
2104860
2104861
2104866
2104871
2104874
2104878
2104885
2104887
2104890
2104893
2104903
2104906
2104914
2104918
2104919
2104934
2104936
2104945
2104951
2104953
2104960
2104964
2104971
2104972
2104986
2105010
2105013
2105015
2105016
2105031
2105042
2105044
2105056
2105071
2105076
2105078
2105090
2105092
2105097
2105108
2105119
2105120
2105125
2105131
2105136
2105138
2105139
2105149
2105150
2105158
2105161
2105166
2105174
2105177
2105179
2105180
2105197
2105200
2105211
2105214
2105218
2105219
2105221
2105239
2105249
2105252
2105262
2105264
2105273
2105275
2105285
2105296
2105305
2105309
2105313
2105319
2105322
2105340
2105345
2105346
2105351
2105355
2105362
2105363
2105368
2105369
2105373
2105380
2105383
2105384
2105389
2105392
2105398
2105404
2105408
2105419
2105430
2105437
2105443
2105448
2105452
2105454
2105459
2105461
2105466
2105468
2105469
2105480
2105483
2105486
2105487
2105497
2105499
2105506
2105509
2105517
2105519
2105520
2105523
2105549
2105556
2105558
2105559
2105571
2105581
2105592
2105596
2105601
2105603
2105604
2105610
2105611
2105617
2105626
2105638
2105639
2105640
2105643
2105652
2105653
2105656
2105670
2105674
2105676
2105684
2105686
2105695
2105696
2105703
2105713
2105717
2105734
2105740
2105746
2105747
2105748
2105753
2105755
2105761
2105763
2105766
2105778
2105782
2105816
2105826
2105828
2105835
2105843
2105852
2105853
2105859
2105866
2105878
2105882
2105888
2105894
2105898
2105900
2105902
2105916
2105924
2105934
2105939
2105940
2105941
2105942
2105951
2105955
2105957
2105958
2105959
2105966
2105969
2105973
2105975
2105977
2105980
2105981
2105983
2105986
2105993
2105998
2105999
2106000
2106002
2106003
2106004
2106006
2106011
2106015
2106025
2106027
2106033
2106034
2106044
2106045
2106057
2106060
2106067
2106068
2106088
2106094
2106097
2106113
2106125
2106126
2106132
2106138
2106140
2106143
2106145
2106152
2106161
2106164
2106167
2106177
2106185
2106189
2106194
2106202
2106207
2106208
2106216
2106220
2106224
2106226
2106230
2106237
2106238
2106239
2106240
2106252
2106254
2106268
2106269
2106270
2106279
2106281
2106286
2106287
2106288
2106291
2106295
2106303
2106320
2106323
2106331
2106332
2106336
2106340
2106344
2106372
2106384
2106394
2106403
2106404
2106407
2106420
2106421
2106422
2106425
2106427
2106428
2106431
2106434
2106437
2106442
2106445
2106459
2106460
2106465
2106468
2106474
2106475
2106479
2106480
2106484
2106502
2106503
2106520
2106536
2106539
2106545
2106551
2106554
2106564
2106568
2106571
2106576
2106578
2106579
2106589
2106592
2106595
2106597
2106609
2106611
2106612
2106633
2106634
2106635
2106636
2106637
2106646
2106655
2106668
2106670
2106686
2106687
2106688
2106698
2106700
2106702
2106710
2106712
2106717
2106722
2106728
2106732
2106736
2106740
2106763
2106767
2106796
2106803
2106813
2106815
2106816
2106821
2106825
2106826
2106836
2106843
2106847
2106850
2106851
2106856
2106859
2106878
2106882
2106889
2106892
2106893
2106896
2106897
2106898
2106901
2106906
2106910
2106915
2106918
2106919
2106927
2106935
2106947
2106949
2106950
2106951
2106953
2106956
2106961
2106980
2106989
2106991
2106994
2106998
2107002
2107006
2107009
2107014
2107019
2107023
2107024
2107029
2107037
2107039
2107046
2107051
2107052
2107058
2107059
2107065
2107074
2107075
2107081
2107087
2107091
2107096
2107109
2107117
2107118
2107119
2107122
2107134
2107136
2107141
2107159
2107163
2107167
2107169
2107179
2107188
2107192
2107197
2107205
2107206
2107207
2107209
2107212
2107222
2107224
2107226
2107227
2107232
2107240
2107242
2107243
2107244
2107245
2107251
2107253
2107254
2107259
2107271
2107272
2107281
2107283
2107290
2107291
2107295
2107298
2107305
2107308
2107317
2107320
2107333
2107337
2107346
2107351
2107354
2107361
2107369
2107372
2107382
2107388
2107403
2107405
2107407
2107408
2107424
2107425
2107447
2107452
2107454
2107463
2107466
2107468
2107478
2107481
2107483
2107484
2107499
2107504
2107513
2107519
2107520
2107522
2107538
2107542
2107543
2107550
2107554
2107555
2107557
2107562
2107565
2107566
2107571
2107572
2107596
2107605
2107613
2107614
2107615
2107617
2107622
2107628
2107636
2107638
2107646
2107647
2107652
2107656
2107663
2107667
2107673
2107679
2107682
2107685
2107687
2107689
2107715
2107716
2107718
2107722
2107737
2107738
2107742
2107744
2107748
2107750
2107752
2107756
2107757
2107762
2107763
2107767
2107770
2107782
2107789
2107791
2107792
2107795
2107796
2107800
2107803
2107811
2107818
2107831
2107832
2107834
2107836
2107837
2107841
2107844
2107855
2107873
2107875
2107877
2107893
2107895
2107901
2107915
2107917
2107929
2107933
2107947
2107951
2107955
2107976
2107987
2107990
2107993
2108010
2108011
2108013
2108024
2108031
2108034
2108046
2108049
2108052
2108053
2108063
2108073
2108078
2108081
2108086
2108094
2108103
2108115
2108119
2108124
2108125
2108126
2108131
2108133
2108138
2108139
2108154
2108165
2108170
2108172
2108182
2108184
2108186
2108196
2108203
2108217
2108222
2108223
2108227
2108233
2108237
2108241
2108247
2108248
2108255
2108267
2108275
2108277
2108279
2108287
2108302
2108304
2108307
2108315
2108316
2108318
2108332
2108340
2108341
2108348
2108351
2108354
2108357
2108363
2108369
2108384
2108391
2108404
2108427
2108438
2108444
2108447
2108451
2108452
2108459
2108473
2108480
2108484
2108489
2108492
2108502
2108515
2108526
2108532
2108533
2108536
2108543
2108545
2108548
2108549
2108553
2108559
2108561
2108562
2108564
2108565
2108571
2108572
2108578
2108581
2108584
2108592
2108598
2108603
2108605
2108624
2108626
2108631
2108634
2108637
2108639
2108643
2108645
2108657
2108662
2108679
2108687
2108690
2108692
2108695
2108702
2108711
2108712
2108717
2108724
2108729
2108736
2108744
2108748
2108753
2108755
2108765
2108766
2108774
2108777
2108780
2108781
2108784
2108786
2108789
2108792
2108800
2108820
2108821
2108836
2108841
2108844
2108850
2108861
2108865
2108875
2108889
2108891
2108896
2108905
2108915
2108918
2108919
2108924
2108928
2108930
2108934
2108949
2108961
2108963
2108968
2108976
2108977
2108981
2108983
2108991
2108996
2109002
2109007
2109010
2109015
2109017
2109021
2109023
2109026
2109030
2109040
2109049
2109058
2109065
2109067
2109071
2109081
2109086
2109088
2109089
2109091
2109098
2200009
2200015
2200017
2200019
2200031
2200032
2200042
2200045
2200055
2200063
2200064
2200075
2200076
2200083
2200086
2200095
2200101
2200106
2200108
2200109
2200115
2200117
2200121
2200123
2200129
2200131
2200132
2200137
2200139
2200140
2200144
2200150
2200173
2200182
2200190
2200191
2200196
2200203
2200204
2200208
2200213
2200220
2200221
2200222
2200229
2200247
2200249
2200253
2200268
2200269
2200271
2200292
2200293
2200295
2200298
2200299
2200304
2200308
2200314
2200316
2200328
2200339
2200340
2200350
2200355
2200362
2200368
2200369
2200378
2200381
2200389
2200400
2200408
2200413
2200419
2200427
2200431
2200433
2200441
2200445
2200453
2200462
2200466
2200471
2200477
2200483
2200491
2200499
2200500
2200503
2200505
2200506
2200507
2200509
2200513
2200514
2200515
2200519
2200525
2200526
2200528
2200529
2200536
2200537
2200538
2200546
2200553
2200560
2200563
2200566
2200567
2200569
2200577
2200579
2200581
2200582
2200585
2200604
2200605
2200613
2200616
2200618
2200626
2200628
2200632
2200634
2200636
2200642
2200652
2200659
2200670
2200675
2200682
2200695
2200697
2200700
2200702
2200707
2200715
2200720
2200721
2200722
2200724
2200727
2200743
2200755
2200765
2200773
2200777
2200778
2200780
2200787
2200788
2200790
2200805
2200807
2200808
2200847
2200848
2200852
2200857
2200858
2200860
2200863
2200870
2200877
2200878
2200879
2200886
2200904
2200914
2200917
2200919
2200923
2200935
2200939
2200946
2200949
2200954
2200958
2200961
2200966
2200971
2200975
2200977
2200981
2200984
2200988
2200992
2201000
2201018
2201024
2201029
2201033
2201058
2201060
2201062
2201063
2201064
2201071
2201078
2201086
2201103
2201107
2201110
2201112
2201113
2201115
2201127
2201140
2201141
2201143
2201146
2201152
2201163
2201170
2201172
2201175
2201182
2201198
2201203
2201205
2201208
2201215
2201225
2201226
2201230
2201231
2201239
2201243
2201249
2201253
2201254
2201280
2201281
2201319
2201332
2201334
2201346
2201356
2201357
2201360
2201361
2201363
2201366
2201368
2201380
2201384
2201396
2201408
2201409
2201410
2201413
2201415
2201416
2201418
2201419
2201427
2201430
2201439
2201441
2201445
2201448
2201457
2201459
2201460
2201462
2201465
2201476
2201480
2201485
2201489
2201490
2201493
2201499
2201500
2201505
2201510
2201511
2201516
2201518
2201522
2201523
2201532
2201533
2201534
2201537
2201538
2201542
2201544
2201545
2201547
2201553
2201556
2201561
2201563
2201571
2201572
2201574
2201579
2201582
2201585
2201588
2201592
2201603
2201606
2201610
2201611
2201614
2201619
2201633
2201635
2201637
2201638
2201640
2201647
2201648
2201651
2201659
2201668
2201676
2201683
2201684
2201697
2201707
2201708
2201725
2201728
2201741
2201745
2201754
2201757
2201760
2201778
2201779
2201782
2201794
2201797
2201811
2201813
2201833
2201836
2201840
2201850
2201852
2201854
2201867
2201870
2201889
2201894
2201896
2201905
2201912
2201914
2201915
2201919
2201923
2201924
2201925
2201927
2201930
2201933
2201935
2201937
2201945
2201947
2201950
2201951
2201957
2201960
2201966
2201969
2201978
2201979
2201994
2201995
2201997
2202016
2202019
2202023
2202026
2202030
2202047
2202054
2202063
2202066
2202067
2202068
2202069
2202077
2202078
2202095
2202099
2202100
2202104
2202111
2202121
2202124
2202126
2202133
2202138
2202154
2202155
2202166
2202169
2202178
2202185
2202200
2202210
2202215
2202224
2202227
2202231
2202232
2202233
2202236
2202245
2202249
2202255
2202257
2202260
2202274
2202280
2202285
2202287
2202289
2202294
2202299
2202304
2202307
2202310
2202312
2202313
2202318
2202320
2202321
2202327
2202337
2202338
2202342
2202347
2202350
2202356
2202360
2202369
2202374
2202377
2202386
2202402
2202416
2202427
2202434
2202441
2202450
2202453
2202455
2202462
2202489
2202491
2202492
2202517
2202523
2202525
2202531
2202533
2202534
2202536
2202538
2202540
2202544
2202549
2202552
2202555
2202564
2202566
2202583
2202589
2202591
2202595
2202596
2202597
2202610
2202627
2202632
2202643
2202653
2202659
2202676
2202677
2202691
2202696
2202710
2202715
2202719
2202741
2202744
2202747
2202751
2202756
2202757
2202760
2202769
2202770
2202787
2202800
2202802
2202803
2202811
2202820
2202832
2202836
2202843
2202849
2202851
2202852
2202853
2202854
2202864
2202865
2202875
2202893
2202895
2202904
2202910
2202922
2202932
2202933
2202945
2202946
2202961
2202963
2202967
2202975
2202977
2202978
2203003
2203011
2203046
2203052
2203058
2203064
2203071
2203082
2203084
2203093
2203100
2203103
2203108
2203110
2203113
2203121
2203126
2203132
2203134
2203138
2203144
2203158
2203163
2203166
2203168
2203171
2203174
2203181
2203186
2203187
2203201
2203203
2203204
2203213
2203216
2203226
2203237
2203242
2203253
2203260
2203262
2203264
2203270
2203273
2203278
2203282
2203284
2203286
2203288
2203296
2203297
2203310
2203312
2203316
2203318
2203319
2203324
2203327
2203332
2203339
2203341
2203351
2203354
2203357
2203360
2203371
2203372
2203374
2203377
2203384
2203386
2203388
2203390
2203398
2203406
2203408
2203410
2203430
2203439
2203442
2203443
2203444
2203463
2203471
2203473
2203474
2203480
2203485
2203486
2203487
2203488
2203491
2203492
2203511
2203512
2203517
2203528
2203536
2203540
2203543
2203548
2203550
2203557
2203562
2203569
2203574
2203580
2203582
2203589
2203593
2203596
2203600
2203601
2203612
2203626
2203627
2203634
2203637
2203640
2203642
2203645
2203652
2203663
2203667
2203694
2203695
2203697
2203701
2203706
2203709
2203710
2203715
2203722
2203733
2203735
2203737
2203746
2203750
2203752
2203753
2203754
2203762
2203763
2203765
2203775
2203783
2203792
2203802
2203806
2203810
2203812
2203813
2203814
2203819
2203820
2203821
2203823
2203836
2203839
2203840
2203841
2203842
2203843
2203844
2203853
2203860
2203861
2203862
2203865
2203868
2203875
2203877
2203883
2203887
2203888
2203890
2203892
2203901
2203903
2203907
2203921
2203930
2203935
2203939
2203946
2203950
2203951
2203954
2203968
2203970
2203972
2203982
2203984
2203987
2203990
2204004
2204005
2204010
2204011
2204018
2204022
2204024
2204033
2204036
2204037
2204041
2204045
2204049
2204050
2204052
2204061
2204067
2204069
2204071
2204076
2204078
2204083
2204084
2204085
2204088
2204089
2204092
2204093
2204096
2204100
2204108
2204143
2204150
2204151
2204156
2204159
2204169
2204175
2204182
2204200
2204201
2204203
2204205
2204207
2204212
2204215
2204216
2204218
2204222
2204246
2204252
2204273
2204276
2204285
2204298
2204318
2204331
2204332
2204341
2204344
2204345
2204349
2204353
2204355
2204362
2204375
2204378
2204383
2204385
2204388
2204389
2204406
2204419
2204429
2204439
2204444
2204463
2204476
2204479
2204484
2204496
2204497
2204514
2204515
2204517
2204519
2204526
2204538
2204553
2204555
2204556
2204557
2204558
2204566
2204573
2204574
2204578
2204588
2204589
2204596
2204606
2204610
2204613
2204614
2204616
2204620
2204622
2204628
2204640
2204653
2204657
2204661
2204672
2204679
2204683
2204686
2204689
2204692
2204694
2204699
2204704
2204705
2204710
2204721
2204724
2204726
2204736
2204740
2204746
2204749
2204762
2204768
2204769
2204773
2204777
2204778
2204787
2204792
2204794
2204808
2204810
2204816
2204825
2204827
2204830
2204844
2204850
2204853
2204863
2204866
2204867
2204877
2204878
2204886
2204895
2204902
2204910
2204920
2204925
2204930
2204935
2204941
2204946
2204949
2204955
2204957
2204963
2204965
2204971
2204995
2204996
2205001
2205012
2205015
2205024
2205042
2205043
2205048
2205052
2205059
2205066
2205073
2205075
2205089
2205093
2205099
2205102
2205105
2205108
2205109
2205116
2205119
2205124
2205137
2205140
2205153
2205159
2205160
2205163
2205165
2205178
2205182
2205188
2205191
2205198
2205200
2205210
2205211
2205214
2205224
2205228
2205231
2205233
2205243
2205244
2205245
2205263
2205265
2205278
2205292
2205298
2205299
2205308
2205310
2205313
2205314
2205316
2205327
2205337
2205340
2205343
2205349
2205354
2205355
2205364
2205367
2205369
2205375
2205380
2205382
2205383
2205384
2205386
2205392
2205395
2205396
2205398
2205410
2205415
2205418
2205425
2205431
2205433
2205437
2205438
2205441
2205456
2205457
2205462
2205463
2205469
2205470
2205473
2205475
2205491
2205500
2205504
2205510
2205521
2205522
2205543
2205548
2205549
2205566
2205568
2205573
2205578
2205580
2205582
2205587
2205590
2205591
2205594
2205601
2205602
2205607
2205609
2205626
2205634
2205635
2205640
2205641
2205650
2205653
2205660
2205682
2205689
2205691
2205694
2205696
2205721
2205725
2205734
2205747
2205748
2205750
2205774
2205776
2205787
2205792
2205794
2205801
2205802
2205806
2205809
2205817
2205821
2205824
2205826
2205827
2205831
2205834
2205840
2205841
2205844
2205866
2205867
2205872
2205874
2205879
2205882
2205893
2205896
2205899
2205903
2205921
2205922
2205923
2205926
2205927
2205928
2205929
2205933
2205939
2205941
2205950
2205954
2205958
2205979
2205985
2205986
2205996
2206010
2206014
2206032
2206033
2206034
2206035
2206039
2206041
2206044
2206049
2206050
2206054
2206055
2206059
2206064
2206065
2206066
2206067
2206074
2206075
2206084
2206090
2206091
2206096
2206101
2206114
2206117
2206119
2206125
2206136
2206166
2206172
2206175
2206185
2206194
2206195
2206206
2206213
2206217
2206222
2206229
2206231
2206233
2206236
2206239
2206240
2206263
2206277
2206292
2206295
2206297
2206299
2206300
2206311
2206323
2206328
2206336
2206337
2206340
2206341
2206344
2206358
2206360
2206361
2206362
2206366
2206378
2206380
2206382
2206386
2206392
2206393
2206396
2206397
2206403
2206404
2206407
2206417
2206428
2206431
2206448
2206456
2206474
2206483
2206484
2206510
2206512
2206514
2206515
2206517
2206521
2206522
2206526
2206553
2206566
2206572
2206580
2206592
2206613
2206615
2206616
2206621
2206622
2206627
2206628
2206632
2206641
2206645
2206648
2206649
2206654
2206655
2206657
2206667
2206668
2206694
2206706
2206718
2206731
2206742
2206743
2206744
2206747
2206752
2206758
2206763
2206768
2206770
2206777
2206779
2206781
2206783
2206784
2206786
2206790
2206794
2206796
2206797
2206799
2206803
2206806
2206807
2206809
2206815
2206822
2206825
2206829
2206831
2206834
2206837
2206840
2206846
2206855
2206857
2206863
2206876
2206879
2206885
2206896
2206897
2206904
2206906
2206912
2206913
2206922
2206925
2206927
2206933
2206935
2206947
2206950
2206952
2206957
2206963
2206970
2206974
2206975
2206977
2206978
2206979
2206980
2206987
2206994
2206995
2207000
2207001
2207009
2207010
2207013
2207018
2207023
2207024
2207033
2207036
2207038
2207039
2207046
2207051
2207052
2207060
2207063
2207068
2207069
2207073
2207083
2207085
2207100
2207109
2207110
2207112
2207113
2207114
2207116
2207119
2207133
2207135
2207144
2207146
2207151
2207154
2207157
2207169
2207170
2207176
2207191
2207195
2207199
2207200
2207201
2207204
2207211
2207220
2207222
2207224
2207230
2207231
2207235
2207237
2207238
2207251
2207257
2207263
2207264
2207266
2207271
2207276
2207281
2207300
2207302
2207315
2207317
2207321
2207327
2207331
2207339
2207346
2207351
2207352
2207355
2207364
2207370
2207373
2207374
2207390
2207392
2207412
2207414
2207416
2207417
2207419
2207424
2207429
2207430
2207431
2207434
2207436
2207439
2207456
2207460
2207465
2207483
2207484
2207486
2207495
2207503
2207504
2207509
2207513
2207515
2207524
2207532
2207545
2207550
2207557
2207558
2207560
2207571
2207574
2207577
2207584
2207595
2207596
2207597
2207603
2207605
2207609
2207612
2207619
2207641
2207646
2207647
2207648
2207652
2207653
2207656
2207667
2207670
2207675
2207682
2207689
2207691
2207696
2207700
2207709
2207717
2207720
2207722
2207724
2207729
2207732
2207733
2207734
2207753
2207759
2207761
2207764
2207773
2207775
2207777
2207782
2207788
2207804
2207807
2207812
2207821
2207822
2207825
2207830
2207836
2207837
2207840
2207845
2207851
2207856
2207861
2207884
2207900
2207902
2207906
2207909
2207911
2207913
2207920
2207923
2207938
2207944
2207951
2207955
2207956
2207960
2207971
2207978
2207986
2207989
2207996
2208006
2208008
2208023
2208025
2208034
2208035
2208037
2208054
2208063
2208071
2208074
2208075
2208091
2208098
2208099
2208116
2208129
2208141
2208144
2208150
2208153
2208157
2208164
2208169
2208198
2208204
2208210
2208211
2208222
2208223
2208229
2208248
2208251
2208252
2208253
2208256
2208264
2208271
2208278
2208281
2208286
2208291
2208301
2208307
2208309
2208310
2208314
2208318
2208334
2208335
2208339
2208344
2208351
2208358
2208365
2208367
2208368
2208373
2208388
2208389
2208390
2208394
2208401
2208402
2208403
2208405
2208406
2208407
2208418
2208424
2208425
2208441
2208449
2208450
2208451
2208456
2208460
2208462
2208471
2208472
2208475
2208478
2208488
2208493
2208498
2208508
2208512
2208523
2208539
2208548
2208558
2208565
2208571
2208573
2208583
2208590
2208591
2208596
2208604
2208605
2208606
2208608
2208614
2208616
2208618
2208622
2208626
2208628
2208634
2208635
2208639
2208648
2208651
2208657
2208658
2208665
2208666
2208679
2208681
2208687
2208688
2208690
2208692
2208693
2208695
2208715
2208718
2208729
2208730
2208732
2208735
2208736
2208745
2208746
2208748
2208749
2208755
2208762
2208776
2208780
2208784
2208785
2208800
2208803
2208809
2208813
2208818
2208821
2208827
2208834
2208839
2208846
2208847
2208848
2208850
2208856
2208857
2208860
2208871
2208872
2208881
2208891
2208892
2208901
2208902
2208905
2208908
2208910
2208920
2208926
2208931
2208942
2208952
2208963
2208968
2208972
2208979
2208984
2208990
2208993
2209004
2209016
2209021
2209024
2209029
2209032
2209043
2209053
2209058
2209066
2209081
2209090
2209097
2209106
2209108
2209111
2209114
2209115
2209117
2209123
2209124
2209125
2209131
2209132
2209133
2209144
2209146
2209149
2209150
2209152
2209153
2209154
2209166
2209167
2209170
2209171
2209186
2209197
2209209
2209212
2209213
2209215
2209218
2209227
2209228
2209236
2209241
2209248
2209260
2209274
2209288
2209289
2209298
2209301
2209306
2209320
2209324
2209330
2209335
2209339
2209348
2209355
2209357
2209362
2209364
2209371
2209374
2209376
2209377
2209379
2209381
2209404
2209407
2209408
2209416
2209424
2209429
2209432
2209437
2209456
2209460
2209462
2209471
2209484
2209502
2209504
2209507
2209508
2209530
2209532
2209543
2209544
2209550
2209556
2209561
2209562
2209565
2209566
2209567
2209571
2209574
2209575
2209580
2209589
2209598
2209601
2209603
2209604
2209615
2209618
2209628
2209632
2209636
2209641
2209650
2209652
2209657
2209664
2209665
2209673
2209691
2209692
2209696
2209707
2209710
2209713
2209719
2209720
2209723
2209741
2209749
2209755
2209762
2209763
2209765
2209767
2209777
2209780
2209786
2209791
2209792
2209804
2209818
2209819
2209824
2209833
2209835
2209837
2209844
2209845
2209852
2209854
2209856
2209862
2209868
2209869
2209874
2209877
2209878
2209883
2209885
2209901
2209903
2209907
2209913
2209919
2209921
2209927
2209928
2209932
2209942
2209962
2209967
2209968
2209975
2209984
2209988
2209994
2210003
2210005
2210006
2210011
2210016
2210029
2210030
2210035
2210045
2210050
2210052
2210055
2210069
2210070
2210077
2210078
2210079
2210083
2210089
2210094
2210099
2210106
2210111
2210125
2210130
2210146
2210165
2210166
2210169
2210171
2210174
2210180
2210196
2210204
2210213
2210215
2210223
2210229
2210231
2210233
2210236
2210237
2210244
2210247
2210248
2210249
2210250
2210251
2210252
2210261
2210273
2210277
2210280
2210283
2210293
2210294
2210295
2210311
2210316
2210321
2210323
2210327
2210328
2210330
2210343
2210347
2210356
2210365
2210368
2210370
2210380
2210384
2210399
2210408
2210417
2210420
2210425
2210426
2210428
2210429
2210437
2210445
2210447
2210454
2210457
2210464
2210465
2210470
2210471
2210483
2210489
2210492
2210496
2210499
2210506
2210507
2210508
2210520
2210530
2210533
2210544
2210547
2210549
2210552
2210554
2210557
2210558
2210565
2210567
2210572
2210573
2210583
2210587
2210590
2210596
2210599
2210600
2210606
2210613
2210616
2210618
2210619
2210622
2210623
2210624
2210629
2210630
2210632
2210638
2210642
2210650
2210655
2210661
2210670
2210676
2210679
2210719
2210720
2210726
2210732
2210740
2210742
2210747
2210748
2210749
2210751
2210754
2210760
2210762
2210767
2210769
2210778
2210786
2210804
2210806
2210812
2210815
2210818
2210819
2210821
2210838
2210842
2210860
2210863
2210867
2210871
2210874
2210879
2210885
2210890
2210909
2210912
2210917
2210920
2210927
2210939
2210948
2210950
2210953
2210958
2210962
2210965
2210968
2210971
2210984
2210988
2210991
2210997
2211000
2211012
2211017
2211022
2211036
2211046
2211050
2211053
2211062
2211065
2211069
2211071
2211080
2211097
2211105
2211109
2211114
2211119
2211125
2211141
2211144
2211156
2211169
2211171
2211176
2211201
2211204
2211205
2211222
2211228
2211239
2211241
2211247
2211248
2211251
2211253
2211255
2211257
2211258
2211260
2211261
2211263
2211271
2211293
2211303
2211305
2211311
2211332
2211338
2211339
2211343
2211361
2211365
2211370
2211378
2211380
2211385
2211393
2211399
2211402
2211403
2211418
2211421
2211428
2211434
2211435
2211440
2211445
2211454
2211458
2211481
2211483
2211487
2211503
2211516
2211533
2211535
2211540
2211550
2211552
2211555
2211563
2211565
2211566
2211568
2211571
2211590
2211594
2211595
2211597
2211609
2211621
2211627
2211632
2211633
2211652
2211656
2211657
2211658
2211660
2211662
2211663
2211670
2211671
2211672
2211675
2211689
2211708
2211750
2211752
2211753
2211754
2211757
2211759
2211761
2211763
2211767
2211774
2211776
2211791
2211793
2211801
2211810
2211811
2211827
2211830
2211832
2211833
2211834
2211835
2211839
2211841
2211845
2211856
2211862
2211866
2211873
2211874
2211875
2211880
2211884
2211885
2211894
2211899
2211903
2211909
2211923
2211926
2211939
2211940
2211942
2211944
2211946
2211952
2211954
2211955
2211957
2211970
2211971
2211975
2211976
2211978
2211982
2211986
2211999
2212001
2212003
2212008
2212030
2212032
2212036
2212037
2212040
2212046
2212057
2212071
2212088
2212096
2212102
2212105
2212108
2212109
2212111
2212122
2212123
2212131
2212133
2212138
2212148
2212151
2212154
2212164
2212171
2212173
2212179
2212196
2212211
2212224
2212230
2212239
2212243
2212246
2212249
2212255
2212256
2212262
2212268
2212270
2212272
2212274
2212275
2212281
2212282
2212284
2212295
2212299
2212303
2212308
2212315
2212327
2212329
2212346
2212352
2212363
2212369
2212383
2212388
2212405
2212417
2212419
2212431
2212437
2212439
2212446
2212449
2212460
2212462
2212463
2212469
2212472
2212477
2212485
2212509
2212510
2212515
2212531
2212535
2212543
2212544
2212556
2212564
2212570
2212576
2212599
2212612
2212616
2212624
2212637
2212639
2212645
2212647
2212648
2212656
2212659
2212666
2212668
2212669
2212671
2212686
2212690
2212696
2212709
2212711
2212722
2212724
2212726
2212731
2212740
2212742
2212743
2212747
2212762
2212766
2212769
2212772
2212774
2212780
2212784
2212785
2212787
2212789
2212808
2212809
2212812
2212813
2212817
2212819
2212821
2212826
2212827
2212829
2212831
2212833
2212834
2212848
2212855
2212858
2212869
2212870
2212882
2212889
2212908
2212926
2212928
2212935
2212939
2212943
2212945
2212946
2212960
2212969
2212975
2212977
2212978
2212981
2212993
2213003
2213009
2213018
2213030
2213034
2213036
2213043
2213047
2213051
2213064
2213074
2213077
2213080
2213081
2213089
2213095
2213100
2213108
2213113
2213114
2213117
2213118
2213125
2213130
2213134
2213135
2213137
2213138
2213144
2213150
2213164
2213167
2213176
2213177
2213178
2213181
2213187
2213188
2213189
2213194
2213195
2213196
2213199
2213204
2213209
2213220
2213223
2213224
2213225
2213228
2213229
2213230
2213234
2213236
2213237
2213257
2213260
2213261
2213268
2213271
2213272
2213273
2213275
2213284
2213286
2213289
2213294
2213295
2213312
2213314
2213326
2213332
2213333
2213340
2213351
2213359
2213362
2213368
2213373
2213374
2213385
2213386
2213387
2213394
2213400
2213401
2213414
2213416
2213417
2213419
2213422
2213430
2213441
2213442
2213443
2213450
2213453
2213463
2213465
2213466
2213470
2213476
2213484
2213495
2213500
2213514
2213519
2213523
2213540
2213544
2213547
2213548
2213551
2213554
2213558
2213563
2213566
2213568
2213579
2213580
2213588
2213589
2213599
2213603
2213606
2213610
2213615
2213619
2213623
2213629
2213632
2213639
2213648
2213650
2213653
2213658
2213659
2213660
2213662
2213669
2213673
2213675
2213676
2213684
2213686
2213692
2213698
2213699
2213708
2213709
2213712
2213721
2213726
2213731
2213734
2213735
2213736
2213752
2213757
2213762
2213766
2213771
2213772
2213776
2213777
2213780
2213782
2213783
2213784
2213786
2213797
2213804
2213807
2213809
2213816
2213820
2213823
2213826
2213828
2213832
2213855
2213867
2213870
2213876
2213882
2213883
2213890
2213891
2213900
2213911
2213918
2213929
2213934
2213937
2213938
2213941
2213962
2213966
2213972
2213983
2213986
2213988
2213991
2213993
2213994
2214004
2214006
2214013
2214018
2214023
2214024
2214035
2214049
2214050
2214055
2214062
2214068
2214079
2214080
2214085
2214088
2214094
2214099
2214110
2214112
2214119
2214120
2214122
2214124
2214127
2214139
2214144
2214146
2214150
2214152
2214154
2214161
2214162
2214163
2214171
2214174
2214175
2214179
2214180
2214182
2214186
2214193
2214199
2214201
2214202
2214203
2214229
2214233
2214234
2214235
2214238
2214241
2214248
2214254
2214258
2214273
2214276
2214278
2214283
2214292
2214296
2214314
2214315
2214324
2214325
2214327
2214341
2214345
2214357
2214363
2214364
2214371
2214372
2214375
2214376
2214384
2214389
2214393
2214396
2214404
2214408
2214422
2214423
2214424
2214426
2214427
2214436
2214446
2214469
2214478
2214482
2214483
2214485
2214504
2214527
2214530
2214534
2214537
2214542
2214549
2214565
2214570
2214574
2214579
2214580
2214582
2214584
2214586
2214587
2214599
2214600
2214601
2214603
2214606
2214609
2214610
2214613
2214620
2214626
2214630
2214632
2214634
2214644
2214645
2214646
2214655
2214660
2214664
2214668
2214673
2214677
2214684
2214686
2214689
2214700
2214706
2214708
2214710
2214711
2214732
2214740
2214741
2214746
2214748
2214755
2214756
2214778
2214782
2214786
2214787
2214791
2214793
2214801
2214803
2214807
2214813
2214818
2214819
2214829
2214835
2214837
2214843
2214854
2214865
2214869
2214874
2214876
2214887
2214892
2214913
2214926
2214934
2214935
2214939
2214942
2214945
2214947
2214952
2214954
2214961
2214964
2214966
2214968
2214970
2214972
2214978
2214979
2214983
2214984
2214985
2214993
2214994
2214998
2215003
2215010
2215016
2215017
2215020
2215021
2215026
2215027
2215035
2215038
2215039
2215041
2215051
2215055
2215063
2215072
2215075
2215078
2215080
2215081
2215091
2215099
2215107
2215116
2215121
2215123
2215133
2215134
2215135
2215137
2215146
2215149
2215177
2215180
2215185
2215186
2215188
2215195
2215196
2215199
2215210
2215219
2215224
2215228
2215242
2215247
2215255
2215256
2215261
2215262
2215271
2215272
2215277
2215280
2215285
2215295
2215304
2215308
2215309
2215316
2215325
2215331
2215337
2215339
2215351
2215365
2215366
2215374
2215388
2215393
2215395
2215419
2215422
2215425
2215428
2215438
2215439
2215444
2215455
2215457
2215466
2215469
2215470
2215472
2215474
2215482
2215493
2215495
2215503
2215508
2215513
2215514
2215518
2215520
2215527
2215534
2215541
2215550
2215563
2215570
2215583
2215593
2215617
2215630
2215631
2215633
2215634
2215638
2215646
2215649
2215651
2215657
2215685
2215695
2215697
2215706
2215709
2215710
2215711
2215729
2215741
2215753
2215755
2215756
2215776
2215777
2215779
2215780
2215804
2215807
2215834
2215835
2215837
2215840
2215849
2215855
2215867
2215869
2215870
2215876
2215884
2215886
2215888
2215889
2215896
2215905
2215908
2215917
2215922
2215925
2215926
2215930
2215932
2215936
2215937
2215946
2215972
2215974
2215975
2215978
2215987
2215989
2215991
2215994
2216007
2216016
2216021
2216024
2216036
2216039
2216044
2216048
2216059
2216074
2216098
2216101
2216104
2216107
2216109
2216116
2216125
2216132
2216141
2216146
2216155
2216165
2216168
2216169
2216171
2216172
2216174
2216177
2216183
2216186
2216198
2216200
2216203
2216206
2216207
2216216
2216219
2216220
2216223
2216225
2216235
2216245
2216261
2216262
2216270
2216272
2216273
2216278
2216283
2216286
2216291
2216292
2216311
2216319
2216324
2216329
2216333
2216336
2216337
2216339
2216340
2216345
2216348
2216357
2216367
2216370
2216372
2216374
2216377
2216378
2216379
2216383
2216396
2216407
2216420
2216434
2216438
2216441
2216444
2216447
2216448
2216451
2216457
2216472
2216476
2216477
2216478
2216482
2216488
2216495
2216505
2216511
2216522
2216536
2216549
2216550
2216552
2216560
2216561
2216562
2216579
2216583
2216585
2216588
2216593
2216594
2216602
2216606
2216609
2216611
2216612
2216626
2216629
2216631
2216632
2216637
2216655
2216675
2216679
2216682
2216690
2216691
2216699
2216701
2216703
2216707
2216718
2216729
2216736
2216740
2216746
2216748
2216754
2216760
2216769
2216780
2216783
2216785
2216786
2216788
2216790
2216792
2216797
2216798
2216801
2216804
2216806
2216807
2216808
2216809
2216826
2216831
2216834
2216835
2216841
2216846
2216853
2216855
2216858
2216860
2216867
2216875
2216882
2216887
2216894
2216895
2216898
2216900
2216901
2216902
2216905
2216906
2216912
2216922
2216923
2216925
2216926
2216930
2216934
2216947
2216952
2216953
2216958
2216960
2216962
2216976
2216984
2216986
2216990
2216992
2216995
2217008
2217024
2217026
2217053
2217054
2217063
2217070
2217080
2217085
2217091
2217096
2217098
2217100
2217101
2217105
2217115
2217121
2217130
2217132
2217133
2217136
2217137
2217139
2217145
2217148
2217150
2217151
2217152
2217155
2217161
2217175
2217177
2217196
2217198
2217199
2217204
2217227
2217228
2217230
2217232
2217241
2217244
2217245
2217248
2217250
2217259
2217263
2217279
2217280
2217282
2217285
2217291
2217292
2217300
2217302
2217304
2217305
2217311
2217324
2217333
2217336
2217339
2217363
2217371
2217378
2217384
2217387
2217399
2217408
2217411
2217412
2217416
2217417
2217425
2217426
2217428
2217434
2217437
2217440
2217442
2217445
2217460
2217466
2217470
2217472
2217473
2217475
2217476
2217477
2217482
2217485
2217489
2217491
2217499
2217522
2217533
2217542
2217546
2217554
2217558
2217559
2217572
2217598
2217599
2217604
2217613
2217622
2217625
2217629
2217638
2217640
2217641
2217643
2217645
2217651
2217663
2217664
2217668
2217669
2217671
2217673
2217674
2217689
2217694
2217697
2217699
2217703
2217707
2217712
2217737
2217742
2217754
2217763
2217765
2217771
2217775
2217778
2217784
2217786
2217791
2217793
2217794
2217798
2217804
2217812
2217815
2217818
2217826
2217844
2217848
2217852
2217853
2217859
2217864
2217874
2217881
2217882
2217888
2217897
2217898
2217910
2217915
2217918
2217924
2217929
2217934
2217943
2217953
2217960
2217964
2217967
2217973
2217979
2217989
2217991
2217992
2217998
2217999
2218005
2218027
2218032
2218037
2218038
2218043
2218046
2218047
2218049
2218053
2218054
2218057
2218066
2218070
2218075
2218083
2218087
2218092
2218093
2218094
2218114
2218115
2218118
2218119
2218120
2218124
2218126
2218128
2218138
2218139
2218140
2218142
2218145
2218146
2218164
2218165
2218168
2218192
2218202
2218205
2218213
2218215
2218218
2218230
2218272
2218277
2218279
2218286
2218305
2218313
2218318
2218322
2218327
2218334
2218357
2218360
2218369
2218370
2218373
2218381
2218383
2218385
2218389
2218393
2218412
2218431
2218432
2218447
2218456
2218460
2218474
2218476
2218488
2218490
2218494
2218497
2218501
2218508
2218510
2218522
2218529
2218535
2218536
2218539
2218544
2218556
2218567
2218568
2218571
2218574
2218576
2218578
2218585
2218587
2218588
2218590
2218591
2218594
2218596
2218599
2218603
2218604
2218609
2218611
2218613
2218615
2218624
2218636
2218637
2218638
2218640
2218647
2218652
2218653
2218658
2218662
2218667
2218686
2218698
2218700
2218706
2218710
2218712
2218713
2218714
2218722
2218725
2218730
2218738
2218745
2218750
2218752
2218768
2218788
2218797
2218799
2218814
2218828
2218829
2218835
2218844
2218848
2218865
2218872
2218903
2218909
2218935
2218941
2218943
2218961
2218964
2218969
2218981
2218997
2218999
2219012
2219018
2219023
2219027
2219030
2219035
2219038
2219051
2219057
2219058
2219060
2219061
2219063
2219069
2219078
2219082
2219086
2219087
2219091
2219093
2219106
2219111
2219119
2219140
2219147
2219154
2219155
2219163
2219172
2219175
2219178
2219179
2219189
2219191
2219193
2219194
2219199
2219207
2219241
2219244
2219245
2219246
2219250
2219256
2219258
2219259
2219265
2219266
2219270
2219277
2219286
2219295
2219297
2219307
2219308
2219312
2219316
2219321
2219333
2219336
2219346
2219347
2219349
2219359
2219361
2219367
2219370
2219372
2219374
2219384
2219395
2219397
2219408
2219411
2219418
2219426
2219442
2219451
2219453
2219462
2219473
2219477
2219478
2219483
2219488
2219491
2219494
2219498
2219500
2219501
2219505
2219509
2219510
2219511
2219516
2219527
2219530
2219540
2219548
2219553
2219560
2219564
2219569
2219577
2219588
2219591
2219606
2219608
2219611
2219628
2219631
2219645
2219646
2219654
2219660
2219665
2219681
2219686
2219688
2219694
2219698
2219699
2219704
2219709
2219711
2219713
2219727
2219735
2219740
2219743
2219749
2219754
2219762
2219764
2219766
2219767
2219768
2219769
2219773
2219775
2219776
2219793
2219805
2219810
2219826
2219833
2219837
2219839
2219844
2219853
2219855
2219860
2219887
2219888
2219890
2219892
2219894
2219897
2219917
2219920
2219927
2219930
2219936
2219938
2219946
2219949
2219951
2219957
2219960
2219962
2219965
2219968
2219970
2219972
2219973
2219978
2219985
2219986
2219992
2220006
2220018
2220027
2220028
2220038
2220041
2220047
2220051
2220061
2220065
2220072
2220076
2220091
2220092
2220093
2220099
2220103
2220104
2220112
2220114
2220124
2220126
2220131
2220133
2220150
2220153
2220157
2220163
2220165
2220169
2220175
2220176
2220186
2220189
2220201
2220204
2220206
2220209
2220212
2220213
2220220
2220225
2220232
2220233
2220235
2220242
2220248
2220253
2220254
2220272
2220283
2220293
2220297
2220303
2220306
2220327
2220328
2220331
2220333
2220350
2220362
2220366
2220383
2220392
2220395
2220397
2220398
2220407
2220411
2220413
2220414
2220417
2220421
2220428
2220429
2220432
2220438
2220444
2220447
2220461
2220474
2220479
2220480
2220488
2220490
2220493
2220498
2220500
2220517
2220518
2220520
2220522
2220529
2220532
2220536
2220540
2220542
2220551
2220560
2220561
2220565
2220567
2220568
2220575
2220580
2220581
2220584
2220590
2220596
2220597
2220599
2220600
2220601
2220604
2220629
2220638
2220641
2220653
2220666
2220669
2220671
2220674
2220677
2220678
2220682
2220710
2220716
2220719
2220722
2220736
2220745
2220749
2220750
2220752
2220767
2220768
2220769
2220771
2220782
2220787
2220788
2220790
2220820
2220823
2220825
2220828
2220831
2220832
2220843
2220849
2220850
2220853
2220854
2220862
2220863
2220865
2220870
2220882
2220888
2220889
2220891
2220894
2220895
2220896
2220899
2220900
2220902
2220909
2220924
2220936
2220942
2220945
2220958
2220974
2220975
2220976
2220980
2220987
2220990
2220992
2220993
2220999
2221004
2221014
2221032
2221042
2221051
2221075
2221091
2221098
2221110
2221111
2221119
2221125
2221127
2221141
2221142
2221145
2221152
2221153
2221158
2221162
2221163
2221168
2221170
2221180
2221187
2221211
2221213
2221215
2221223
2221233
2221240
2221243
2221259
2221262
2221263
2221267
2221270
2221283
2221288
2221292
2221293
2221299
2221301
2221308
2221313
2221317
2221322
2221330
2221332
2221345
2221347
2221352
2221360
2221368
2221371
2221372
2221377
2221379
2221381
2221382
2221387
2221389
2221405
2221411
2221419
2221427
2221440
2221444
2221447
2221452
2221456
2221460
2221464
2221465
2221479
2221484
2221489
2221490
2221491
2221499
2221503
2221511
2221516
2221524
2221526
2221531
2221533
2221539
2221547
2221549
2221551
2221552
2221553
2221555
2221558
2221562
2221564
2221567
2221569
2221571
2221580
2221581
2221583
2221590
2221591
2221592
2221594
2221610
2221612
2221617
2221620
2221627
2221640
2221641
2221645
2221646
2221647
2221650
2221653
2221655
2221659
2221660
2221666
2221668
2221676
2221680
2221695
2221697
2221699
2221701
2221710
2221713
2221716
2221730
2221733
2221740
2221744
2221748
2221750
2221758
2221759
2221770
2221780
2221794
2221796
2221797
2221800
2221805
2221808
2221809
2221813
2221819
2221821
2221822
2221831
2221838
2221844
2221862
2221863
2221873
2221875
2221876
2221885
2221887
2221893
2221899
2221901
2221912
2221917
2221930
2221931
2221933
2221937
2221958
2221965
2221968
2221972
2221981
2221985
2221991
2221992
2222007
2222018
2222020
2222025
2222036
2222043
2222045
2222051
2222063
2222067
2222069
2222073
2222077
2222089
2222094
2222098
2222120
2222132
2222134
2222137
2222138
2222140
2222149
2222150
2222161
2222163
2222174
2222176
2222186
2222195
2222196
2222202
2222205
2222207
2222220
2222222
2222226
2222238
2222240
2222243
2222244
2222253
2222254
2222261
2222264
2222269
2222277
2222283
2222289
2222291
2222310
2222313
2222315
2222316
2222320
2222347
2222349
2222368
2222376
2222377
2222389
2222390
2222398
2222399
2222409
2222428
2222430
2222432
2222435
2222444
2222460
2222465
2222473
2222486
2222489
2222491
2222503
2222505
2222512
2222514
2222517
2222524
2222525
2222528
2222535
2222541
2222542
2222549
2222553
2222554
2222555
2222559
2222579
2222581
2222584
2222585
2222593
2222598
2222603
2222604
2222605
2222612
2222623
2222625
2222628
2222631
2222632
2222639
2222643
2222644
2222647
2222648
2222652
2222654
2222662
2222673
2222681
2222687
2222694
2222696
2222712
2222714
2222727
2222729
2222732
2222745
2222766
2222775
2222777
2222780
2222785
2222790
2222795
2222811
2222816
2222819
2222821
2222822
2222825
2222835
2222841
2222845
2222847
2222855
2222865
2222868
2222871
2222875
2222893
2222896
2222901
2222903
2222904
2222913
2222916
2222917
2222929
2222930
2222938
2222943
2222951
2222956
2222959
2222964
2222966
2222973
2222982
2222992
2222993
2222998
2223001
2223004
2223013
2223017
2223024
2223027
2223036
2223038
2223040
2223055
2223069
2223079
2223083
2223084
2223089
2223098
2223102
2223105
2223111
2223112
2223113
2223127
2223146
2223149
2223154
2223192
2223203
2223207
2223213
2223216
2223217
2223221
2223227
2223234
2223239
2223241
2223245
2223247
2223256
2223261
2223267
2223271
2223276
2223281
2223289
2223306
2223307
2223321
2223322
2223327
2223328
2223332
2223333
2223340
2223348
2223352
2223357
2223358
2223359
2223363
2223365
2223369
2223371
2223375
2223381
2223387
2223388
2223398
2223399
2223408
2223412
2223413
2223428
2223437
2223438
2223445
2223456
2223460
2223462
2223463
2223465
2223472
2223477
2223481
2223485
2223493
2223505
2223509
2223514
2223515
2223527
2223528
2223534
2223535
2223537
2223538
2223545
2223548
2223571
2223575
2223577
2223580
2223582
2223593
2223594
2223605
2223616
2223620
2223621
2223622
2223643
2223645
2223652
2223654
2223655
2223670
2223677
2223679
2223682
2223687
2223690
2223691
2223704
2223708
2223712
2223719
2223721
2223722
2223724
2223739
2223742
2223747
2223748
2223751
2223759
2223760
2223761
2223764
2223766
2223768
2223770
2223778
2223779
2223784
2223807
2223813
2223817
2223827
2223829
2223834
2223837
2223841
2223842
2223852
2223858
2223859
2223864
2223877
2223879
2223885
2223896
2223905
2223913
2223920
2223930
2223936
2223938
2223939
2223955
2223959
2223962
2223964
2223972
2223975
2223982
2223983
2223992
2224001
2224009
2224017
2224018
2224019
2224027
2224030
2224032
2224036
2224038
2224048
2224049
2224052
2224054
2224057
2224066
2224070
2224073
2224076
2224078
2224080
2224084
2224091
2224096
2224102
2224104
2224107
2224116
2224121
2224125
2224128
2224141
2224150
2224164
2224165
2224167
2224168
2224169
2224179
2224181
2224182
2224184
2224190
2224191
2224192
2224197
2224207
2224215
2224228
2224233
2224239
2224242
2224254
2224258
2224260
2224262
2224264
2224265
2224272
2224287
2224290
2224298
2224301
2224303
2224316
2224318
2224320
2224321
2224323
2224329
2224352
2224354
2224359
2224372
2224373
2224376
2224392
2224393
2224402
2224409
2224425
2224439
2224443
2224447
2224463
2224465
2224467
2224468
2224473
2224477
2224481
2224483
2224490
2224495
2224501
2224505
2224509
2224515
2224523
2224541
2224545
2224549
2224550
2224557
2224559
2224560
2224565
2224566
2224584
2224603
2224605
2224614
2224615
2224628
2224631
2224632
2224633
2224634
2224638
2224664
2224667
2224676
2224677
2224680
2224697
2224701
2224704
2224720
2224721
2224728
2224743
2224751
2224759
2224761
2224762
2224770
2224779
2224789
2224790
2224791
2224792
2224793
2224794
2224797
2224804
2224805
2224808
2224809
2224810
2224812
2224815
2224816
2224826
2224828
2224832
2224842
2224843
2224851
2224865
2224869
2224884
2224891
2224894
2224902
2224906
2224918
2224920
2224923
2224930
2224940
2224945
2224948
2224955
2224962
2224966
2224967
2224968
2224979
2224985
2224987
2224991
2224995
2224996
2224998
2225004
2225007
2225010
2225016
2225020
2225022
2225030
2225032
2225033
2225039
2225066
2225067
2225068
2225071
2225077
2225079
2225084
2225088
2225095
2225098
2225107
2225117
2225128
2225135
2225139
2225140
2225144
2225149
2225152
2225156
2225161
2225162
2225166
2225169
2225175
2225176
2225180
2225186
2225188
2225195
2225202
2225212
2225213
2225221
2225230
2225233
2225243
2225246
2225251
2225252
2225254
2225256
2225264
2225265
2225267
2225270
2225274
2225277
2225284
2225306
2225308
2225311
2225321
2225346
2225349
2225351
2225354
2225362
2225365
2225366
2225372
2225376
2225378
2225379
2225385
2225389
2225392
2225394
2225424
2225431
2225450
2225459
2225464
2225465
2225466
2225481
2225488
2225494
2225498
2225500
2225511
2225514
2225525
2225534
2225535
2225537
2225541
2225543
2225546
2225549
2225552
2225560
2225561
2225563
2225572
2225574
2225575
2225593
2225596
2225600
2225606
2225613
2225616
2225643
2225672
2225677
2225685
2225687
2225691
2225692
2225696
2225705
2225707
2225708
2225721
2225728
2225729
2225733
2225735
2225740
2225741
2225742
2225750
2225762
2225773
2225779
2225784
2225787
2225798
2225804
2225809
2225810
2225812
2225826
2225827
2225838
2225849
2225857
2225863
2225866
2225867
2225869
2225870
2225872
2225875
2225879
2225893
2225897
2225904
2225914
2225919
2225922
2225923
2225924
2225925
2225929
2225940
2225942
2225950
2225952
2225955
2225958
2225964
2225969
2225974
2225981
2225983
2225985
2225989
2225990
2225991
2226007
2226019
2226024
2226036
2226039
2226042
2226046
2226049
2226055
2226056
2226068
2226072
2226074
2226075
2226077
2226082
2226083
2226092
2226105
2226106
2226110
2226122
2226124
2226125
2226130
2226139
2226140
2226142
2226144
2226147
2226157
2226162
2226168
2226181
2226183
2226184
2226191
2226196
2226204
2226206
2226217
2226218
2226224
2226232
2226233
2226235
2226239
2226244
2226246
2226248
2226256
2226258
2226260
2226261
2226264
2226265
2226268
2226270
2226290
2226292
2226316
2226323
2226324
2226327
2226336
2226346
2226351
2226357
2226366
2226370
2226372
2226384
2226388
2226392
2226397
2226399
2226408
2226420
2226425
2226436
2226443
2226445
2226449
2226455
2226466
2226478
2226484
2226485
2226490
2226491
2226499
2226503
2226511
2226513
2226514
2226519
2226522
2226525
2226526
2226532
2226541
2226542
2226544
2226550
2226553
2226558
2226561
2226590
2226610
2226612
2226624
2226638
2226640
2226644
2226653
2226662
2226672
2226678
2226685
2226687
2226694
2226698
2226708
2226709
2226717
2226723
2226727
2226728
2226738
2226739
2226745
2226746
2226750
2226755
2226756
2226762
2226766
2226770
2226771
2226772
2226792
2226795
2226807
2226814
2226817
2226822
2226826
2226831
2226850
2226853
2226856
2226865
2226869
2226880
2226883
2226885
2226888
2226889
2226895
2226899
2226904
2226910
2226913
2226915
2226917
2226921
2226931
2226934
2226938
2226939
2226941
2226968
2226971
2226978
2226980
2226984
2226986
2226987
2226992
2227000
2227001
2227008
2227011
2227024
2227031
2227034
2227043
2227044
2227052
2227058
2227071
2227075
2227090
2227092
2227105
2227106
2227118
2227121
2227126
2227137
2227142
2227146
2227151
2227152
2227158
2227171
2227178
2227185
2227197
2227207
2227217
2227227
2227229
2227236
2227241
2227252
2227258
2227264
2227265
2227271
2227278
2227281
2227283
2227310
2227314
2227316
2227321
2227325
2227328
2227329
2227338
2227340
2227342
2227353
2227360
2227367
2227370
2227380
2227384
2227398
2227406
2227410
2227413
2227421
2227423
2227442
2227445
2227446
2227450
2227454
2227455
2227458
2227461
2227467
2227469
2227473
2227480
2227490
2227493
2227494
2227495
2227496
2227508
2227511
2227520
2227526
2227528
2227534
2227538
2227546
2227551
2227561
2227564
2227565
2227570
2227574
2227587
2227589
2227590
2227595
2227596
2227597
2227608
2227609
2227629
2227633
2227646
2227651
2227652
2227653
2227666
2227672
2227674
2227680
2227681
2227690
2227697
2227699
2227703
2227710
2227721
2227728
2227739
2227743
2227744
2227755
2227765
2227767
2227771
2227776
2227780
2227786
2227789
2227792
2227793
2227801
2227805
2227815
2227820
2227821
2227825
2227828
2227829
2227833
2227836
2227858
2227866
2227869
2227870
2227871
2227875
2227877
2227878
2227880
2227900
2227925
2227934
2227942
2227943
2227974
2227986
2228008
2228010
2228013
2228017
2228024
2228025
2228030
2228031
2228037
2228039
2228041
2228047
2228050
2228052
2228054
2228056
2228057
2228060
2228061
2228070
2228072
2228084
2228091
2228098
2228100
2228115
2228119
2228121
2228127
2228128
2228133
2228137
2228138
2228147
2228149
2228154
2228156
2228162
2228164
2228172
2228175
2228185
2228191
2228196
2228197
2228198
2228201
2228202
2228208
2228209
2228214
2228216
2228230
2228234
2228243
2228245
2228247
2228249
2228275
2228282
2228284
2228286
2228288
2228290
2228291
2228299
2228303
2228304
2228318
2228320
2228327
2228332
2228334
2228335
2228340
2228343
2228348
2228349
2228359
2228368
2228369
2228376
2228377
2228381
2228385
2228392
2228398
2228399
2228404
2228407
2228416
2228439
2228448
2228457
2228459
2228467
2228468
2228478
2228482
2228493
2228495
2228498
2228503
2228507
2228508
2228511
2228513
2228524
2228525
2228527
2228528
2228539
2228542
2228548
2228551
2228555
2228556
2228560
2228572
2228578
2228594
2228605
2228610
2228612
2228627
2228632
2228633
2228638
2228643
2228644
2228646
2228668
2228670
2228671
2228672
2228676
2228682
2228683
2228685
2228696
2228703
2228713
2228724
2228727
2228730
2228732
2228734
2228743
2228745
2228769
2228770
2228772
2228773
2228775
2228780
2228791
2228799
2228811
2228812
2228828
2228840
2228841
2228842
2228845
2228847
2228853
2228857
2228859
2228865
2228866
2228872
2228877
2228887
2228888
2228890
2228893
2228897
2228905
2228909
2228911
2228912
2228923
2228927
2228928
2228939
2228943
2228948
2228950
2228953
2228966
2228968
2228969
2228983
2228987
2228991
2229000
2229003
2229024
2229032
2229041
2229047
2229049
2229051
2229056
2229058
2229059
2229065
2229068
2229083
2229086
2229090
2229098
2229100
2229102
2229116
2229121
2229129
2229133
2229137
2229140
2229142
2229147
2229151
2229166
2229169
2229175
2229176
2229190
2229194
2229195
2229196
2229201
2229202
2229211
2229213
2229226
2229229
2229243
2229244
2229245
2229260
2229265
2229270
2229283
2229294
2229300
2229305
2229306
2229307
2229308
2229317
2229334
2229341
2229343
2229361
2229363
2229366
2229367
2229371
2229378
2229381
2229383
2229394
2229395
2229402
2229403
2229407
2229415
2229418
2229421
2229422
2229432
2229434
2229438
2229441
2229444
2229449
2229454
2229460
2229464
2229470
2229478
2229483
2229490
2229499
2229500
2229501
2229502
2229503
2229512
2229515
2229544
2229549
2229552
2229563
2229566
2229586
2229591
2229595
2229600
2229601
2229602
2229621
2229622
2229630
2229636
2229650
2229653
2229661
2229669
2229671
2229672
2229676
2229677
2229678
2229684
2229687
2229689
2229693
2229696
2229713
2229722
2229729
2229741
2229742
2229750
2229751
2229754
2229755
2229765
2229769
2229775
2229785
2229786
2229794
2229813
2229816
2229819
2229831
2229838
2229839
2229854
2229859
2229862
2229871
2229874
2229875
2229876
2229878
2229879
2229880
2229882
2229883
2229889
2229899
2229920
2229928
2229938
2229942
2229945
2229949
2229950
2229956
2229962
2229970
2229972
2229981
2229990
2229993
2230006
2230020
2230029
2230034
2230039
2230040
2230044
2230064
2230066
2230071
2230074
2230077
2230078
2230079
2230084
2230087
2230097
2230101
2230104
2230106
2230116
2230117
2230123
2230129
2230131
2230137
2230143
2230152
2230173
2230175
2230178
2230180
2230190
2230195
2230197
2230200
2230204
2230209
2230214
2230226
2230232
2230235
2230237
2230241
2230244
2230247
2230249
2230268
2230277
2230278
2230281
2230282
2230289
2230290
2230294
2230301
2230304
2230306
2230308
2230311
2230324
2230325
2230327
2230332
2230349
2230350
2230351
2230354
2230355
2230359
2230363
2230382
2230384
2230389
2230391
2230392
2230398
2230404
2230414
2230415
2230420
2230437
2230438
2230440
2230444
2230446
2230455
2230459
2230466
2230468
2230470
2230472
2230488
2230489
2230494
2230495
2230498
2230502
2230509
2230511
2230523
2230526
2230527
2230531
2230535
2230540
2230549
2230555
2230561
2230562
2230564
2230566
2230567
2230570
2230571
2230574
2230578
2230580
2230581
2230582
2230583
2230587
2230591
2230604
2230612
2230631
2230641
2230644
2230649
2230658
2230663
2230664
2230670
2230672
2230684
2230686
2230688
2230691
2230692
2230700
2230707
2230709
2230712
2230724
2230730
2230733
2230741
2230745
2230747
2230748
2230756
2230760
2230765
2230768
2230773
2230782
2230785
2230786
2230791
2230796
2230813
2230819
2230822
2230830
2230837
2230846
2230847
2230848
2230860
2230861
2230862
2230864
2230873
2230876
2230878
2230885
2230892
2230896
2230900
2230904
2230912
2230931
2230938
2230949
2230951
2230954
2230955
2230959
2230960
2230972
2230974
2230976
2230985
2230986
2230990
2230994
2230995
2231001
2231007
2231008
2231012
2231026
2231027
2231031
2231037
2231052
2231056
2231063
2231071
2231079
2231081
2231083
2231084
2231090
2231096
2231097
2231099
2231100
2231104
2231106
2231119
2231124
2231130
2231133
2231137
2231141
2231155
2231162
2231168
2231172
2231174
2231176
2231180
2231185
2231189
2231193
2231200
2231202
2231203
2231205
2231218
2231223
2231224
2231225
2231226
2231239
2231243
2231247
2231249
2231251
2231252
2231256
2231269
2231270
2231276
2231277
2231284
2231292
2231293
2231298
2231305
2231307
2231312
2231319
2231326
2231327
2231359
2231363
2231366
2231375
2231380
2231389
2231419
2231427
2231429
2231431
2231437
2231438
2231446
2231450
2231453
2231463
2231465
2231466
2231467
2231475
2231478
2231483
2231484
2231490
2231494
2231510
2231525
2231532
2231534
2231542
2231567
2231570
2231575
2231578
2231588
2231591
2231607
2231609
2231622
2231628
2231631
2231651
2231659
2231660
2231662
2231664
2231665
2231668
2231671
2231685
2231692
2231696
2231701
2231705
2231716
2231721
2231726
2231731
2231733
2231739
2231740
2231741
2231743
2231747
2231757
2231772
2231773
2231779
2231781
2231790
2231791
2231792
2231797
2231814
2231824
2231829
2231833
2231851
2231854
2231859
2231865
2231872
2231881
2231882
2231885
2231888
2231892
2231901
2231907
2231923
2231929
2231933
2231943
2231948
2231957
2231961
2231974
2231983
2231985
2231990
2231995
2231999
2232006
2232020
2232022
2232024
2232044
2232051
2232064
2232065
2232068
2232074
2232080
2232082
2232084
2232085
2232088
2232089
2232100
2232107
2232110
2232116
2232126
2232127
2232131
2232135
2232139
2232146
2232149
2232155
2232160
2232170
2232176
2232185
2232193
2232197
2232200
2232206
2232211
2232218
2232230
2232234
2232238
2232241
2232242
2232244
2232247
2232252
2232266
2232271
2232281
2232286
2232291
2232297
2232300
2232302
2232322
2232324
2232338
2232342
2232349
2232350
2232353
2232354
2232359
2232361
2232369
2232370
2232371
2232387
2232402
2232416
2232426
2232433
2232439
2232444
2232446
2232449
2232450
2232455
2232456
2232459
2232461
2232462
2232475
2232478
2232479
2232484
2232489
2232495
2232500
2232501
2232509
2232511
2232512
2232526
2232529
2232534
2232544
2232546
2232548
2232552
2232557
2232559
2232563
2232581
2232606
2232607
2232609
2232612
2232627
2232631
2232632
2232640
2232641
2232664
2232670
2232691
2232700
2232705
2232712
2232721
2232727
2232733
2232734
2232736
2232741
2232747
2232751
2232756
2232757
2232762
2232767
2232769
2232780
2232806
2232811
2232812
2232813
2232815
2232824
2232835
2232837
2232839
2232854
2232858
2232884
2232887
2232892
2232893
2232897
2232901
2232909
2232911
2232918
2232922
2232924
2232925
2232927
2232930
2232932
2232942
2232945
2232946
2232957
2232965
2232975
2232976
2233001
2233005
2233006
2233007
2233009
2233011
2233013
2233020
2233025
2233026
2233030
2233032
2233033
2233036
2233037
2233038
2233045
2233047
2233048
2233051
2233053
2233054
2233056
2233067
2233068
2233079
2233082
2233086
2233096
2233098
2233099
2233100
2233104
2233109
2233111
2233114
2233126
2233129
2233145
2233152
2233153
2233155
2233163
2233165
2233169
2233176
2233185
2233198
2233199
2233207
2233209
2233216
2233220
2233221
2233227
2233234
2233236
2233244
2233254
2233255
2233257
2233261
2233267
2233276
2233283
2233296
2233297
2233299
2233318
2233334
2233336
2233337
2233340
2233345
2233347
2233348
2233350
2233362
2233365
2233372
2233373
2233376
2233377
2233384
2233388
2233396
2233404
2233405
2233408
2233413
2233417
2233423
2233430
2233434
2233435
2233438
2233464
2233466
2233467
2233468
2233470
2233475
2233484
2233486
2233496
2233503
2233506
2233513
2233518
2233524
2233528
2233542
2233544
2233547
2233558
2233560
2233573
2233585
2233590
2233602
2233607
2233608
2233610
2233621
2233623
2233624
2233632
2233635
2233649
2233654
2233672
2233673
2233683
2233688
2233691
2233692
2233694
2233697
2233701
2233703
2233704
2233709
2233713
2233718
2233724
2233732
2233733
2233735
2233736
2233741
2233742
2233744
2233749
2233751
2233752
2233753
2233760
2233761
2233765
2233767
2233769
2233772
2233773
2233778
2233779
2233780
2233782
2233784
2233786
2233788
2233801
2233802
2233810
2233813
2233821
2233822
2233824
2233840
2233841
2233842
2233854
2233860
2233862
2233863
2233864
2233866
2233878
2233894
2233896
2233902
2233905
2233906
2233910
2233915
2233916
2233927
2233937
2233938
2233940
2233951
2233955
2233959
2233962
2233967
2233969
2233986
2233997
2234010
2234018
2234025
2234027
2234040
2234052
2234063
2234071
2234074
2234078
2234080
2234082
2234084
2234086
2234090
2234092
2234093
2234096
2234109
2234118
2234121
2234128
2234132
2234137
2234138
2234141
2234145
2234146
2234166
2234170
2234171
2234182
2234188
2234194
2234197
2234203
2234205
2234209
2234210
2234213
2234214
2234216
2234223
2234233
2234234
2234243
2234244
2234247
2234249
2234250
2234252
2234259
2234264
2234273
2234280
2234296
2234298
2234303
2234310
2234315
2234317
2234326
2234331
2234337
2234339
2234346
2234347
2234351
2234364
2234382
2234388
2234391
2234394
2234410
2234414
2234419
2234427
2234429
2234433
2234437
2234452
2234469
2234472
2234485
2234488
2234492
2234506
2234511
2234522
2234536
2234537
2234539
2234540
2234543
2234544
2234548
2234558
2234559
2234565
2234584
2234599
2234610
2234620
2234621
2234626
2234628
2234641
2234643
2234644
2234667
2234670
2234683
2234685
2234689
2234690
2234694
2234698
2234699
2234711
2234714
2234716
2234717
2234718
2234723
2234728
2234730
2234755
2234763
2234764
2234770
2234780
2234784
2234789
2234793
2234795
2234796
2234801
2234808
2234811
2234817
2234822
2234823
2234828
2234838
2234839
2234842
2234847
2234849
2234852
2234870
2234875
2234880
2234890
2234899
2234900
2234905
2234915
2234919
2234928
2234931
2234934
2234936
2234939
2234945
2234954
2234961
2234965
2234968
2234976
2234986
2235002
2235015
2235026
2235039
2235040
2235048
2235056
2235057
2235058
2235059
2235061
2235063
2235072
2235074
2235077
2235090
2235115
2235118
2235120
2235125
2235132
2235133
2235152
2235160
2235164
2235171
2235172
2235176
2235178
2235181
2235188
2235190
2235193
2235200
2235201
2235202
2235207
2235211
2235215
2235222
2235254
2235255
2235262
2235274
2235278
2235284
2235295
2235297
2235299
2235307
2235310
2235312
2235319
2235321
2235323
2235327
2235336
2235342
2235357
2235366
2235370
2235378
2235384
2235390
2235392
2235411
2235413
2235424
2235425
2235430
2235435
2235436
2235452
2235459
2235467
2235470
2235474
2235483
2235485
2235486
2235490
2235498
2235504
2235514
2235515
2235517
2235524
2235526
2235529
2235541
2235558
2235564
2235569
2235573
2235585
2235591
2235592
2235595
2235603
2235618
2235626
2235634
2235644
2235650
2235652
2235657
2235664
2235670
2235675
2235681
2235689
2235700
2235703
2235705
2235707
2235711
2235717
2235720
2235721
2235733
2235735
2235751
2235762
2235771
2235775
2235787
2235789
2235790
2235804
2235805
2235808
2235809
2235813
2235814
2235820
2235833
2235843
2235844
2235858
2235875
2235880
2235882
2235884
2235889
2235895
2235896
2235907
2235908
2235913
2235922
2235927
2235936
2235941
2235947
2235953
2235969
2235972
2235977
2235979
2235980
2235990
2235995
2236012
2236020
2236027
2236035
2236036
2236060
2236064
2236071
2236072
2236083
2236087
2236092
2236097
2236098
2236104
2236106
2236109
2236122
2236131
2236133
2236134
2236142
2236151
2236152
2236154
2236159
2236162
2236179
2236180
2236184
2236190
2236193
2236194
2236195
2236196
2236199
2236200
2236202
2236215
2236216
2236217
2236228
2236235
2236238
2236243
2236246
2236260
2236267
2236268
2236278
2236281
2236299
2236302
2236308
2236319
2236320
2236321
2236328
2236333
2236341
2236342
2236344
2236345
2236347
2236349
2236353
2236357
2236359
2236361
2236367
2236375
2236389
2236400
2236406
2236410
2236413
2236414
2236415
2236417
2236425
2236429
2236437
2236456
2236460
2236463
2236465
2236469
2236477
2236483
2236489
2236500
2236507
2236508
2236510
2236513
2236520
2236526
2236536
2236539
2236540
2236547
2236553
2236561
2236568
2236571
2236573
2236575
2236577
2236588
2236594
2236599
2236602
2236616
2236619
2236625
2236636
2236639
2236642
2236646
2236647
2236650
2236654
2236655
2236663
2236665
2236670
2236678
2236682
2236693
2236701
2236708
2236713
2236714
2236718
2236726
2236727
2236732
2236753
2236762
2236766
2236775
2236777
2236778
2236782
2236787
2236792
2236796
2236801
2236813
2236816
2236818
2236820
2236826
2236830
2236831
2236835
2236836
2236841
2236845
2236851
2236870
2236884
2236887
2236890
2236895
2236898
2236901
2236903
2236912
2236915
2236922
2236925
2236938
2236941
2236954
2236955
2236956
2236969
2236979
2236983
2236989
2236991
2236997
2237005
2237035
2237036
2237037
2237045
2237047
2237050
2237051
2237056
2237057
2237068
2237079
2237082
2237084
2237091
2237111
2237114
2237123
2237126
2237134
2237136
2237140
2237146
2237147
2237153
2237156
2237160
2237163
2237172
2237191
2237192
2237197
2237205
2237221
2237222
2237229
2237230
2237236
2237240
2237241
2237249
2237256
2237265
2237268
2237269
2237286
2237291
2237292
2237295
2237300
2237301
2237302
2237307
2237309
2237317
2237331
2237332
2237333
2237335
2237351
2237359
2237369
2237380
2237386
2237389
2237404
2237407
2237419
2237425
2237428
2237433
2237434
2237436
2237439
2237442
2237444
2237445
2237455
2237459
2237464
2237465
2237467
2237468
2237477
2237479
2237487
2237489
2237506
2237511
2237536
2237542
2237552
2237553
2237576
2237583
2237588
2237589
2237602
2237603
2237607
2237610
2237618
2237619
2237622
2237628
2237629
2237635
2237636
2237646
2237651
2237654
2237656
2237657
2237663
2237665
2237666
2237669
2237695
2237709
2237720
2237724
2237730
2237737
2237743
2237756
2237759
2237761
2237771
2237775
2237777
2237778
2237781
2237792
2237818
2237821
2237826
2237829
2237837
2237838
2237843
2237845
2237851
2237854
2237861
2237862
2237864
2237865
2237872
2237873
2237880
2237881
2237883
2237884
2237890
2237892
2237901
2237907
2237913
2237929
2237932
2237933
2237934
2237936
2237940
2237954
2237962
2237971
2237973
2237989
2237990
2237997
2238002
2238005
2238013
2238017
2238021
2238026
2238027
2238032
2238034
2238041
2238046
2238048
2238069
2238074
2238079
2238083
2238086
2238090
2238095
2238097
2238106
2238111
2238112
2238114
2238123
2238126
2238133
2238136
2238138
2238140
2238144
2238153
2238165
2238169
2238175
2238176
2238178
2238181
2238184
2238187
2238190
2238203
2238206
2238211
2238213
2238214
2238216
2238222
2238223
2238224
2238225
2238230
2238233
2238235
2238237
2238243
2238250
2238263
2238266
2238267
2238271
2238281
2238288
2238290
2238291
2238296
2238302
2238304
2238307
2238310
2238322
2238323
2238327
2238330
2238337
2238341
2238351
2238358
2238361
2238365
2238372
2238374
2238375
2238385
2238397
2238401
2238411
2238413
2238414
2238418
2238419
2238425
2238426
2238433
2238434
2238455
2238456
2238459
2238464
2238473
2238474
2238478
2238484
2238487
2238490
2238495
2238497
2238499
2238509
2238511
2238512
2238516
2238517
2238520
2238524
2238525
2238541
2238549
2238564
2238569
2238575
2238579
2238581
2238589
2238592
2238593
2238605
2238608
2238616
2238626
2238631
2238634
2238636
2238637
2238642
2238647
2238652
2238654
2238660
2238676
2238681
2238682
2238687
2238688
2238689
2238694
2238697
2238705
2238710
2238723
2238728
2238733
2238737
2238744
2238745
2238746
2238750
2238752
2238756
2238758
2238762
2238766
2238777
2238779
2238786
2238788
2238790
2238797
2238798
2238800
2238807
2238812
2238815
2238817
2238818
2238819
2238824
2238825
2238827
2238834
2238848
2238849
2238857
2238859
2238866
2238868
2238870
2238871
2238877
2238879
2238880
2238891
2238893
2238895
2238898
2238902
2238910
2238913
2238916
2238917
2238918
2238927
2238931
2238952
2238959
2238968
2238969
2238972
2238976
2238977
2238980
2238993
2238997
2239003
2239008
2239013
2239015
2239018
2239022
2239024
2239044
2239054
2239060
2239066
2239072
2239081
2239084
2239086
2239087
2239088
2239090
2239096
2239098
2239121
2239126
2239132
2239138
2239153
2239159
2239161
2239170
2239175
2239176
2239179
2239193
2239197
2239205
2239208
2239225
2239226
2239228
2239231
2239243
2239258
2239270
2239280
2239302
2239311
2239312
2239320
2239324
2239326
2239329
2239332
2239338
2239349
2239367
2239370
2239385
2239399
2239405
2239406
2239407
2239409
2239410
2239413
2239414
2239419
2239431
2239438
2239449
2239457
2239459
2239466
2239474
2239489
2239495
2239512
2239517
2239518
2239551
2239557
2239565
2239571
2239579
2239588
2239597
2239601
2239614
2239615
2239622
2239631
2239633
2239643
2239648
2239649
2239670
2239681
2239685
2239687
2239688
2239690
2239705
2239711
2239733
2239734
2239738
2239740
2239743
2239746
2239747
2239748
2239758
2239759
2239772
2239774
2239783
2239786
2239788
2239794
2239795
2239798
2239801
2239804
2239810
2239811
2239815
2239817
2239820
2239824
2239827
2239828
2239841
2239844
2239846
2239855
2239861
2239866
2239868
2239870
2239875
2239878
2239881
2239886
2239890
2239895
2239901
2239902
2239909
2239917
2239919
2239931
2239932
2239937
2239942
2239960
2239977
2239981
2239991
2240006
2240014
2240015
2240017
2240020
2240024
2240027
2240030
2240043
2240046
2240051
2240054
2240056
2240058
2240070
2240072
2240076
2240087
2240091
2240092
2240095
2240099
2240100
2240106
2240110
2240121
2240129
2240131
2240140
2240142
2240149
2240154
2240155
2240165
2240168
2240176
2240185
2240189
2240191
2240192
2240193
2240194
2240195
2240196
2240197
2240203
2240211
2240214
2240219
2240225
2240226
2240229
2240239
2240244
2240255
2240260
2240263
2240266
2240272
2240274
2240281
2240282
2240284
2240303
2240304
2240306
2240311
2240312
2240316
2240322
2240326
2240328
2240332
2240343
2240344
2240349
2240351
2240355
2240356
2240358
2240362
2240375
2240380
2240382
2240383
2240389
2240393
2240405
2240408
2240411
2240420
2240429
2240431
2240434
2240444
2240447
2240448
2240450
2240451
2240459
2240461
2240464
2240469
2240471
2240480
2240484
2240485
2240490
2240491
2240495
2240500
2240508
2240514
2240515
2240530
2240531
2240539
2240544
2240546
2240548
2240549
2240552
2240556
2240557
2240563
2240567
2240568
2240576
2240577
2240592
2240609
2240616
2240623
2240625
2240629
2240633
2240638
2240642
2240646
2240665
2240667
2240669
2240671
2240674
2240675
2240710
2240712
2240717
2240718
2240719
2240723
2240724
2240727
2240738
2240745
2240748
2240762
2240774
2240778
2240780
2240784
2240788
2240799
2240800
2240805
2240808
2240815
2240821
2240834
2240841
2240842
2240855
2240856
2240857
2240865
2240869
2240873
2240874
2240877
2240897
2240909
2240924
2240932
2240936
2240944
2240945
2240951
2240952
2240954
2240977
2240989
2240996
2241008
2241016
2241029
2241033
2241041
2241047
2241052
2241055
2241058
2241066
2241077
2241097
2241108
2241110
2241112
2241116
2241120
2241127
2241139
2241140
2241152
2241153
2241155
2241168
2241169
2241176
2241185
2241186
2241191
2241192
2241194
2241212
2241223
2241227
2241229
2241245
2241253
2241254
2241261
2241265
2241268
2241269
2241275
2241276
2241277
2241282
2241283
2241284
2241286
2241290
2241294
2241299
2241304
2241308
2241309
2241314
2241336
2241339
2241346
2241348
2241355
2241358
2241362
2241364
2241369
2241373
2241374
2241383
2241384
2241388
2241407
2241413
2241421
2241426
2241444
2241451
2241460
2241462
2241464
2241467
2241472
2241483
2241484
2241496
2241499
2241501
2241508
2241512
2241519
2241526
2241529
2241530
2241535
2241540
2241549
2241553
2241565
2241569
2241570
2241581
2241583
2241584
2241585
2241586
2241587
2241590
2241593
2241597
2241598
2241601
2241613
2241631
2241633
2241634
2241637
2241641
2241652
2241666
2241694
2241696
2241706
2241721
2241722
2241726
2241748
2241750
2241752
2241753
2241754
2241763
2241774
2241784
2241793
2241800
2241804
2241810
2241817
2241823
2241836
2241840
2241844
2241851
2241854
2241855
2241868
2241876
2241877
2241879
2241882
2241892
2241902
2241904
2241912
2241915
2241917
2241922
2241924
2241925
2241927
2241929
2241932
2241936
2241937
2241948
2241950
2241952
2241954
2241958
2241961
2241967
2241968
2241969
2241970
2241982
2241989
2241995
2242004
2242005
2242006
2242026
2242028
2242034
2242038
2242045
2242046
2242061
2242068
2242073
2242074
2242077
2242078
2242079
2242081
2242083
2242084
2242086
2242094
2242097
2242116
2242122
2242128
2242138
2242139
2242141
2242142
2242146
2242148
2242149
2242151
2242154
2242156
2242159
2242163
2242173
2242180
2242185
2242196
2242197
2242198
2242201
2242211
2242213
2242214
2242215
2242216
2242227
2242231
2242233
2242244
2242245
2242247
2242249
2242252
2242259
2242260
2242266
2242267
2242294
2242298
2242309
2242315
2242321
2242324
2242325
2242327
2242331
2242337
2242348
2242351
2242359
2242361
2242369
2242370
2242376
2242387
2242393
2242399
2242411
2242413
2242416
2242419
2242422
2242426
2242428
2242429
2242442
2242446
2242447
2242462
2242473
2242475
2242481
2242484
2242485
2242489
2242490
2242497
2242510
2242511
2242535
2242536
2242537
2242541
2242544
2242555
2242557
2242577
2242583
2242585
2242588
2242589
2242591
2242597
2242603
2242606
2242612
2242616
2242617
2242631
2242636
2242641
2242642
2242654
2242664
2242665
2242679
2242682
2242683
2242684
2242692
2242693
2242699
2242706
2242722
2242725
2242731
2242733
2242739
2242740
2242742
2242743
2242755
2242771
2242772
2242780
2242782
2242786
2242787
2242805
2242808
2242809
2242813
2242816
2242817
2242827
2242831
2242837
2242839
2242841
2242849
2242851
2242855
2242868
2242870
2242878
2242881
2242882
2242885
2242887
2242897
2242901
2242903
2242915
2242918
2242919
2242930
2242935
2242948
2242954
2242955
2242959
2242960
2242964
2242985
2242987
2242988
2242989
2242998
2243005
2243006
2243017
2243018
2243021
2243024
2243029
2243036
2243043
2243048
2243049
2243059
2243062
2243080
2243095
2243096
2243109
2243110
2243118
2243121
2243122
2243125
2243127
2243143
2243147
2243149
2243152
2243153
2243165
2243173
2243189
2243205
2243214
2243220
2243227
2243231
2243233
2243243
2243247
2243248
2243250
2243261
2243262
2243264
2243273
2243279
2243282
2243285
2243286
2243288
2243290
2243300
2243304
2243309
2243319
2243323
2243325
2243328
2243333
2243336
2243344
2243345
2243372
2243377
2243383
2243386
2243389
2243395
2243398
2243400
2243404
2243406
2243408
2243409
2243413
2243432
2243433
2243439
2243443
2243447
2243451
2243455
2243463
2243464
2243478
2243483
2243490
2243492
2243495
2243503
2243507
2243509
2243511
2243513
2243517
2243522
2243527
2243536
2243538
2243539
2243543
2243547
2243554
2243557
2243561
2243564
2243569
2243593
2243598
2243603
2243607
2243618
2243623
2243626
2243627
2243631
2243638
2243644
2243651
2243657
2243665
2243666
2243667
2243670
2243671
2243672
2243673
2243684
2243691
2243695
2243697
2243702
2243709
2243711
2243713
2243720
2243726
2243727
2243737
2243746
2243759
2243761
2243766
2243768
2243786
2243787
2243793
2243806
2243814
2243825
2243830
2243832
2243839
2243844
2243847
2243848
2243852
2243853
2243854
2243855
2243860
2243861
2243865
2243866
2243871
2243875
2243879
2243893
2243895
2243911
2243920
2243923
2243928
2243940
2243941
2243952
2243965
2243970
2243973
2243989
2243990
2243994
2244000
2244001
2244005
2244010
2244016
2244026
2244047
2244048
2244057
2244061
2244066
2244073
2244081
2244085
2244088
2244089
2244091
2244094
2244103
2244105
2244108
2244114
2244117
2244121
2244127
2244132
2244142
2244147
2244164
2244165
2244167
2244175
2244179
2244184
2244185
2244189
2244191
2244195
2244205
2244207
2244209
2244212
2244214
2244216
2244221
2244231
2244232
2244233
2244234
2244237
2244238
2244242
2244243
2244245
2300006
2300011
2300018
2300030
2300031
2300034
2300050
2300067
2300072
2300076
2300092
2300095
2300103
2300107
2300110
2300114
2300119
2300124
2300129
2300137
2300148
2300154
2300162
2300165
2300189
2300194
2300195
2300217
2300224
2300230
2300232
2300233
2300250
2300255
2300268
2300271
2300279
2300289
2300292
2300294
2300298
2300302
2300314
2300318
2300338
2300342
2300345
2300362
2300372
2300377
2300380
2300389
2300393
2300407
2300420
2300424
2300425
2300436
2300437
2300438
2300443
2300447
2300452
2300461
2300462
2300467
2300472
2300473
2300478
2300480
2300483
2300485
2300492
2300500
2300507
2300509
2300510
2300531
2300533
2300535
2300537
2300541
2300544
2300556
2300568
2300574
2300579
2300603
2300604
2300605
2300606
2300607
2300612
2300615
2300617
2300623
2300626
2300627
2300635
2300638
2300642
2300647
2300649
2300663
2300671
2300676
2300679
2300687
2300691
2300692
2300693
2300699
2300711
2300712
2300714
2300717
2300718
2300724
2300729
2300734
2300735
2300739
2310007
2310010
2310015
2310016
2310020
2310031
2310039
2310050
2310052
2310056
2310067
2310071
2310077
2310083
2310087
2310088
2310092
2310093
2310097
2310100
2310102
2310107
2310109
2310118
2310127
2310130
2310146
2310149
2310151
2310154
2310155
2310159
2310161
2310162
2310169
2310171
2310180
2310188
2310196
2310198
2310217
2310219
2310224
2310227
2310234
2310235
2310237
2310241
2310265
2310269
2310279
2310289
2310295
2310297
2310303
2310315
2310320
2310326
2310332
2310335
2310338
2310346
2310347
2310358
2310359
2310370
2310388
2310391
2310392
2310396
2310404
2310407
2310419
2310420
2310425
2310427
2310428
2310433
2310440
2310446
2310448
2310455
2310456
2310462
2310468
2310480
2310482
2310497
2310505
2310512
2310519
2310525
2310527
2310531
2310534
2310540
2310545
2310557
2310561
2310562
2310569
2310570
2310578
2310585
2310586
2310596
2310599
2310609
2310612
2310631
2310633
2310634
2310646
2310649
2310652
2310654
2310662
2310675
2310682
2310683
2310686
2310693
2310696
2310702
2310712
2310721
2310723
2310724
2310726
2310734
2310749
2310757
2310758
2310760
2310761
2310769
2310779
2310789
2310805
2310814
2310822
2310824
2310826
2310835
2310838
2310842
2310848
2310851
2310854
2310855
2310863
2310874
2310878
2310881
2310892
2310906
2310907
2310909
2310914
2310915
2310921
2310932
2310938
2310941
2310949
2310954
2310962
2310976
2310980
2310987
2311004
2311009
2311011
2311013
2311023
2311025
2311026
2311028
2311051
2311057
2311066
2311067
2311068
2311071
2311074
2311076
2311081
2311082
2311090
2311092
2311100
2311107
2311114
2311117
2311118
2311131
2311133
2311135
2311137
2311141
2311151
2311153
2311159
2311164
2311168
2311169
2311170
2311171
2311187
2311193
2311194
2311197
2311205
2311210
2311212
2311213
2311216
2311222
2311232
2311237
2311240
2311241
2311255
2311256
2311257
2311259
2311261
2311265
2311276
2311277
2311279
2311280
2311283
2311303
2311304
2311310
2311311
2311318
2311341
2311342
2311344
2311345
2311347
2311358
2311361
2311367
2311368
2311369
2311370
2311375
2311379
2311380
2311384
2311387
2311389
2311396
2311401
2311403
2311404
2311420
2311421
2311423
2311425
2311427
2311428
2311430
2311435
2311448
2311456
2311459
2311465
2311466
2311478
2311486
2311487
2311492
2311502
2311505
2311509
2311510
2311511
2311515
2311516
2311519
2311525
2311529
2311534
2311544
2311546
2311552
2311560
2311566
2311569
2311576
2311578
2311588
2311589
2311592
2311593
2311600
2311604
2311605
2311608
2311616
2311625
2311627
2311633
2311635
2311642
2311648
2311657
2311667
2311674
2311681
2311682
2311688
2311693
2311708
2311711
2311715
2311716
2311717
2311722
2311724
2311726
2311740
2311745
2311746
2311748
2311749
2311758
2311762
2311764
2311773
2311776
2311787
2311795
2311796
2311798
2311802
2311804
2311812
2311818
2311832
2311835
2311837
2311846
2311847
2311865
2311874
2311879
2311880
2311885
2311888
2311891
2311899
2311908
2311912
2311916
2311937
2311947
2311952
2311955
2311956
2311973
2311978
2311979
2311980
2311983
2311990
2311992
2311994
2311998
2312000
2312002
2312008
2312012
2312019
2312021
2312026
2312043
2312049
2312054
2312057
2312058
2312059
2312060
2312068
2312074
2312076
2312080
2312083
2312091
2312094
2312095
2312096
2312099
2312107
2312124
2312126
2312128
2312130
2312161
2312173
2312181
2312182
2312183
2312193
2312194
2312198
2312200
2312207
2312209
2312211
2312216
2312220
2312245
2312248
2312258
2312259
2312264
2312267
2312273
2312276
2312281
2312287
2312290
2312302
2312303
2312304
2312305
2312315
2312317
2312319
2312321
2312322
2312333
2312343
2312347
2312355
2312358
2312361
2312368
2312381
2312384
2312385
2312387
2312388
2312394
2312396
2312402
2312412
2312413
2312423
2312427
2312434
2312437
2312445
2312448
2312449
2312452
2312459
2312470
2312472
2312483
2312484
2312489
2312500
2312510
2312514
2312518
2312519
2312525
2312530
2312531
2312535
2312539
2312542
2312547
2312557
2312562
2312566
2312570
2312571
2312572
2312573
2312574
2312576
2312579
2312581
2312587
2312593
2312595
2312596
2312602
2312611
2312612
2312615
2312624
2312629
2312630
2312631
2312635
2312639
2312651
2312657
2312660
2312661
2312667
2312672
2312674
2312675
2312696
2312702
2312711
2312712
2312717
2312731
2312733
2312737
2312751
2312753
3000002
3000011
3000019
3000023
3000027
3000034
3000035
3000041
3000042
3000046
3000052
3000058
3000063
3000064
3000084
3000097
3000111
3000118
3000124
3000125
3000127
3000139
3000141
3000145
3000157
3000162
3000165
3000166
3000169
3000183
3000192
3000195
3000200
3000209
3000215
3000216
3000220
3000228
3000230
3000235
3000236
3000249
3000251
3000256
3000260
3000263
3000265
3000271
3000276
3000277
3000284
3000285
3000286
3000295
3000298
3000310
3000316
3000324
3000329
3000333
3000341
3000347
3000350
3000353
3000354
3000355
3000357
3000373
3000374
3000376
3000395
3000405
3000421
3000422
3000426
3000430
3000436
3000440
3000441
3000442
3000443
3000444
3000451
3000463
3000465
3000467
3000471
3000475
3000477
3000488
3000489
3000490
3000491
3000496
3000498
3000503
3000504
3000509
3000514
3000515
3000520
3000527
3000537
3000541
3000542
3000544
3000548
3000550
3000551
3000553
3000554
3000555
3000562
3000569
3000571
3000573
3000576
3000578
3500010
3500012
3500033
3500038
3500042
3500047
3500048
3500060
3500061
3500063
3500065
3500068
3500069
3500074
3500077
3500081
3500083
3500085
3500087
3500088
3500089
3500100
3500102
3500104
3500122
3500123
3500131
3500133
3500137
5000009
5000015
5000021
5000029
5000037
5000048
5000061
5000072
5000076
5000078
5000089
5000090
5000103
5000108
5000111
5000112
5000124
5000126
5000135
5000136
5000138
5000142
5000151
5000156
5000160
5000166
5000179
5000187
5000191
5000202
5000208
5000209
5000210
5000212
5000219
5000221
5000224
5000229
5000232
5000239
5000240
5000248
5000251
5000264
5000266
5000274
5000281
5000308
5000320
5000321
5000324
5000329
5000334
5000336
5000337
5000341
5000342
5000348
5000356
5000358
5000360
5000367
5000370
5000373
5000378
5000386
5000389
5000391
5000397
5000406
5000411
5000420
5000421
5000423
5000429
5900006
5900013
5900031
5900034
5910000
5910003
5910010
5910013
5910014
5910019
5910020
5910027
5910034
5910039
5910041
5910044
5910045
5910048
5910060
5910061
5910070
5910079
5910090
5910091
5910092
5910108
5910115
5910121
5910126
5910132
5910144
5910147
5910152
5910154
5910161
5910162
5910168
5910169
5910170
5910171
5910172
5910173
5910180
5910188
5910218
5910227
5910235
5910246
5910252
5910258
5910259
5910260
5910263
5910274
5910285
5910289
5910292
5910298
5910299
5910304
5910319
5910328
5910338
5910341
5910343
5910346
5910349
6000021
6000022
6000046
6000051
6000057
6000062
6000064
6000079
6000080
6000088
6000092
6000093
6000095
6000096
6000100
6000102
6000136
6000138
6000140
6000151
6000157
6000159
6000163
6000169
6000184
6000189
6000203
6000207
6000212
6000217
6000222
6000224
6000230
6000232
6000240
6000243
6000248
6000251
6000260
6000266
6000284
6000287
6000293
6000294
6000300
6000314
6000323
6000330
6000339
6000348
6000351
6000352
6000354
6000375
6000382
6000385
6000391
6000397
6000403
6000406
6000428
6000431
6000435
6000436
6000441
6000452
6000453
6000456
6000457
6000469
6000474
6000479
6000486
6000495
6000502
6000510
6000511
6000513
6000517
6000528
6000534
6000552
6000565
6000566
6000571
6000576
6000579
6000581
6000596
6000600
6000606
6000607
6000610
6000615
6000616
6000621
6000622
6000623
6000628
6000640
6000643
6000666
6000667
6000668
6000672
6000677
6000679
6000680
6000685
6000691
6000694
6000700
6000703
6000712
6000716
6000724
6000740
6000741
6000751
6000752
6000753
6000760
6000770
6000772
6000779
7000012
7000018
7000027
7000032
7000035
7000038
7000039
7000044
7000051
7000054
7000057
7000065
7000072
7000076
7000080
7000086
7000091
7000092
7000093
7000103
7000110
7000111
7000113
7000115
7000119
7000123
7000125
7000129
7000155
7000156
7000159
7000176
7000181
7000183
7000190
7000199
7000207
7000210
7000219
7000225
7000229
7000231
7000235
7000236
7000242
7000252
7000261
7000272
7000275
7000277
7000280
7000288
7000290
7000312
7000313
7000321
7000326
7000331
7000342
7000343
7000344
7000346
7000357
7000361
7000365
7000368
7000370
7000375
7000376
7000385
7000390
7000394
7000399
7000403
7000413
7000416
7000417
7000441
7000443
7000448
7000451
7000458
7000464
7000469
7000471
7000472
7000474
7000476
7000479
7000481
7000489
7000493
7000501
7000502
7000532
7000535
7000549
7000554
7000555
7000560
7000566
7000568
7000578
7000580
7000582
7000586
7000591
7000592
7000598
7000605
7000612
7000619
7000630
7000631
7000634
7000636
7000637
7000639
7000643
7000646
7000649
7000655
7000657
7000659
7000660
7000666
7000669
7000685
7000695
7000697
7000710
7000712
7000725
7000738
7000747
7000750
7000754
7000758
7000760
7000776
7000778
7000785
7000790
7000792
7000793
7000811
7000813
7000816
7000819
7000820
7000821
7000824
7000828
7000831
7000832
7000836
7000842
7000843
7000851
7000858
7000860
7000861
7000863
7000869
7000871
7000872
7000884
7000885
7000898
7000899
7000900
7000911
7000913
7000917
7000918
7000920
7000921
7000923
7000925
7000926
7000933
7000948
7000950
7000957
7000962
7000978
7000985
7000986
7000988
7000994
7000997
7001000
7001001
7001006
7001008
7001009
7001010
7001011
7001022
7001023
7001029
7001032
7001037
7001040
7001042
7001046
7001059
7001062
7001069
7001072
7001076
7001081
7001087
7001095
7001102
7001109
7001115
7001127
7001135
7001140
7001149
7001150
7001151
7001156
7001162
7001170
7001179
7001185
7001188
7001193
7001216
7001222
7001226
7001227
7001228
7001231
7001240
7001249
7001251
7001252
7001255
7001256
7001257
7001260
7001261
7001263
7001267
7001282
7001286
7001287
7001289
7001292
7001310
7001311
7001313
7001314
7001318
7001323
7001327
7001328
7001333
7001345
7001348
7001355
7001371
7001374
7001379
7001380
7001382
7001385
7001392
7001394
7001396
7001397
7001402
7001407
7001415
7001417
7001426
7001431
7001441
7001443
7001445
7001448
7001449
7001452
7001476
7001484
7001487
7001498
7001501
7001503
7001506
7001518
7001521
7001538
7001540
7001541
7001543
7001561
7001564
7001567
7001568
7001569
7001572
7001573
7001575
7001576
7001579
7001588
7001600
7001608
7001609
7001611
7001617
7001618
7001623
7001627
7001635
7001652
7001662
7001671
7001672
7001682
7001686
7001691
7001693
7001694
7001697
7001698
7001707
7001711
7001715
7001716
7001718
7001729
7001730
7001733
7001764
7001772
7001776
7001777
7001781
7001785
7001790
7001791
7001799
7001804
7001807
7001814
7001821
7001825
7001828
7001829
7001841
7001843
7001847
7001852
7001879
7001880
7001892
7001893
7001895
7001896
7001900
7001906
7001908
7001911
7001913
7001917
7001918
7001921
7001925
7001927
7001934
7001935
7001939
7001940
7001943
7001957
7001959
7001964
7001965
7001989
7001990
7001993
7001995
7001997
7002000
7002006
7002012
7002017
7002019
7002022
7002030
7002031
7002043
7002060
7002061
7002069
7002070
7002087
7002088
7002091
7002096
7002104
7002105
7002107
7002116
7002126
7002127
7002135
7002138
7002139
7002151
7002152
7002157
7002160
7002169
7002182
7002185
7002204
7002205
7002208
7002209
7002217
7002219
7002228
7002231
7002234
7002241
7002246
7002247
7002260
7002270
7002281
7002285
7002290
7002297
7002303
7002309
7002313
7002317
7002318
7002321
7002322
7002325
7002327
7002333
7002337
7002340
7002349
7002350
7002356
7002357
7002363
7002371
7002372
7002378
7002379
7002380
7002381
7002385
7002393
7002396
7002402
7002412
7002415
7002419
7002420
7002422
7002428
7002431
7002435
7002443
7002452
7002454
7002457
7002462
7002470
7002478
7002488
7002491
7002492
7002498
7002502
7002506
7002514
7002515
7002532
7002534
7002555
7002557
7002558
7002573
7002582
7002584
7002592
7002593
7002597
7002599
7002600
7002601
7002603
7002620
7002622
7002633
7002641
7002659
7002661
7002669
7002674
7002698
7002699
7002708
7002726
7002734
7002739
7002742
7002750
7002757
7002760
7002769
7002774
7002783
7002800
7002812
7002816
7002822
7002824
7002825
7002830
7002832
7002836
7002838
7002842
7002850
7002854
7002862
7002865
7002873
7002881
7002882
7002886
7002888
7002897
7002899
7002902
7002906
7002916
7002919
7002920
7002925
7002935
7002937
7002941
7002949
7002958
7002959
7002965
7002968
7002969
7002972
7002976
7002994
7002995
7003000
7003008
7003010
7003011
7003013
7003014
7003018
7003022
7003034
7003042
7003057
7003062
7003064
7003065
7003080
7003098
7003099
7003100
7003101
7003103
7003107
7003112
7003120
7003126
7003128
7003129
7003130
7003144
7003145
7003153
7003163
7003168
7003185
7003196
7003221
7003222
7003223
7003227
7003244
7003251
7003252
7003255
7003265
7003282
7003286
7003287
7003292
7003297
7003307
7003317
7003322
7003323
7003325
7003330
7003333
7003336
7003337
7003354
7003355
7003358
7003369
7003388
7003389
7003392
7003394
7003397
7003405
7003406
7003419
7003422
7003430
7003432
7003438
7003440
7003441
7003447
7003459
7003463
7003465
7003474
7003481
7003482
7003489
7003493
7003496
7003503
7003507
7003508
7003511
7003526
7003528
7003532
7003535
7003539
7003554
7003562
7003563
7003570
7003574
7003580
7003597
7003598
7003618
7003628
7003640
7003644
7003647
7003652
7003653
7003654
7003657
7003658
7003664
7003673
7003676
7003677
7003683
7003685
7003689
7003702
7003703
7003709
7003713
7003717
7003725
7003729
7003735
7003736
7003739
7003744
7003749
7003757
7003759
7003763
7003764
7003767
7003771
7003783
7003796
7003797
7003803
7003804
7003812
7003813
7003818
7003820
7003824
7003841
7003845
7003848
7003852
7003859
7003869
7003871
7003874
7003877
7003878
7003890
7003895
7003900
7003913
7003922
7003945
7003950
7003954
7003968
7003970
7003977
7003978
7003979
7003981
7003982
7003987
7003992
7003993
7004005
7004006
7004010
7004012
7004015
7004025
7004029
7004032
7004033
7004034
7004040
7004057
7004066
7004078
7004088
7004090
7004102
7004103
7004106
7004109
7004123
7004124
7004136
7004141
7004144
7004149
7004162
7004166
7004168
7004171
7004181
7004185
7004195
7004208
7004210
7004215
7004227
7004230
7004231
7004232
7004256
7004262
7004267
7004268
7004275
7004276
7004280
7004284
7004290
7004293
7004297
7004301
7004314
7004324
7004334
7004342
7004346
7004351
7004354
7004363
7004375
7004379
7004388
7004390
7004392
7004394
7004407
7004408
7004412
7004413
7004416
7004425
7004428
7004429
7004433
7004438
7004444
7004449
7004454
7004456
7004458
7004459
7004468
7004473
7004486
7004491
7004502
7004503
7004506
7004512
7004513
7004514
7004518
7004521
7004528
7004535
7004555
7004563
7004566
7004575
7004576
7004578
7004592
7004594
7004596
7004604
7004606
7004617
7004621
7004651
7004653
7004661
7004664
7004672
7004680
7004683
7004687
7004688
7004692
7004694
7004696
7004697
7004700
7004704
7004706
7004711
7004725
7004728
7004729
7004733
7004739
7004745
7004755
7004759
7004761
7004762
7004764
7004769
7004777
7004780
7004785
7004787
7004788
7004791
7004799
7004802
7004808
7004810
7004829
7004835
7004845
7004846
7004850
7004855
7004860
7004861
7004877
7004890
7004892
7004893
7004897
7004909
7004910
7004918
7004924
7004942
7004943
7004961
7004969
7004976
7004982
7004987
7004996
7005002
7005021
7005022
7005025
7005026
7005034
7005043
7005054
7005064
7005072
7005075
7005082
7005085
7005091
7005100
7005105
7005107
7005123
7005124
7005126
7005129
7005135
7005136
7005141
7005154
7005157
7005159
7005161
7005163
7005167
7005182
7005183
7005204
7005206
7005217
7005220
7005221
7005230
7005233
7005237
7005242
7005248
7005252
7005253
7005254
7005256
7005257
7005263
7005278
7005284
7005292
7005297
7005299
7005306
7005327
7005333
7005334
7005338
7005341
7005352
7005353
7005354
7005357
7005360
7005362
7005376
7005386
7005388
7005395
7005401
7005403
7005405
7005407
7005415
7005418
7005425
7005427
7005456
7005462
7005466
7005474
7005477
7005482
7005495
7005505
7005506
7005513
7005518
7005519
7005522
7005530
7005558
7005560
7005570
7005580
7005582
7005586
7005598
7005603
7005614
7005618
7005621
7005625
7005627
7005629
7005639
7005656
7005659
7005662
7005669
7005671
7005674
7005675
7005684
7005685
7005688
7005689
7005692
7005699
7005701
7005711
7005712
7005716
7005719
7005728
7005730
7005737
7005745
7005749
7005758
7005769
7005771
7005775
7005779
7005796
7005803
7005805
7005806
7005808
7005819
7005821
7005827
7005845
7005849
7005855
7005864
7005873
7005874
7005886
7005887
7005893
7005895
7005900
7005908
7005910
7005913
7005915
7005918
7005920
7005948
7005958
7005959
7005963
7005967
7005970
7005974
7005982
7005987
7005991
7005996
7005997
7006006
7006007
7006013
7006020
7006022
7006028
7006034
7006042
7006047
7006059
7006060
7006063
7006064
7006074
7006080
7006083
7006086
7006089
7006097
7006103
7006108
7006111
7006112
7006115
7006116
7006128
7006130
7006138
7006145
7006149
7006153
7006162
7006164
7006168
7006178
7006186
7006188
7006190
7006193
7006196
7006197
7006199
7006203
7006204
7006206
7006207
7006208
7006212
7006214
7006218
7006219
7006224
7006230
7006242
7006252
7006262
7006264
7006272
7006273
7006286
7006287
7006293
7006295
7006297
7006309
7006314
7006327
7006350
7006352
7006354
7006356
7006358
7006362
7006369
7006371
7006377
7006379
7006381
7006383
7006390
7006392
7006399
7006406
7006412
7006432
7006439
7006442
7006446
7006458
7006464
7006470
7006484
7006487
7006492
7006494
7006497
7006500
7006503
7006504
7006511
7006521
7006528
7006536
7006540
7006552
7006565
7006566
7006572
7006574
7006582
7006587
7006589
7006597
7006603
7006607
7006608
7006615
7006628
7006634
7006638
7006644
7006650
7006653
7006655
7006660
7006666
7006678
7006682
7006683
7006696
7006700
7006707
7006719
7006732
7006748
7006756
7006759
7006765
7006773
7006776
7006782
7006783
7006792
7006799
7006811
7006814
7006815
7006817
7006819
7006820
7006826
7006829
7006830
7006833
7006841
7006845
7006864
7006865
7006869
7006876
7006888
7006901
7006908
7006914
7006917
7006922
7006929
7006941
7006946
7006955
7006957
7006962
7006975
7006977
7006990
7007000
7007002
7007006
7007010
7007018
7007020
7007022
7007026
7007027
7007031
7007032
7007041
7007044
7007058
7007059
7007071
7007074
7007075
7007078
7007080
7007083
7007087
7007090
7007092
7007103
7007108
7007110
7007115
7007125
7007127
7007129
7007132
7007137
7007138
7007140
7007150
7007154
7007155
7007160
7007162
7007168
7007174
7007177
7007182
7007189
7007200
7007204
7007208
7007212
7007213
7007217
7007224
7007227
7007233
7007234
7007240
7007247
7007253
7007254
7007263
7007271
7007277
7007298
7007305
7007310
7007311
7007313
7007316
7007320
7007331
7007342
7007349
7007351
7007361
7007362
7007364
7007372
7007380
7007386
7007389
7007400
7007406
7007410
7007411
7007412
7007418
7007419
7007420
7007435
7007438
7007444
7007450
7007462
7007463
7007464
7007467
7007472
7007473
7007483
7007507
7007515
7007522
7007526
7007531
7007533
7007537
7007545
7007548
7007558
7007559
7007584
7007586
7007593
7007598
7007601
7007612
7007614
7007617
7007618
7007619
7007620
7007623
7007624
7007626
7007631
7007639
7007640
7007641
7007650
7007652
7007655
7007661
7007663
7007672
7007677
7007685
7007688
7007689
7007695
7007697
7007711
7007715
7007724
7007726
7007727
7007728
7007733
7007737
7007747
7007760
7007772
7007775
7007782
7007785
7007804
7007812
7007824
7007830
7007834
7007838
7007847
7007848
7007853
7007857
7007860
7007864
7007865
7007872
7007877
7007881
7007888
7007889
7007897
7007898
7007920
7007925
7007929
7007933
7007934
7007942
7007947
7007948
7007950
7007951
7007952
7007954
7007959
7007960
7007962
7007969
7007974
7007975
7007980
7007984
7007991
7007995
7008000
7008001
7008004
7008011
7008016
7008022
7008033
7008039
7008043
7008055
7008057
7008061
7008062
7008066
7008074
7008075
7008081
7008089
7008094
7008095
7008096
7008100
7008102
7008115
7008119
7008120
7008122
7008129
7008132
7008142
7008153
7008172
7008177
7008179
7008188
7008190
7008200
7008207
7008208
7008217
7008219
7008221
7008224
7008228
7008234
7008236
7008237
7008245
7008260
7008262
7008264
7008266
7008279
7008293
7008297
7008298
7008304
7008309
7008321
7008325
7008336
7008337
7008346
7008352
7008354
7008356
7008358
7008367
7008380
7008382
7008388
7008395
7008400
7008412
7008415
7008421
7008426
7008433
7008437
7008450
7008456
7008459
7008461
7008470
7008474
7008475
7008486
7008489
7008494
7008495
7008513
7008517
7008519
7008522
7008531
7008536
7008544
7008555
7008556
7008557
7008570
7008588
7008589
7008591
7008593
7008594
7008612
7008621
7008622
7008630
7008631
7008633
7008634
7008640
7008656
7008663
7008669
7008674
7008681
7008683
7008684
7008691
7008709
7008714
7008720
7008726
7008749
7008750
7008764
7008766
7008769
7008776
7008786
7008802
7008818
7008824
7008827
7008830
7008838
7008839
7008840
7008865
7008867
7008871
7008882
7008885
7008906
7008911
7008918
7008921
7008923
7008924
7008925
7008926
7008933
7008937
7008939
7008943
7008949
7008954
7008956
7008976
7008978
7008983
7008984
7009005
7009008
7009013
7009015
7009034
7009035
7009038
7009041
7009047
7009070
7009071
7009072
7009075
7009083
7009099
7009107
7009111
7009113
7009119
7009125
7009128
7009146
7009158
7009160
7009162
7009171
7009174
7009178
7009189
7009193
7009209
7009216
7009227
7009234
7009240
7009242
7009252
7009262
7009267
7009272
7009274
7009285
7009291
7009294
7009304
7009319
7009328
7009329
7009342
7009376
7009380
7009382
7009385
7009386
7009388
7009389
7009401
7009414
7009428
7009429
7009432
7009437
7009440
7009444
7009448
7009449
7009452
7009458
7009462
7009467
7009474
7009479
7009482
7009490
7009498
7009507
7009508
7009510
7009538
7009540
7009554
7009563
7009565
7009572
7009576
7009578
7009586
7009590
7009594
7009595
7009609
7009614
7009618
7009621
7009622
7009626
7009629
7009632
7009636
7009652
7009655
7009657
7009658
7009665
7009666
7009667
7009669
7009675
7009677
7009680
7009684
7009690
7009705
7009707
7009715
7009717
7009722
7009725
7009729
7009734
7009743
7009745
7009750
7009756
7009760
7009778
7009781
7009783
7009787
7009799
7009807
7009808
7009812
7009822
7009825
7009829
7009833
7009836
7009839
7009841
7009851
7009856
7009862
7009863
7009865
7009866
7009871
7009872
7009874
7009886
7009898
7009902
7009904
7009908
7009916
7009919
7009922
7009925
7009931
7009932
7009938
7009941
7009942
7009945
7009947
7009953
7009958
7009961
7009962
7009972
7009974
7009978
7009979
7009982
7009990
7009995
7009996
7009997
7130011
7130012
7130013
7130031
7130037
7130042
7130051
7130057
7130059
7130066
7130067
7130069
7130076
7130085
7130093
7130301
7130309
7130313
7130315
7130318
7130328
7130341
7130344
7130347
7130348
7130351
7130352
7130356
7130369
7130398
7131300
7131305
7131309
7131312
7131313
7131330
7131342
7131343
7131346
7131353
7131356
7131362
7131374
7131394
7132601
7132608
7132610
7132615
7132617
7132632
7132638
7132648
7132650
7132653
7132658
7132659
7132665
7132679
7132683
7132690
7132900
7132901
7132904
7132906
7132907
7132911
7132912
7132924
7132930
7132942
7132945
7132951
7132953
7132955
7132963
7132964
7132966
7132976
7132977
7132988
7132991
7133004
7133006
7133010
7133012
7133025
7133027
7133036
7133038
7133044
7133057
7133069
7133072
7133073
7133074
7133075
7133077
7133080
7133086
7133093
7133303
7133311
7133314
7133319
7133320
7133325
7133326
7133336
7133337
7133338
7133348
7133352
7133361
7133378
7133380
7133385
7133393
7133401
7133404
7133405
7133410
7133412
7133414
7133420
7133423
7133425
7133428
7133435
7133450
7133456
7133467
7133471
7133474
7133477
7133482
7133489
7133491
9000001
9000002
9000008
9000013
9000017
9000023
9000040
9000042
9000046
9000053
9000055
9000060
9000072
9000077
9000085
9000095
9000103
9000113
9000118
9000120
9000121
9000124
9000125
9000131
9000138
9000141
9000143
9000145
9000148
9000154
9000160
9000161
9000166
9000167
9000170
9000171
9000172
9000179
9000180
9000188
9000192
9000194
9000198
9000200
9000202
9000208
9000209
9000213
9000226
9000234
9000238
9000244
9000249
9000256
9000260
9000265
9000266
9000267
9000275
9000278
9000281
9000292
9000295
9000303
9000304
9000306
9000307
9000313
9000314
9000323
9000330
9000332
9000337
9000345
9000348
9000349
9000350
9000355
9000356
9000360
9000361
9000363
9000364
9000369
9000370
9000386
9000387
9000421
9000425
9000449
9000462
9000470
9000472
9000482
9000502
9000507
9000511
9000512
9000516
9000518
9000520
9000522
9000524
9000527
9000530
9000536
9000537
9000540
9000542
9000546
9000549
9000560
9000563
9000566
9000569
9000570
9000580
9000581
9000592
9000595
9000599
9000615
9000621
9000638
9000649
9000650
9000657
9000663
9000668
9000669
9000671
9000673
9000677
9000697
9000700
9000707
9000713
9000721
9000726
9000729
9000732
9000734
9000736
9000738
9000741
9000747
9000752
9000758
9000761
9000764
9000765
9000768
9000774
9000779
9000788
9000795
9000796
9000798
9000802
9000803
9000823
9000826
9000827
9000829
9000833
9000845
9000856
9000857
9000862
9000863
9000870
9000883
9000885
9000888
9000890
9000891
9000897
9000908
9000911
9000916
9000925
9000926
9000936
9000952
9000969
9000972
9000980
9000981
9000982
9000989
9000991
9000992
9000994
9001007
9001013
9001027
9001031
9001040
9001041
9001044
9001051
9001058
9001065
9001068
9001073
9001084
9001086
9001091
9001096
9001106
9001110
9001116
9001122
9001124
9001130
9001140
9001145
9001154
9001157
9001162
9001163
9001171
9001172
9001175
9001179
9001180
9001183
9001185
9001198
9001199
9001209
9001220
9001221
9001228
9001236
9001248
9001255
9001259
9001264
9001276
9001277
9001278
9001281
9001293
9001295
9001298
9001319
9001327
9001332
9001334
9001356
9001365
9001377
9001386
9001394
9001398
9001404
9001415
9001419
9001429
9001436
9001442
9001460
9001461
9001464
9001474
9001486
9001487
9001494
9001495
9001499
9001502
9001513
9001514
9001517
9001519
9001523
9001526
9001542
9001546
9001551
9001554
9001561
9001563
9001574
9001593
9001595
9001598
9001608
9001613
9001614
9001617
9001620
9001622
9001626
9001627
9001633
9001635
9001637
9001647
9001650
9001652
9001659
9001670
9001679
9001686
9001690
9001699
9001701
9001714
9001718
9001734
9001736
9001737
9001740
9001751
9001755
9001757
9001777
9001781
9001782
9001783
9001804
9001809
9001814
9001816
9001827
9001829
9001831
9001875
9001881
9001883
9001889
9001890
9001894
9001895
9001896
9001899
9001903
9001912
9001913
9001920
9001921
9001930
9001935
9001937
9001938
9001942
9001944
9001965
9001967
9001969
9001980
9001981
9001984
9001986
9001988
9001993
9001996
9002001
9002010
9002013
9002016
9002018
9002020
9002021
9002032
9002036
9002039
9002042
9002046
9002058
9002064
9002066
9002067
9002074
9002077
9002082
9002088
9002103
9002106
9002109
9002118
9002119
9002124
9002127
9002135
9002138
9002139
9002144
9002152
9002159
9002176
9002190
9002203
9002204
9002206
9002209
9002224
9002232
9002234
9002239
9002246
9002248
9002251
9002254
9002255
9002265
9002266
9002272
9002276
9002277
9002290
9002304
9002318
9002320
9002324
9002325
9002328
9002339
9002340
9002353
9002359
9002361
9002364
9002365
9002370
9002375
9002381
9002383
9002393
9002394
9002415
9002416
9002420
9002428
9002436
9002444
9002445
9002463
9002480
9002493
9002499
9002503
9002510
9002515
9002519
9002526
9002534
9002537
9002538
9002545
9002546
9002550
9002552
9002553
9002555
9002558
9002573
9002574
9002589
9002599
9002602
9002607
9002609
9002623
9002642
9002647
9002660
9002661
9002680
9002686
9002687
9002690
9002691
9002695
9002697
9002698
9002701
9002702
9002710
9002711
9002712
9002715
9002719
9002722
9002734
9002736
9002740
9002746
9002753
9002758
9002760
9002770
9002773
9002783
9002792
9002797
9002810
9002818
9002828
9002829
9002833
9002851
9002853
9002857
9002866
9002869
9002879
9002881
9002900
9002902
9002907
9002913
9002918
9002921
9002922
9002925
9002934
9002942
9002944
9002949
9002951
9002952
9002954
9002968
9002970
9002988
9003033
9003040
9003045
9003050
9003065
9003066
9003075
9003085
9003096
9003100
9003108
9003110
9003113
9003122
9003123
9003136
9003139
9003140
9003172
9003175
9003178
9003185
9003187
9003195
9003196
9003198
9003199
9003200
9003201
9003206
9003209
9003213
9003214
9003215
9003218
9003231
9003232
9003240
9003241
9003244
9003247
9003255
9003258
9003259
9003271
9003276
9003279
9003282
9003283
9003299
9003300
9003315
9003317
9003318
9003331
9003338
9003344
9003348
9003353
9003362
9003369
9003374
9003376
9003377
9003383
9003388
9003391
9003392
9003401
9003409
9003410
9003413
9003415
9003420
9003425
9003435
9003440
9003447
9003451
9003455
9003457
9003461
9003463
9003464
9003466
9003477
9003478
9003491
9003492
9003493
9003496
9003504
9003511
9003519
9003522
9003524
9003536
9003546
9003554
9003556
9003558
9003564
9003568
9003570
9003580
9003582
9003584
9003589
9003592
9003605
9003609
9003618
9003622
9003633
9003635
9003636
9003642
9003645
9003646
9003654
9003656
9003667
9003671
9003672
9003674
9003687
9003695
9003706
9003709
9003713
9003719
9003721
9003735
9003737
9003739
9003740
9003741
9003745
9003749
9003764
9003773
9003783
9003795
9003798
9003801
9003806
9003808
9003811
9003822
9003830
9003836
9003838
9003843
9003848
9003854
9003856
9003857
9003869
9003873
9003875
9003893
9003896
9003899
9003900
9003908
9003915
9003918
9003929
9003943
9003951
9003955
9003962
9003968
9003971
9003977
9003982
9003995
9003998
9004026
9004027
9004031
9004040
9004045
9004049
9004050
9004053
9004057
9004061
9004063
9004067
9004084
9004096
9004097
9004103
9004106
9004122
9004124
9004133
9004137
9004138
9004143
9004157
9004158
9004160
9004167
9004172
9004175
9004176
9004177
9004179
9004185
9004193
9004199
9004207
9004209
9004213
9004230
9004237
9004252
9004258
9004262
9004269
9004279
9004285
9004288
9004296
9004303
9004311
9004313
9004315
9004321
9004330
9004333
9004334
9004357
9004366
9004368
9004372
9004377
9004379
9004382
9004389
9004394
9004397
9004402
9004405
9004406
9004409
9004410
9004411
9004412
9004414
9004415
9004432
9004437
9004441
9004446
9004452
9004455
9004465
9004475
9004494
9004498
9004500
9004521
9004530
9004547
9004549
9004563
9004567
9004568
9004573
9004574
9004576
9004581
9004583
9004590
9004591
9004595
9004600
9004601
9004613
9004619
9004620
9004624
9004628
9004631
9004637
9004641
9004657
9004659
9004667
9004670
9004672
9004674
9004682
9004686
9004689
9004694
9004698
9004704
9004728
9004730
9004734
9004736
9004737
9004740
9004748
9004761
9004770
9004772
9004774
9004779
9004780
9004790
9004796
9004801
9004804
9004818
9004820
9004835
9004844
9004847
9004848
9004857
9004869
9004870
9004887
9004924
9004925
9004927
9004928
9004930
9004936
9004940
9004950
9004955
9004971
9004977
9004981
9004982
9004999
9005002
9005014
9005032
9005055
9005062
9005078
9005082
9005093
9005095
9005100
9005110
9005122
9005127
9005134
9005137
9005148
9005154
9005159
9005162
9005169
9005170
9005176
9005183
9005192
9005203
9005204
9005207
9005209
9005213
9005217
9005219
9005225
9005227
9005228
9005231
9005238
9005242
9005243
9005245
9005251
9005253
9005254
9005259
9005266
9005269
9005283
9005289
9005293
9005295
9005309
9005310
9005315
9005317
9005324
9005341
9005357
9005358
9005368
9005370
9005371
9005373
9005375
9005380
9005382
9005387
9005399
9005400
9005404
9005424
9005426
9005432
9005442
9005454
9005463
9005469
9005478
9005490
9005491
9005495
9005500
9005504
9005507
9005514
9005518
9005521
9005525
9005527
9005533
9005537
9005539
9005549
9005554
9005571
9005573
9005600
9005601
9005603
9005605
9005615
9005619
9005621
9005628
9005664
9005670
9005677
9005694
9005714
9005721
9005725
9005726
9005747
9005748
9005753
9005763
9005773
9005775
9005791
9005806
9005814
9005818
9005819
9005822
9005827
9005832
9005833
9005834
9005844
9005846
9005848
9005849
9005862
9005863
9005866
9005881
9005882
9005897
9005900
9005905
9005907
9005917
9005922
9005935
9005937
9005942
9005946
9005952
9005955
9005962
9005967
9005968
9005970
9005971
9005976
9006001
9006002
9006008
9006009
9006012
9006013
9006022
9006035
9006036
9006042
9006051
9006054
9006061
9006066
9006073
9006077
9006079
9006086
9006088
9006090
9006093
9006099
9006102
9006103
9006108
9006109
9006111
9006112
9006120
9006133
9006137
9006138
9006141
9006142
9006145
9006153
9006162
9006166
9006170
9006171
9006175
9006183
9006190
9006192
9006206
9006209
9006213
9006214
9006216
9006221
9006223
9006226
9006227
9006232
9006235
9006242
9006247
9006252
9006254
9006265
9006266
9006267
9006268
9006270
9006276
9006285
9006298
9006300
9006307
9006314
9006324
9006335
9006343
9006345
9006348
9006351
9006352
9006354
9006357
9006360
9006366
9006368
9006371
9006378
9006385
9006386
9006389
9006398
9006404
9006408
9006412
9006418
9006424
9006425
9006429
9006447
9006456
9006459
9006460
9006476
9006477
9006479
9006480
9006486
9006488
9006493
9006508
9006511
9006522
9006524
9006534
9006548
9006554
9006559
9006573
9006577
9006578
9006584
9006589
9006594
9006602
9006604
9006615
9006637
9006654
9006659
9006677
9006697
9006701
9006712
9006723
9006725
9006727
9006733
9006746
9006747
9006753
9006755
9006760
9006765
9006768
9006769
9006780
9006783
9006799
9006800
9006801
9006807
9006814
9006817
9006819
9006820
9006823
9006825
9006837
9006842
9006878
9006891
9006901
9006912
9006922
9006924
9006927
9006932
9006934
9006940
9006942
9006945
9006949
9006950
9006961
9006962
9006971
9006973
9006982
9006988
9006990
9006993
9006999
9007017
9007021
9007023
9007045
9007051
9007054
9007059
9007066
9007067
9007070
9007072
9007073
9007079
9007081
9007089
9007098
9007103
9007108
9007126
9007137
9007153
9007169
9007174
9007176
9007178
9007193
9007194
9007196
9007197
9007204
9007208
9007210
9007212
9007213
9007220
9007222
9007226
9007232
9007241
9007251
9007252
9007256
9007263
9007268
9007275
9007284
9007289
9007306
9007311
9007319
9007322
9007331
9007332
9007333
9007337
9007342
9007344
9007353
9007382
9007390
9007396
9007401
9007403
9007405
9007407
9007411
9007412
9007416
9007418
9007426
9007433
9007434
9007435
9007449
9007452
9007456
9007463
9007470
9007478
9007481
9007482
9007487
9007489
9007494
9007502
9007503
9007505
9007511
9007519
9007532
9007549
9007561
9007567
9007575
9007578
9007590
9007592
9007598
9007614
9007629
9007638
9007650
9007659
9007660
9007673
9007690
9007700
9007704
9007711
9007715
9007724
9007730
9007736
9007741
9007744
9007751
9007752
9007755
9007757
9007758
9007759
9007766
9007773
9007774
9007784
9007788
9007793
9007796
9007814
9007818
9007819
9007826
9007828
9007829
9007836
9007848
9007850
9007853
9007855
9007858
9007866
9007870
9007873
9007883
9007887
9007896
9007897
9007904
9007905
9007911
9007921
9007938
9007948
9007949
9007953
9007957
9007964
9007971
9007974
9007977
9007979
9007991
9007996
9007997
9008012
9008026
9008028
9008047
9008053
9008054
9008075
9008079
9008080
9008081
9008091
9008097
9008100
9008102
9008103
9008106
9008107
9008108
9008113
9008117
9008127
9008136
9008137
9008138
9008141
9008142
9008143
9008152
9008154
9008158
9008160
9008162
9008171
9008172
9008175
9008178
9008183
9008202
9008206
9008211
9008212
9008216
9008219
9008241
9008243
9008246
9008256
9008275
9008277
9008294
9008295
9008300
9008304
9008305
9008307
9008313
9008314
9008316
9008317
9008319
9008327
9008337
9008345
9008362
9008364
9008371
9008378
9008381
9008387
9008388
9008389
9008393
9008401
9008406
9008411
9008418
9008419
9008427
9008428
9008434
9008440
9008446
9008449
9008450
9008451
9008452
9008457
9008460
9008466
9008469
9008482
9008483
9008496
9008498
9008503
9008518
9008521
9008530
9008531
9008532
9008539
9008542
9008550
9008553
9008557
9008562
9008568
9008573
9008580
9008581
9008588
9008593
9008596
9008598
9008604
9008607
9008613
9008622
9008626
9008634
9008637
9008649
9008653
9008673
9008693
9008707
9008717
9008718
9008720
9008728
9008730
9008733
9008742
9008743
9008760
9008766
9008768
9008781
9008782
9008786
9008788
9008790
9008795
9008806
9008807
9008814
9008821
9008828
9008829
9008830
9008839
9008841
9008845
9008853
9008857
9008864
9008868
9008869
9008870
9008876
9008877
9008884
9008886
9008897
9008913
9008915
9008928
9008952
9008969
9008979
9008989
9008991
9008994
9008999
9009000
9009004
9009010
9009012
9009014
9009017
9009020
9009029
9009039
9009046
9009055
9009057
9009061
9009062
9009065
9009070
9009093
9009096
9009097
9009106
9009120
9009122
9009126
9009133
9009135
9009145
9009152
9009158
9009160
9009163
9009167
9009170
9009177
9009178
9009181
9009190
9009194
9009201
9009202
9009205
9009209
9009213
9009217
9009221
9009232
9009236
9009239
9009244
9009250
9009252
9009253
9009255
9009256
9009262
9009264
9009266
9009271
9009280
9009283
9009286
9009301
9009310
9009312
9009317
9009321
9009322
9009332
9009340
9009343
9009355
9009356
9009361
9009368
9009376
9009378
9009386
9009393
9009397
9009400
9009403
9009418
9009420
9009421
9009433
9009435
9009436
9009444
9009446
9009451
9009454
9009458
9009467
9009474
9009475
9009476
9009480
9009487
9009495
9009497
9009517
9009518
9009519
9009521
9009530
9009531
9009536
9009547
9009558
9009563
9009568
9009574
9009577
9009578
9009590
9009595
9009596
9009598
9009606
9009608
9009612
9009619
9009625
9009627
9009631
9009632
9009633
9009638
9009641
9009643
9009646
9009647
9009654
9009660
9009665
9009668
9009677
9009679
9009683
9009691
9009696
9009698
9009702
9009703
9009707
9009711
9009714
9009715
9009722
9009729
9009739
9009741
9009748
9009777
9009785
9009786
9009804
9009824
9009827
9009834
9009853
9009860
9009861
9009867
9009872
9009880
9009883
9009892
9009894
9009908
9009919
9009921
9009926
9009929
9009930
9009932
9009934
9009935
9009936
9009946
9009948
9009950
9009958
9009960
9009962
9009963
9009966
9009967
9009968
9009970
9009972
9009983
9009998
9010000
9010004
9010005
9010006
9010007
9010015
9010018
9010027
9010028
9010030
9010032
9010033
9010050
9010054
9010057
9010059
9010062
9010064
9010065
9010067
9010070
9010072
9010075
9010081
9010096
9010098
9010101
9010108
9010111
9010112
9010114
9010116
9010119
9010125
9010134
9010137
9010138
9010143
9010145
9010152
9010154
9010158
9010161
9010167
9010172
9010185
9010187
9010190
9010197
9010198
9010200
9010201
9010204
9010206
9010220
9010222
9010248
9010251
9010257
9010284
9010295
9010296
9010297
9010298
9010301
9010302
9010312
9010335
9010340
9010350
9010354
9010360
9010362
9010364
9010376
9010377
9010390
9010392
9010393
9010396
9010406
9010410
9010412
9010413
9010417
9010427
9010437
9010443
9010452
9010453
9010457
9010467
9010469
9010472
9010474
9010479
9010493
9010496
9010501
9010502
9010507
9010508
9010513
9010521
9010524
9010528
9010533
9010534
9010537
9010539
9010549
9010550
9010554
9010560
9010563
9010583
9010587
9010588
9010597
9010600
9010601
9010602
9010604
9010605
9010606
9010607
9010609
9010619
9010620
9010621
9010624
9010628
9010629
9010632
9010633
9010634
9010639
9010642
9010644
9010647
9010660
9010664
9010670
9010685
9010690
9010699
9010701
9010707
9010714
9010720
9010722
9010725
9010733
9010737
9010745
9010747
9010754
9010758
9010765
9010772
9010775
9010777
9010791
9010803
9010821
9010824
9010827
9010830
9010836
9010866
9010870
9010875
9010893
9010899
9010900
9010901
9010909
9010915
9010919
9010920
9010924
9010930
9010941
9010953
9010956
9010964
9010966
9010967
9010972
9010977
9010987
9010992
9010996
9010999
9011016
9011017
9011027
9011033
9011040
9011051
9011052
9011054
9011060
9011067
9011076
9011077
9011104
9011105
9011109
9011110
9011112
9011120
9011121
9011124
9011140
9011157
9011165
9011179
9011181
9011193
9011197
9011198
9011204
9011208
9011211
9011215
9011225
9011229
9011231
9011234
9011236
9011238
9011247
9011253
9011256
9011259
9011260
9011261
9011264
9011268
9011269
9011270
9011274
9011275
9011285
9011286
9011294
9011298
9011299
9011302
9011306
9011310
9011311
9011315
9011319
9011331
9011339
9011340
9011349
9011350
9011351
9011356
9011360
9011365
9011368
9011372
9011373
9011376
9011380
9011390
9011399
9011403
9011404
9011405
9011414
9011416
9011425
9011433
9011443
9011447
9011455
9011462
9011466
9011470
9011472
9011481
9011489
9011494
9011495
9011505
9011525
9011531
9011534
9011564
9011569
9011572
9011582
9011586
9011590
9011593
9011604
9011605
9011627
9011629
9011630
9011647
9011663
9011664
9011666
9011678
9011680
9011683
9011697
9011701
9011703
9011704
9011711
9011718
9011724
9011727
9011748
9011757
9011773
9011776
9011782
9011784
9011786
9011796
9011807
9011810
9011811
9011830
9011833
9011839
9011844
9011855
9011857
9011869
9011873
9011889
9011893
9011894
9011903
9011904
9011905
9011915
9011920
9011942
9011945
9011967
9011971
9011981
9011999
9012010
9012011
9012017
9012024
9012033
9012035
9012040
9012043
9012046
9012052
9012059
9012060
9012063
9012064
9012070
9012072
9012073
9012078
9012083
9012087
9012094
9012098
9012099
9012104
9012105
9012107
9012110
9012123
9012124
9012125
9012128
9012130
9012132
9012152
9012156
9012158
9012165
9012166
9012167
9012174
9012176
9012185
9012190
9012192
9012193
9012199
9012203
9012204
9012215
9012226
9012235
9012236
9012237
9012242
9012244
9012248
9012261
9012262
9012266
9012272
9012282
9012286
9012287
9012289
9012292
9012294
9012300
9012313
9012319
9012321
9012326
9012336
9012345
9012351
9012371
9012378
9012380
9012395
9012399
9012401
9012404
9012415
9012416
9012423
9012434
9012447
9012450
9012455
9012460
9012469
9012482
9012485
9012486
9012492
9012506
9012512
9012514
9012521
9012527
9012533
9012535
9012537
9012539
9012541
9012543
9012547
9012550
9012555
9012557
9012564
9012565
9012566
9012568
9012573
9012579
9012603
9012630
9012634
9012637
9012644
9012654
9012657
9012664
9012686
9012694
9012708
9012712
9012715
9012728
9012736
9012738
9012739
9012752
9012755
9012766
9012767
9012774
9012778
9012779
9012784
9012787
9012799
9012807
9012817
9012818
9012824
9012832
9012833
9012840
9012841
9012845
9012848
9012849
9012854
9012856
9012857
9012860
9012861
9012862
9012864
9012872
9012873
9012880
9012888
9012891
9012893
9012895
9012897
9012909
9012917
9012922
9012923
9012926
9012933
9012934
9012936
9012945
9012946
9012947
9012958
9012973
9012998
9013000
9013010
9013019
9013028
9013029
9013037
9013041
9013050
9013052
9013055
9013074
9013079
9013097
9013100
9013102
9013112
9013119
9013126
9013128
9013137
9013138
9013139
9013146
9013149
9013169
9013178
9013183
9013188
9013189
9013196
9013209
9013215
9013224
9013226
9013229
9013230
9013234
9013257
9013260
9013262
9013265
9013280
9013284
9013297
9013299
9013302
9013321
9013325
9013339
9013349
9013350
9013357
9013365
9013367
9013370
9013375
9013385
9013400
9013413
9013418
9013425
9013434
9013437
9013438
9013441
9013444
9013473
9013475
9013477
9013480
9013486
9013489
9013497
9013500
9013502
9013508
9013532
9013533
9013534
9013538
9013540
9013548
9013552
9013553
9013557
9013564
9013579
9013584
9013595
9013597
9013605
9013606
9013612
9013618
9013622
9013631
9013633
9013635
9013638
9013640
9013645
9013646
9013651
9013662
9013664
9013675
9013676
9013678
9013679
9013682
9013685
9013686
9013687
9013710
9013711
9013717
9013720
9013722
9013725
9013729
9013746
9013749
9013766
9013775
9013811
9013813
9013814
9013817
9013828
9013829
9013831
9013834
9013839
9013841
9013846
9013849
9013855
9013858
9013862
9013870
9013874
9013877
9013882
9013887
9013889
9013903
9013909
9013910
9013916
9013921
9013924
9013925
9013926
9013927
9013929
9013933
9013936
9013938
9013960
9013962
9013972
9013973
9013977
9013979
9013980
9013984
9013990
9013998
9014001
9014005
9014008
9014012
9014019
9014024
9014030
9014031
9014037
9014043
9014053
9014056
9014057
9014064
9014065
9014068
9014075
9014076
9014077
9014080
9014081
9014086
9014090
9014098
9014099
9014102
9014112
9014119
9014120
9014124
9014140
9014141
9014142
9014150
9014157
9014158
9014165
9014171
9014172
9014180
9014181
9014190
9014193
9014196
9014200
9014206
9014211
9014221
9014230
9014235
9014242
9014243
9014252
9014254
9014255
9014256
9014257
9014266
9014271
9014272
9014276
9014281
9014285
9014289
9014302
9014303
9014310
9014320
9014325
9014327
9014331
9014341
9014342
9014355
9014357
9014360
9014364
9014367
9014373
9014374
9014379
9014386
9014410
9014411
9014423
9014436
9014438
9014456
9014458
9014460
9014462
9014473
9014480
9014496
9014497
9014516
9014521
9014523
9014524
9014530
9014535
9014536
9014537
9014539
9014544
9014549
9014557
9014566
9014582
9014589
9014595
9014597
9014610
9014613
9014624
9014627
9014628
9014633
9014635
9014637
9014639
9014646
9014650
9014655
9014660
9014661
9014674
9014679
9014685
9014694
9014696
9014697
9014703
9014705
9014706
9014709
9014723
9014725
9014732
9014735
9014743
9014757
9014759
9014760
9014762
9014764
9014775
9014796
9014797
9014802
9014808
9014811
9014812
9014815
9014833
9014840
9014850
9014857
9014870
9014878
9014885
9014887
9014890
9014891
9014892
9014894
9014903
9014909
9014913
9014918
9014925
9014931
9014932
9014936
9014938
9014946
9014952
9014970
9014990
9014993
9015010
9015011
9015028
9015031
9015034
9015035
9015039
9015042
9015048
9015065
9015066
9015069
9015071
9015077
9015080
9015081
9015087
9015095
9015098
9015101
9015116
9015118
9015126
9015131
9015134
9015153
9015160
9015163
9015167
9015175
9015177
9015188
9015195
9015199
9015201
9015205
9015211
9015216
9015227
9015235
9015237
9015240
9015241
9015254
9015258
9015260
9015261
9015265
9015270
9015272
9015276
9015278
9015281
9015282
9015287
9015291
9015301
9015302
9015304
9015310
9015316
9015323
9015327
9015331
9015332
9015339
9015357
9015370
9015383
9015384
9015402
9015407
9015414
9015418
9015419
9015421
9015425
9015433
9015440
9015442
9015443
9015447
9015452
9015454
9015477
9015479
9015484
9015486
9015488
9015490
9015504
9015526
9015528
9015529
9015534
9015550
9015552
9015555
9015562
9015564
9015567
9015569
9015574
9015578
9015588
9015589
9015591
9015596
9015598
9015604
9015610
9015622
9015623
9015625
9015652
9015668
9015670
9015673
9015679
9015680
9015687
9015692
9015695
9015697
9015702
9015705
9015706
9015726
9015727
9015730
9015731
9015742
9015755
9015769
9015778
9015784
9015785
9015794
9015795
9015799
9015812
9015825
9015826
9015833
9015834
9015843
9015847
9015857
9015859
9015865
9015866
9015872
9015873
9015876
9015877
9015880
9015891
9015901
9015902
9015903
9015911
9015919
9015932
9015944
9015945
9015948
9015956
9015958
9015959
9015963
9015977
9015981
9015986
9015999
9016005
9016006
9016008
9016009
9016014
9016016
9016023
9016027
9016030
9016033
9016046
9016051
9016052
9016062
9016072
9016074
9016086
9016087
9016090
9016091
9016097
9016121
9016122
9016128
9016135
9016136
9016144
9016153
9016156
9016172
9016186
9016193
9016195
9016198
9016205
9016214
9016218
9016225
9016233
9016243
9016245
9016250
9016261
9016262
9016267
9016279
9016282
9016283
9016291
9016301
9016305
9016311
9016315
9016316
9016325
9016329
9016334
9016344
9016353
9016360
9016366
9016376
9016384
9016385
9016418
9016419
9016421
9016422
9016425
9016427
9016429
9016431
9016432
9016440
9016443
9016447
9016448
9016449
9016459
9016460
9016467
9016472
9016475
9016489
9016492
9016494
9016500
9016510
9016527
9016539
9016540
9016546
9016550
9016559
9016560
9016563
9016567
9016568
9016575
9016580
9016584
9016585
9016586
9016587
9016596
9016601
9016606
9016610
9016619
9016625
9016630
9016631
9016632
9016635
9016636
9016639
9016641
9016647
9016649
9016652
9016654
9016657
9016659
9016661
9016662
9016663
9016666
9016676
9016681
9016688
9016689
9016704
9016712
9016719
9016721
9016732
9016750
9016754
9016758
9016761
9016779
9016782
9016788
9016802
9016803
9016810
9016820
9016841
9016846
9016849
9016850
9016864
9016871
9016876
9016882
9016888
9016894
9016901
9016903
9016907
9016926
9016928
9016930
9016933
9016940
9016944
9016949
9016961
9016972
9016977
9016981
9016987
9016989
9016997
9017016
9017029
9017041
9017042
9017045
9017048
9017051
9017054
9017056
9017057
9017060
9017063
9017075
9017078
9017079
9017080
9017088
9017090
9017102
9017108
9017111
9017144
9017149
9017151
9017159
9017160
9017173
9017181
9017195
9017201
9017205
9017212
9017220
9017228
9017242
9017244
9017261
9017273
9017276
9017278
9017280
9017292
9017296
9017300
9017304
9017306
9017308
9017316
9017321
9017328
9017338
9017340
9017342
9017344
9017345
9017348
9017359
9017363
9017371
9017374
9017378
9017379
9017384
9017386
9017409
9017414
9017415
9017420
9017421
9017426
9017429
9017449
9017453
9017459
9017460
9017462
9017466
9017467
9017470
9017485
9017486
9017493
9017498
9017499
9017502
9017508
9017515
9017517
9017522
9017524
9017526
9017529
9017542
9017543
9017551
9017552
9017553
9017558
9017575
9017585
9017589
9017616
9017620
9017641
9017645
9017654
9017656
9017662
9017667
9017677
9017680
9017688
9017689
9017690
9017693
9017700
9017711
9017720
9017724
9017739
9017745
9017750
9017756
9017761
9017765
9017767
9017769
9017770
9017784
9017786
9017796
9017798
9017810
9017811
9017813
9017814
9017815
9017817
9017831
9017834
9017835
9017842
9017856
9017865
9017866
9017867
9017870
9017875
9017876
9017877
9017879
9017885
9017886
9017896
9017898
9017909
9017913
9017916
9017918
9017923
